game,agent_a,agent_b,winner,score_a,score_b,decision_time_a_seconds,decision_time_b_seconds,decisions_a,decisions_b,turns_a,turns_b,mode,pair
0,expectimax_d2,expectimax_d3,B,12,33,2.7667346,26.5035188,25,25,25,25,corrected_reduced_board_default_fixed_r2,expectimax_d2_expectimax_d3
1,expectimax_d2,expectimax_d3,A,33,20,2.5727109,23.1075117,25,25,25,25,corrected_reduced_board_default_fixed_r2,expectimax_d2_expectimax_d3
2,expectimax_d2,expectimax_d3,B,18,29,2.5842277,20.9304432,25,25,25,25,corrected_reduced_board_default_fixed_r2,expectimax_d2_expectimax_d3
0,expectimax_d2,greedy,B,13,30,2.7882476,0.2177102,25,25,25,25,corrected_reduced_board_default_fixed_r2,expectimax_d2_greedy
1,expectimax_d2,greedy,A,37,11,2.2731658,0.1756707,25,25,25,25,corrected_reduced_board_default_fixed_r2,expectimax_d2_greedy
2,expectimax_d2,greedy,B,20,27,2.7848967,0.2338557,25,25,25,25,corrected_reduced_board_default_fixed_r2,expectimax_d2_greedy
0,expectimax_d2,mcts,B,21,30,2.4703436,4.1508112,25,25,25,25,corrected_reduced_board_default_fixed_r2,expectimax_d2_mcts
1,expectimax_d2,mcts,A,27,26,2.5935864,4.0691467,25,25,25,25,corrected_reduced_board_default_fixed_r2,expectimax_d2_mcts
2,expectimax_d2,mcts,B,11,36,2.6922649,3.8982666,25,25,25,25,corrected_reduced_board_default_fixed_r2,expectimax_d2_mcts
0,expectimax_d2,random,A,46,4,2.1268017,8.71e-05,25,25,25,25,corrected_reduced_board_default_fixed_r2,expectimax_d2_random
1,expectimax_d2,random,A,45,2,2.5831327,9.92e-05,25,25,25,25,corrected_reduced_board_default_fixed_r2,expectimax_d2_random
2,expectimax_d2,random,A,34,5,3.0930398,8.83e-05,25,25,25,25,corrected_reduced_board_default_fixed_r2,expectimax_d2_random
0,expectimax_d2,rule,B,11,41,2.4557199,0.0996748,25,25,25,25,corrected_reduced_board_default_fixed_r2,expectimax_d2_rule
1,expectimax_d2,rule,B,21,31,2.7345703,0.105349,25,25,25,25,corrected_reduced_board_default_fixed_r2,expectimax_d2_rule
2,expectimax_d2,rule,B,16,34,2.5025123,0.1127684,25,25,25,25,corrected_reduced_board_default_fixed_r2,expectimax_d2_rule
0,expectimax_d3,expectimax_d2,B,13,32,24.6080505,2.8081342,25,25,25,25,corrected_reduced_board_default_fixed_r2,expectimax_d3_expectimax_d2
1,expectimax_d3,expectimax_d2,A,28,14,24.3877612,2.5801475,25,25,25,25,corrected_reduced_board_default_fixed_r2,expectimax_d3_expectimax_d2
2,expectimax_d3,expectimax_d2,A,25,22,21.0038343,2.3910545,25,25,25,25,corrected_reduced_board_default_fixed_r2,expectimax_d3_expectimax_d2
0,expectimax_d3,greedy,B,18,29,24.4300771,0.197609,25,25,25,25,corrected_reduced_board_default_fixed_r2,expectimax_d3_greedy
1,expectimax_d3,greedy,A,37,6,24.487565,0.2369481,25,25,25,25,corrected_reduced_board_default_fixed_r2,expectimax_d3_greedy
2,expectimax_d3,greedy,A,25,21,21.3594703,0.2071191,25,25,25,25,corrected_reduced_board_default_fixed_r2,expectimax_d3_greedy
0,expectimax_d3,mcts,B,16,32,20.6065689,3.9023276,25,25,25,25,corrected_reduced_board_default_fixed_r2,expectimax_d3_mcts
1,expectimax_d3,mcts,A,28,24,24.6862453,3.9948898,25,25,25,25,corrected_reduced_board_default_fixed_r2,expectimax_d3_mcts
2,expectimax_d3,mcts,A,27,23,20.8430961,3.8421674,25,25,25,25,corrected_reduced_board_default_fixed_r2,expectimax_d3_mcts
0,expectimax_d3,random,A,46,2,22.9973336,9.06e-05,25,25,25,25,corrected_reduced_board_default_fixed_r2,expectimax_d3_random
1,expectimax_d3,random,A,47,2,23.3693891,8.26e-05,25,25,25,25,corrected_reduced_board_default_fixed_r2,expectimax_d3_random
2,expectimax_d3,random,A,43,0,24.3629964,7.64e-05,25,25,25,25,corrected_reduced_board_default_fixed_r2,expectimax_d3_random
0,expectimax_d3,rule,B,9,42,22.7867341,0.1065419,25,25,25,25,corrected_reduced_board_default_fixed_r2,expectimax_d3_rule
1,expectimax_d3,rule,A,27,26,22.446959,0.1170819,25,25,25,25,corrected_reduced_board_default_fixed_r2,expectimax_d3_rule
2,expectimax_d3,rule,B,24,26,24.6940106,0.078929,25,25,25,25,corrected_reduced_board_default_fixed_r2,expectimax_d3_rule
0,greedy,expectimax_d2,B,6,40,0.2614166,3.4297699,25,25,25,25,corrected_reduced_board_default_fixed_r2,greedy_expectimax_d2
1,greedy,expectimax_d2,A,24,19,0.2904997,3.7665218,25,25,25,25,corrected_reduced_board_default_fixed_r2,greedy_expectimax_d2
2,greedy,expectimax_d2,B,20,26,0.415393,3.9481293,25,25,25,25,corrected_reduced_board_default_fixed_r2,greedy_expectimax_d2
0,greedy,expectimax_d3,B,15,31,0.2173566,35.87238,25,25,25,25,corrected_reduced_board_default_fixed_r2,greedy_expectimax_d3
1,greedy,expectimax_d3,B,24,26,0.2633619,32.1262149,25,25,25,25,corrected_reduced_board_default_fixed_r2,greedy_expectimax_d3
2,greedy,expectimax_d3,A,25,20,0.2376213,26.1781171,25,25,25,25,corrected_reduced_board_default_fixed_r2,greedy_expectimax_d3
0,greedy,mcts,B,19,32,0.2237549,4.6397794,25,25,25,25,corrected_reduced_board_default_fixed_r2,greedy_mcts
1,greedy,mcts,B,26,27,0.2852039,5.5900605,25,25,25,25,corrected_reduced_board_default_fixed_r2,greedy_mcts
2,greedy,mcts,B,21,29,0.3485264,6.0091835,25,25,25,25,corrected_reduced_board_default_fixed_r2,greedy_mcts
0,greedy,random,A,39,4,0.2063016,8.99e-05,25,25,25,25,corrected_reduced_board_default_fixed_r2,greedy_random
1,greedy,random,A,49,3,0.237171,9.49e-05,25,25,25,25,corrected_reduced_board_default_fixed_r2,greedy_random
2,greedy,random,A,34,5,0.260199,0.0001015,25,25,25,25,corrected_reduced_board_default_fixed_r2,greedy_random
0,greedy,rule,B,6,42,0.4010091,0.234944,25,25,25,25,corrected_reduced_board_default_fixed_r2,greedy_rule
1,greedy,rule,B,24,29,0.3024658,0.2213982,25,25,25,25,corrected_reduced_board_default_fixed_r2,greedy_rule
2,greedy,rule,B,18,34,0.202352,0.0981693,25,25,25,25,corrected_reduced_board_default_fixed_r2,greedy_rule
0,mcts,expectimax_d2,A,30,22,4.5643571,3.3756975,25,25,25,25,corrected_reduced_board_default_fixed_r2,mcts_expectimax_d2
1,mcts,expectimax_d2,A,35,14,4.8464885,2.8564089,25,25,25,25,corrected_reduced_board_default_fixed_r2,mcts_expectimax_d2
2,mcts,expectimax_d2,A,29,21,4.1564464,3.1468287,25,25,25,25,corrected_reduced_board_default_fixed_r2,mcts_expectimax_d2
0,mcts,expectimax_d3,B,19,34,4.9148979,26.0666916,25,25,25,25,corrected_reduced_board_default_fixed_r2,mcts_expectimax_d3
1,mcts,expectimax_d3,A,35,14,4.2489073,24.5944263,25,25,25,25,corrected_reduced_board_default_fixed_r2,mcts_expectimax_d3
2,mcts,expectimax_d3,A,39,15,3.9147537,18.2185175,25,25,25,25,corrected_reduced_board_default_fixed_r2,mcts_expectimax_d3
0,mcts,greedy,A,26,25,4.0565678,0.194185,25,25,25,25,corrected_reduced_board_default_fixed_r2,mcts_greedy
1,mcts,greedy,A,35,17,4.1711691,0.2335711,25,25,25,25,corrected_reduced_board_default_fixed_r2,mcts_greedy
2,mcts,greedy,A,35,14,4.0440745,0.2074211,25,25,25,25,corrected_reduced_board_default_fixed_r2,mcts_greedy
0,mcts,random,A,40,2,4.0682211,8.12e-05,25,25,25,25,corrected_reduced_board_default_fixed_r2,mcts_random
1,mcts,random,A,51,0,4.1656052,6.77e-05,25,25,25,25,corrected_reduced_board_default_fixed_r2,mcts_random
2,mcts,random,A,42,3,3.8771926,5.58e-05,25,25,25,25,corrected_reduced_board_default_fixed_r2,mcts_random
0,mcts,rule,A,30,20,4.1934805,0.0786513,25,25,25,25,corrected_reduced_board_default_fixed_r2,mcts_rule
1,mcts,rule,A,31,26,4.1029368,0.1179083,25,25,25,25,corrected_reduced_board_default_fixed_r2,mcts_rule
2,mcts,rule,A,29,27,4.2112721,0.0745506,25,25,25,25,corrected_reduced_board_default_fixed_r2,mcts_rule
0,random,expectimax_d2,B,3,41,9.74e-05,3.4578274,25,25,25,25,corrected_reduced_board_default_fixed_r2,random_expectimax_d2
1,random,expectimax_d2,B,5,46,0.0015209,4.3649409,25,25,25,25,corrected_reduced_board_default_fixed_r2,random_expectimax_d2
2,random,expectimax_d2,B,5,41,7.32e-05,2.9657001,25,25,25,25,corrected_reduced_board_default_fixed_r2,random_expectimax_d2
0,random,expectimax_d3,B,7,37,9.5e-05,26.2968,25,25,25,25,corrected_reduced_board_default_fixed_r2,random_expectimax_d3
1,random,expectimax_d3,B,2,49,0.0001012,33.7235438,25,25,25,25,corrected_reduced_board_default_fixed_r2,random_expectimax_d3
2,random,expectimax_d3,B,6,41,8.98e-05,27.3346695,25,25,25,25,corrected_reduced_board_default_fixed_r2,random_expectimax_d3
0,random,greedy,B,5,35,9.11e-05,0.275225,25,25,25,25,corrected_reduced_board_default_fixed_r2,random_greedy
1,random,greedy,B,4,48,9.12e-05,0.2094864,25,25,25,25,corrected_reduced_board_default_fixed_r2,random_greedy
2,random,greedy,B,9,35,7.9e-05,0.2811512,25,25,25,25,corrected_reduced_board_default_fixed_r2,random_greedy
0,random,mcts,B,2,44,6.09e-05,5.0183549,25,25,25,25,corrected_reduced_board_default_fixed_r2,random_mcts
1,random,mcts,B,1,47,6e-05,5.0757137,25,25,25,25,corrected_reduced_board_default_fixed_r2,random_mcts
2,random,mcts,B,6,38,7.98e-05,4.5580801,25,25,25,25,corrected_reduced_board_default_fixed_r2,random_mcts
0,random,rule,B,7,30,8.53e-05,0.1933543,24,24,25,25,corrected_reduced_board_default_fixed_r2,random_rule
1,random,rule,B,3,52,9.81e-05,0.1746714,25,25,25,25,corrected_reduced_board_default_fixed_r2,random_rule
2,random,rule,B,8,45,0.0001017,0.1736121,25,25,25,25,corrected_reduced_board_default_fixed_r2,random_rule
0,rule,expectimax_d2,B,25,28,0.2846161,7.4031019,25,25,25,25,corrected_reduced_board_default_fixed_r2,rule_expectimax_d2
1,rule,expectimax_d2,A,39,15,0.1583197,4.1097686,25,25,25,25,corrected_reduced_board_default_fixed_r2,rule_expectimax_d2
2,rule,expectimax_d2,A,39,15,0.223035,4.1925728,25,25,25,25,corrected_reduced_board_default_fixed_r2,rule_expectimax_d2
0,rule,expectimax_d3,A,28,25,0.1672185,31.0348092,25,25,25,25,corrected_reduced_board_default_fixed_r2,rule_expectimax_d3
1,rule,expectimax_d3,A,43,11,0.1212546,28.8940071,25,25,25,25,corrected_reduced_board_default_fixed_r2,rule_expectimax_d3
2,rule,expectimax_d3,A,42,12,0.1327644,22.8041405,25,25,25,25,corrected_reduced_board_default_fixed_r2,rule_expectimax_d3
0,rule,greedy,A,29,21,0.1817901,0.2558496,25,25,25,25,corrected_reduced_board_default_fixed_r2,rule_greedy
1,rule,greedy,A,47,10,0.2150521,0.512197,25,25,25,25,corrected_reduced_board_default_fixed_r2,rule_greedy
2,rule,greedy,A,42,12,0.1979784,0.3806023,25,25,25,25,corrected_reduced_board_default_fixed_r2,rule_greedy
0,rule,mcts,A,44,14,0.1059248,4.0319179,25,25,25,25,corrected_reduced_board_default_fixed_r2,rule_mcts
1,rule,mcts,A,34,24,0.1055821,4.6073731,25,25,25,25,corrected_reduced_board_default_fixed_r2,rule_mcts
2,rule,mcts,A,31,22,0.0888305,3.7005052,25,25,25,25,corrected_reduced_board_default_fixed_r2,rule_mcts
0,rule,random,A,45,6,0.1938504,0.0001186,25,25,25,25,corrected_reduced_board_default_fixed_r2,rule_random
1,rule,random,A,49,6,0.1608298,8.73e-05,25,25,25,25,corrected_reduced_board_default_fixed_r2,rule_random
2,rule,random,A,40,5,0.1879669,7.01e-05,24,24,25,25,corrected_reduced_board_default_fixed_r2,rule_random
0,expectimax_d2,expectimax_d3,B,3,13,0.789623,8.1259854,7,7,7,7,corrected_reduced_board_default_goal10_r2,expectimax_d2_expectimax_d3
1,expectimax_d2,expectimax_d3,A,12,8,0.8355995,8.6368602,9,8,9,8,corrected_reduced_board_default_goal10_r2,expectimax_d2_expectimax_d3
2,expectimax_d2,expectimax_d3,B,9,10,1.1585546,8.7974302,11,11,11,11,corrected_reduced_board_default_goal10_r2,expectimax_d2_expectimax_d3
0,expectimax_d2,greedy,B,6,11,0.9330355,0.059839,8,8,8,8,corrected_reduced_board_default_goal10_r2,expectimax_d2_greedy
1,expectimax_d2,greedy,A,10,3,0.5986134,0.0314655,8,7,8,7,corrected_reduced_board_default_goal10_r2,expectimax_d2_greedy
2,expectimax_d2,greedy,A,12,3,0.9366737,0.0690319,8,7,8,7,corrected_reduced_board_default_goal10_r2,expectimax_d2_greedy
0,expectimax_d2,mcts,A,12,7,0.8570453,1.2362212,9,8,9,8,corrected_reduced_board_default_goal10_r2,expectimax_d2_mcts
1,expectimax_d2,mcts,B,6,10,0.6359602,1.1506967,7,7,7,7,corrected_reduced_board_default_goal10_r2,expectimax_d2_mcts
2,expectimax_d2,mcts,A,10,6,0.6807191,1.1661394,8,7,8,7,corrected_reduced_board_default_goal10_r2,expectimax_d2_mcts
0,expectimax_d2,random,A,10,0,0.3441226,1.49e-05,5,4,5,4,corrected_reduced_board_default_goal10_r2,expectimax_d2_random
1,expectimax_d2,random,A,11,0,0.2884027,1.74e-05,6,5,6,5,corrected_reduced_board_default_goal10_r2,expectimax_d2_random
2,expectimax_d2,random,A,11,3,1.1592155,3.04e-05,9,8,9,8,corrected_reduced_board_default_goal10_r2,expectimax_d2_random
0,expectimax_d2,rule,B,0,10,0.5273604,0.0124817,5,5,5,5,corrected_reduced_board_default_goal10_r2,expectimax_d2_rule
1,expectimax_d2,rule,B,9,13,0.8802855,0.0290125,9,9,9,9,corrected_reduced_board_default_goal10_r2,expectimax_d2_rule
2,expectimax_d2,rule,A,12,4,0.6663601,0.0195502,8,7,8,7,corrected_reduced_board_default_goal10_r2,expectimax_d2_rule
0,expectimax_d3,expectimax_d2,B,6,11,9.1788327,0.9012027,8,8,8,8,corrected_reduced_board_default_goal10_r2,expectimax_d3_expectimax_d2
1,expectimax_d3,expectimax_d2,A,10,3,7.1060737,0.7225996,8,7,8,7,corrected_reduced_board_default_goal10_r2,expectimax_d3_expectimax_d2
2,expectimax_d3,expectimax_d2,A,12,3,9.1644375,0.9165961,8,7,8,7,corrected_reduced_board_default_goal10_r2,expectimax_d3_expectimax_d2
0,expectimax_d3,greedy,B,6,11,9.0090901,0.0601215,8,8,8,8,corrected_reduced_board_default_goal10_r2,expectimax_d3_greedy
1,expectimax_d3,greedy,A,10,3,6.8352492,0.0371517,8,7,8,7,corrected_reduced_board_default_goal10_r2,expectimax_d3_greedy
2,expectimax_d3,greedy,A,12,3,9.1704833,0.070291,8,7,8,7,corrected_reduced_board_default_goal10_r2,expectimax_d3_greedy
0,expectimax_d3,mcts,A,12,7,8.2179401,1.2337596,9,8,9,8,corrected_reduced_board_default_goal10_r2,expectimax_d3_mcts
1,expectimax_d3,mcts,B,6,10,8.0288846,1.1556154,7,7,7,7,corrected_reduced_board_default_goal10_r2,expectimax_d3_mcts
2,expectimax_d3,mcts,A,10,0,7.326361,1.1455609,7,6,7,6,corrected_reduced_board_default_goal10_r2,expectimax_d3_mcts
0,expectimax_d3,random,A,10,0,4.4399006,1.48e-05,5,4,5,4,corrected_reduced_board_default_goal10_r2,expectimax_d3_random
1,expectimax_d3,random,A,11,0,4.124957,1.8e-05,6,5,6,5,corrected_reduced_board_default_goal10_r2,expectimax_d3_random
2,expectimax_d3,random,A,13,0,5.8726501,2.12e-05,7,6,7,6,corrected_reduced_board_default_goal10_r2,expectimax_d3_random
0,expectimax_d3,rule,B,0,10,4.5034395,0.0118548,5,5,5,5,corrected_reduced_board_default_goal10_r2,expectimax_d3_rule
1,expectimax_d3,rule,A,12,9,6.8809329,0.0192598,9,8,9,8,corrected_reduced_board_default_goal10_r2,expectimax_d3_rule
2,expectimax_d3,rule,A,12,4,6.7954984,0.0201771,8,7,8,7,corrected_reduced_board_default_goal10_r2,expectimax_d3_rule
0,greedy,expectimax_d2,B,0,10,0.0417356,0.6950327,6,6,6,6,corrected_reduced_board_default_goal10_r2,greedy_expectimax_d2
1,greedy,expectimax_d2,A,10,8,0.1238508,1.2766195,12,11,12,11,corrected_reduced_board_default_goal10_r2,greedy_expectimax_d2
2,greedy,expectimax_d2,A,10,0,0.0801824,0.8964414,7,6,7,6,corrected_reduced_board_default_goal10_r2,greedy_expectimax_d2
0,greedy,expectimax_d3,B,3,13,0.0488674,8.0053103,7,7,7,7,corrected_reduced_board_default_goal10_r2,greedy_expectimax_d3
1,greedy,expectimax_d3,A,12,8,0.0556486,8.0469185,9,8,9,8,corrected_reduced_board_default_goal10_r2,greedy_expectimax_d3
2,greedy,expectimax_d3,A,10,0,0.0911892,6.511348,7,6,7,6,corrected_reduced_board_default_goal10_r2,greedy_expectimax_d3
0,greedy,mcts,A,12,7,0.0619326,1.2992081,9,8,9,8,corrected_reduced_board_default_goal10_r2,greedy_mcts
1,greedy,mcts,B,6,10,0.0453474,1.1292756,7,7,7,7,corrected_reduced_board_default_goal10_r2,greedy_mcts
2,greedy,mcts,A,10,1,0.0745098,0.9834283,7,6,7,6,corrected_reduced_board_default_goal10_r2,greedy_mcts
0,greedy,random,A,10,0,0.0263436,1.09e-05,5,4,5,4,corrected_reduced_board_default_goal10_r2,greedy_random
1,greedy,random,A,12,0,0.0115951,1.09e-05,5,4,5,4,corrected_reduced_board_default_goal10_r2,greedy_random
2,greedy,random,A,11,3,0.0703799,2.21e-05,8,7,8,7,corrected_reduced_board_default_goal10_r2,greedy_random
0,greedy,rule,B,0,10,0.0276022,0.0132612,5,5,5,5,corrected_reduced_board_default_goal10_r2,greedy_rule
1,greedy,rule,A,12,9,0.0426992,0.026957,9,8,9,8,corrected_reduced_board_default_goal10_r2,greedy_rule
2,greedy,rule,A,12,4,0.0733531,0.0162682,8,7,8,7,corrected_reduced_board_default_goal10_r2,greedy_rule
0,mcts,expectimax_d2,A,13,8,1.7190537,1.012659,9,8,9,8,corrected_reduced_board_default_goal10_r2,mcts_expectimax_d2
1,mcts,expectimax_d2,B,7,12,1.7596855,1.0533216,9,9,9,9,corrected_reduced_board_default_goal10_r2,mcts_expectimax_d2
2,mcts,expectimax_d2,A,10,0,0.8459623,0.4523817,5,4,5,4,corrected_reduced_board_default_goal10_r2,mcts_expectimax_d2
0,mcts,expectimax_d3,B,7,12,1.367469,8.9765319,8,8,8,8,corrected_reduced_board_default_goal10_r2,mcts_expectimax_d3
1,mcts,expectimax_d3,A,11,9,1.4027403,8.304981,9,8,9,8,corrected_reduced_board_default_goal10_r2,mcts_expectimax_d3
2,mcts,expectimax_d3,B,6,10,1.0672246,6.4008736,7,7,7,7,corrected_reduced_board_default_goal10_r2,mcts_expectimax_d3
0,mcts,greedy,B,7,12,1.7354331,0.0601363,8,8,8,8,corrected_reduced_board_default_goal10_r2,mcts_greedy
1,mcts,greedy,A,12,9,1.5556121,0.0441369,9,8,9,8,corrected_reduced_board_default_goal10_r2,mcts_greedy
2,mcts,greedy,B,6,10,1.509118,0.0786168,7,7,7,7,corrected_reduced_board_default_goal10_r2,mcts_greedy
0,mcts,random,A,10,1,1.3017824,2.38e-05,8,7,9,8,corrected_reduced_board_default_goal10_r2,mcts_random
1,mcts,random,A,10,0,1.2365743,2.06e-05,7,6,7,6,corrected_reduced_board_default_goal10_r2,mcts_random
2,mcts,random,A,10,1,1.3511273,2.62e-05,8,7,8,7,corrected_reduced_board_default_goal10_r2,mcts_random
0,mcts,rule,A,10,7,1.3824094,0.0082012,7,6,7,6,corrected_reduced_board_default_goal10_r2,mcts_rule
1,mcts,rule,B,9,10,1.3190532,0.0187351,7,7,7,7,corrected_reduced_board_default_goal10_r2,mcts_rule
2,mcts,rule,A,11,8,1.3574967,0.0241991,8,7,8,7,corrected_reduced_board_default_goal10_r2,mcts_rule
0,random,expectimax_d2,B,0,11,2.4e-05,0.5915927,8,8,8,8,corrected_reduced_board_default_goal10_r2,random_expectimax_d2
1,random,expectimax_d2,B,1,11,1.37e-05,0.3563265,5,5,5,5,corrected_reduced_board_default_goal10_r2,random_expectimax_d2
2,random,expectimax_d2,B,0,10,1.79e-05,0.5278802,7,7,7,7,corrected_reduced_board_default_goal10_r2,random_expectimax_d2
0,random,expectimax_d3,B,0,11,2.03e-05,5.858856,8,8,8,8,corrected_reduced_board_default_goal10_r2,random_expectimax_d3
1,random,expectimax_d3,B,1,10,9.3e-06,1.9547081,4,4,4,4,corrected_reduced_board_default_goal10_r2,random_expectimax_d3
2,random,expectimax_d3,B,0,12,2.11e-05,5.6766927,8,8,8,8,corrected_reduced_board_default_goal10_r2,random_expectimax_d3
0,random,greedy,B,1,11,1.55e-05,0.0301485,6,6,6,6,corrected_reduced_board_default_goal10_r2,random_greedy
1,random,greedy,B,1,11,1.25e-05,0.0183556,5,5,5,5,corrected_reduced_board_default_goal10_r2,random_greedy
2,random,greedy,B,0,11,1.95e-05,0.0391341,7,7,7,7,corrected_reduced_board_default_goal10_r2,random_greedy
0,random,mcts,B,0,12,1.51e-05,0.7738782,6,6,6,6,corrected_reduced_board_default_goal10_r2,random_mcts
1,random,mcts,B,0,10,1.36e-05,0.9486108,6,6,6,6,corrected_reduced_board_default_goal10_r2,random_mcts
2,random,mcts,B,3,10,2.12e-05,1.3209321,10,10,10,10,corrected_reduced_board_default_goal10_r2,random_mcts
0,random,rule,B,5,10,3.24e-05,0.0340296,10,10,11,11,corrected_reduced_board_default_goal10_r2,random_rule
1,random,rule,B,1,13,1.37e-05,0.0112743,6,6,6,6,corrected_reduced_board_default_goal10_r2,random_rule
2,random,rule,B,3,10,1.33e-05,0.0140923,6,6,6,6,corrected_reduced_board_default_goal10_r2,random_rule
0,rule,expectimax_d2,B,7,10,0.0252229,0.906883,7,7,7,7,corrected_reduced_board_default_goal10_r2,rule_expectimax_d2
1,rule,expectimax_d2,A,10,2,0.0048346,0.2382015,5,4,5,4,corrected_reduced_board_default_goal10_r2,rule_expectimax_d2
2,rule,expectimax_d2,A,10,0,0.008053,0.4217644,5,4,5,4,corrected_reduced_board_default_goal10_r2,rule_expectimax_d2
0,rule,expectimax_d3,B,7,10,0.0220564,6.9457269,7,7,7,7,corrected_reduced_board_default_goal10_r2,rule_expectimax_d3
1,rule,expectimax_d3,A,10,2,0.004361,3.017545,5,4,5,4,corrected_reduced_board_default_goal10_r2,rule_expectimax_d3
2,rule,expectimax_d3,A,10,0,0.0094093,4.3291002,5,4,5,4,corrected_reduced_board_default_goal10_r2,rule_expectimax_d3
0,rule,greedy,B,5,12,0.0217169,0.0371555,7,7,7,7,corrected_reduced_board_default_goal10_r2,rule_greedy
1,rule,greedy,A,13,0,0.0013999,0.0069099,4,3,4,3,corrected_reduced_board_default_goal10_r2,rule_greedy
2,rule,greedy,A,10,0,0.0082507,0.0210151,5,4,5,4,corrected_reduced_board_default_goal10_r2,rule_greedy
0,rule,mcts,A,11,2,0.0257108,1.0286847,7,6,8,7,corrected_reduced_board_default_goal10_r2,rule_mcts
1,rule,mcts,A,10,7,0.0194211,0.8559773,7,6,7,6,corrected_reduced_board_default_goal10_r2,rule_mcts
2,rule,mcts,A,10,5,0.0224225,1.0217334,8,7,8,7,corrected_reduced_board_default_goal10_r2,rule_mcts
0,rule,random,A,11,0,0.0192112,1.12e-05,5,4,5,4,corrected_reduced_board_default_goal10_r2,rule_random
1,rule,random,A,12,1,0.0013885,5.5e-06,4,3,4,3,corrected_reduced_board_default_goal10_r2,rule_random
2,rule,random,A,10,0,0.0083054,8.7e-06,5,4,5,4,corrected_reduced_board_default_goal10_r2,rule_random
0,expectimax_d2,expectimax_d3,B,15,40,3.2120408,29.0651586,28,28,28,28,corrected_reduced_board_default_goal40_r2,expectimax_d2_expectimax_d3
1,expectimax_d2,expectimax_d3,A,42,20,3.2689737,32.7062303,31,30,31,30,corrected_reduced_board_default_goal40_r2,expectimax_d2_expectimax_d3
2,expectimax_d2,expectimax_d3,B,27,40,4.3649712,38.1846602,36,36,36,36,corrected_reduced_board_default_goal40_r2,expectimax_d2_expectimax_d3
0,expectimax_d2,greedy,B,18,42,4.1155074,0.3341951,34,34,34,34,corrected_reduced_board_default_goal40_r2,expectimax_d2_greedy
1,expectimax_d2,greedy,A,41,11,2.3927507,0.2092468,28,27,28,27,corrected_reduced_board_default_goal40_r2,expectimax_d2_greedy
2,expectimax_d2,greedy,B,33,42,4.2756895,0.3868623,39,39,39,39,corrected_reduced_board_default_goal40_r2,expectimax_d2_greedy
0,expectimax_d2,mcts,A,42,38,4.1721543,7.4179883,43,42,43,42,corrected_reduced_board_default_goal40_r2,expectimax_d2_mcts
1,expectimax_d2,mcts,B,29,43,4.3026558,6.6177935,36,36,36,36,corrected_reduced_board_default_goal40_r2,expectimax_d2_mcts
2,expectimax_d2,mcts,B,15,43,3.2041892,5.2062974,30,30,30,30,corrected_reduced_board_default_goal40_r2,expectimax_d2_mcts
0,expectimax_d2,random,A,40,1,2.2620088,7.35e-05,22,21,22,21,corrected_reduced_board_default_goal40_r2,expectimax_d2_random
1,expectimax_d2,random,A,42,0,1.6849804,6.47e-05,20,19,20,19,corrected_reduced_board_default_goal40_r2,expectimax_d2_random
2,expectimax_d2,random,A,43,5,2.9619816,9.24e-05,28,27,28,27,corrected_reduced_board_default_goal40_r2,expectimax_d2_random
0,expectimax_d2,rule,B,9,40,2.32994,0.1341975,23,23,23,23,corrected_reduced_board_default_goal40_r2,expectimax_d2_rule
1,expectimax_d2,rule,B,24,40,3.5996523,0.146904,31,31,31,31,corrected_reduced_board_default_goal40_r2,expectimax_d2_rule
2,expectimax_d2,rule,B,16,40,2.8747776,0.1278809,28,28,28,28,corrected_reduced_board_default_goal40_r2,expectimax_d2_rule
0,expectimax_d3,expectimax_d2,B,20,40,36.4503751,4.2865962,32,32,32,32,corrected_reduced_board_default_goal40_r2,expectimax_d3_expectimax_d2
1,expectimax_d3,expectimax_d2,A,40,17,34.0514397,3.7025133,34,33,34,33,corrected_reduced_board_default_goal40_r2,expectimax_d3_expectimax_d2
2,expectimax_d3,expectimax_d2,A,42,39,37.1175782,4.2511057,42,41,42,41,corrected_reduced_board_default_goal40_r2,expectimax_d3_expectimax_d2
0,expectimax_d3,greedy,B,26,40,41.8812193,0.3210968,36,36,36,36,corrected_reduced_board_default_goal40_r2,expectimax_d3_greedy
1,expectimax_d3,greedy,A,40,6,27.3654535,0.2696771,28,27,28,27,corrected_reduced_board_default_goal40_r2,expectimax_d3_greedy
2,expectimax_d3,greedy,A,43,34,38.7289969,0.3643164,42,41,42,41,corrected_reduced_board_default_goal40_r2,expectimax_d3_greedy
0,expectimax_d3,mcts,B,26,41,27.1048376,5.5255637,32,32,32,32,corrected_reduced_board_default_goal40_r2,expectimax_d3_mcts
1,expectimax_d3,mcts,B,35,41,36.4661678,6.5393698,36,36,36,36,corrected_reduced_board_default_goal40_r2,expectimax_d3_mcts
2,expectimax_d3,mcts,A,40,25,29.640319,5.5083798,33,32,33,32,corrected_reduced_board_default_goal40_r2,expectimax_d3_mcts
0,expectimax_d3,random,A,42,2,21.7546625,8.47e-05,24,23,24,23,corrected_reduced_board_default_goal40_r2,expectimax_d3_random
1,expectimax_d3,random,A,42,1,20.8752991,7.51e-05,22,21,22,21,corrected_reduced_board_default_goal40_r2,expectimax_d3_random
2,expectimax_d3,random,A,40,0,22.3028271,6.56e-05,22,21,22,21,corrected_reduced_board_default_goal40_r2,expectimax_d3_random
0,expectimax_d3,rule,B,9,40,22.9837861,0.0942895,23,23,23,23,corrected_reduced_board_default_goal40_r2,expectimax_d3_rule
1,expectimax_d3,rule,B,33,42,38.6060526,0.1879537,35,35,35,35,corrected_reduced_board_default_goal40_r2,expectimax_d3_rule
2,expectimax_d3,rule,B,30,40,31.0853303,0.0963586,31,31,31,31,corrected_reduced_board_default_goal40_r2,expectimax_d3_rule
0,greedy,expectimax_d2,B,6,40,0.2796991,4.0448131,25,25,25,25,corrected_reduced_board_default_goal40_r2,greedy_expectimax_d2
1,greedy,expectimax_d2,A,40,35,0.5053372,5.712207,41,40,41,40,corrected_reduced_board_default_goal40_r2,greedy_expectimax_d2
2,greedy,expectimax_d2,B,24,40,0.4621917,4.8355298,33,33,33,33,corrected_reduced_board_default_goal40_r2,greedy_expectimax_d2
0,greedy,expectimax_d3,B,18,42,0.2689747,38.8383746,30,30,30,30,corrected_reduced_board_default_goal40_r2,greedy_expectimax_d3
1,greedy,expectimax_d3,B,38,40,0.4268344,42.6537406,39,39,39,39,corrected_reduced_board_default_goal40_r2,greedy_expectimax_d3
2,greedy,expectimax_d3,B,28,41,0.2861847,31.3310977,39,39,39,39,corrected_reduced_board_default_goal40_r2,greedy_expectimax_d3
0,greedy,mcts,B,24,40,0.2705437,6.3468291,32,32,32,32,corrected_reduced_board_default_goal40_r2,greedy_mcts
1,greedy,mcts,B,35,42,0.3972109,8.6003533,37,37,37,37,corrected_reduced_board_default_goal40_r2,greedy_mcts
2,greedy,mcts,B,32,40,0.3030033,6.0662586,32,32,32,32,corrected_reduced_board_default_goal40_r2,greedy_mcts
0,greedy,random,A,42,4,0.2982539,8.08e-05,26,25,26,25,corrected_reduced_board_default_goal40_r2,greedy_random
1,greedy,random,A,40,2,0.180899,5.78e-05,20,19,20,19,corrected_reduced_board_default_goal40_r2,greedy_random
2,greedy,random,A,40,5,0.3303044,0.0001197,28,27,28,27,corrected_reduced_board_default_goal40_r2,greedy_random
0,greedy,rule,B,6,40,0.4329491,0.2245815,23,23,23,23,corrected_reduced_board_default_goal40_r2,greedy_rule
1,greedy,rule,B,27,40,0.4156482,0.2443383,33,33,33,33,corrected_reduced_board_default_goal40_r2,greedy_rule
2,greedy,rule,B,24,40,0.3031293,0.1791915,31,31,31,31,corrected_reduced_board_default_goal40_r2,greedy_rule
0,mcts,expectimax_d2,A,40,32,6.5940572,4.8112293,36,35,36,35,corrected_reduced_board_default_goal40_r2,mcts_expectimax_d2
1,mcts,expectimax_d2,A,43,14,5.8583708,3.2499038,30,29,30,29,corrected_reduced_board_default_goal40_r2,mcts_expectimax_d2
2,mcts,expectimax_d2,A,40,19,5.2251799,3.3901172,29,28,29,28,corrected_reduced_board_default_goal40_r2,mcts_expectimax_d2
0,mcts,expectimax_d3,B,34,42,6.8076077,35.3904433,38,38,38,38,corrected_reduced_board_default_goal40_r2,mcts_expectimax_d3
1,mcts,expectimax_d3,A,43,14,5.4940978,27.7027301,30,29,30,29,corrected_reduced_board_default_goal40_r2,mcts_expectimax_d3
2,mcts,expectimax_d3,A,40,12,4.6970796,19.8041169,26,25,26,25,corrected_reduced_board_default_goal40_r2,mcts_expectimax_d3
0,mcts,greedy,B,37,41,6.6362276,0.2635472,38,38,38,38,corrected_reduced_board_default_goal40_r2,mcts_greedy
1,mcts,greedy,A,43,23,5.989409,0.2932496,36,35,36,35,corrected_reduced_board_default_goal40_r2,mcts_greedy
2,mcts,greedy,A,42,23,5.1942498,0.2351174,31,30,31,30,corrected_reduced_board_default_goal40_r2,mcts_greedy
0,mcts,random,A,41,7,5.5750995,7.33e-05,33,32,35,34,corrected_reduced_board_default_goal40_r2,mcts_random
1,mcts,random,A,42,0,3.6362377,4.68e-05,22,21,22,21,corrected_reduced_board_default_goal40_r2,mcts_random
2,mcts,random,A,42,3,4.3640241,6.63e-05,25,24,25,24,corrected_reduced_board_default_goal40_r2,mcts_random
0,mcts,rule,B,38,40,7.2699976,0.1440875,40,40,41,41,corrected_reduced_board_default_goal40_r2,mcts_rule
1,mcts,rule,A,40,31,6.1120333,0.1482594,32,31,32,31,corrected_reduced_board_default_goal40_r2,mcts_rule
2,mcts,rule,B,34,40,6.1589104,0.1188876,33,33,33,33,corrected_reduced_board_default_goal40_r2,mcts_rule
0,random,expectimax_d2,B,2,41,6.68e-05,2.233865,24,24,24,24,corrected_reduced_board_default_goal40_r2,random_expectimax_d2
1,random,expectimax_d2,B,2,40,6.25e-05,3.1094467,22,22,22,22,corrected_reduced_board_default_goal40_r2,random_expectimax_d2
2,random,expectimax_d2,B,5,41,7.48e-05,2.1156136,24,24,24,24,corrected_reduced_board_default_goal40_r2,random_expectimax_d2
0,random,expectimax_d3,B,7,41,0.0001054,22.3763949,26,26,26,26,corrected_reduced_board_default_goal40_r2,random_expectimax_d3
1,random,expectimax_d3,B,2,40,7.42e-05,33.9304836,22,22,22,22,corrected_reduced_board_default_goal40_r2,random_expectimax_d3
2,random,expectimax_d3,B,6,41,8.03e-05,28.2482387,25,25,25,25,corrected_reduced_board_default_goal40_r2,random_expectimax_d3
0,random,greedy,B,5,43,7.77e-05,0.2499655,27,27,27,27,corrected_reduced_board_default_goal40_r2,random_greedy
1,random,greedy,B,1,42,5.4e-05,0.1409361,21,21,21,21,corrected_reduced_board_default_goal40_r2,random_greedy
2,random,greedy,B,9,41,8.76e-05,0.238631,28,28,28,28,corrected_reduced_board_default_goal40_r2,random_greedy
0,random,mcts,B,1,40,6.59e-05,4.9472217,22,22,22,22,corrected_reduced_board_default_goal40_r2,random_mcts
1,random,mcts,B,1,41,0.0001421,4.4930759,21,21,21,21,corrected_reduced_board_default_goal40_r2,random_mcts
2,random,mcts,B,9,42,0.0001092,6.3420881,32,32,32,32,corrected_reduced_board_default_goal40_r2,random_mcts
0,random,rule,B,7,42,7.77e-05,0.0885253,27,27,28,28,corrected_reduced_board_default_goal40_r2,random_rule
1,random,rule,B,2,41,4.71e-05,0.0622023,19,19,19,19,corrected_reduced_board_default_goal40_r2,random_rule
2,random,rule,B,8,40,6.27e-05,0.0796082,23,23,23,23,corrected_reduced_board_default_goal40_r2,random_rule
0,rule,expectimax_d2,A,40,34,0.2038691,4.7441391,37,36,37,36,corrected_reduced_board_default_goal40_r2,rule_expectimax_d2
1,rule,expectimax_d2,A,40,15,0.1050959,2.6423996,26,25,26,25,corrected_reduced_board_default_goal40_r2,rule_expectimax_d2
2,rule,expectimax_d2,A,40,15,0.1357175,2.4897865,26,25,26,25,corrected_reduced_board_default_goal40_r2,rule_expectimax_d2
0,rule,expectimax_d3,A,40,31,0.2074235,37.5985922,37,36,37,36,corrected_reduced_board_default_goal40_r2,rule_expectimax_d3
1,rule,expectimax_d3,A,42,11,0.0894426,21.0430992,24,23,24,23,corrected_reduced_board_default_goal40_r2,rule_expectimax_d3
2,rule,expectimax_d3,A,40,12,0.103285,20.2729275,23,22,23,22,corrected_reduced_board_default_goal40_r2,rule_expectimax_d3
0,rule,greedy,A,40,24,0.1339635,0.2157717,33,32,33,32,corrected_reduced_board_default_goal40_r2,rule_greedy
1,rule,greedy,A,41,7,0.1101102,0.2159092,22,21,22,21,corrected_reduced_board_default_goal40_r2,rule_greedy
2,rule,greedy,A,40,12,0.1025418,0.190033,23,22,23,22,corrected_reduced_board_default_goal40_r2,rule_greedy
0,rule,mcts,A,43,11,0.1100149,3.9835045,24,23,24,23,corrected_reduced_board_default_goal40_r2,rule_mcts
1,rule,mcts,A,42,32,0.1518102,6.1122769,34,33,34,33,corrected_reduced_board_default_goal40_r2,rule_mcts
2,rule,mcts,A,40,24,0.1134121,5.2874732,32,31,32,31,corrected_reduced_board_default_goal40_r2,rule_mcts
0,rule,random,A,40,3,0.109884,8.22e-05,23,22,23,22,corrected_reduced_board_default_goal40_r2,rule_random
1,rule,random,A,43,6,0.1569593,9.08e-05,22,21,22,21,corrected_reduced_board_default_goal40_r2,rule_random
2,rule,random,A,40,5,0.1695308,8.63e-05,24,23,25,24,corrected_reduced_board_default_goal40_r2,rule_random
0,expectimax_d2,expectimax_d3,B,28,60,2.426112,21.0764538,24,24,25,25,corrected_reduced_board_bottleneck_7x7_fixed_r2,expectimax_d2_expectimax_d3
1,expectimax_d2,expectimax_d3,A,62,44,3.1227199,25.7805538,24,24,25,25,corrected_reduced_board_bottleneck_7x7_fixed_r2,expectimax_d2_expectimax_d3
2,expectimax_d2,expectimax_d3,A,55,46,2.6793736,22.0344599,25,25,25,25,corrected_reduced_board_bottleneck_7x7_fixed_r2,expectimax_d2_expectimax_d3
0,expectimax_d2,greedy,B,35,59,2.3181352,0.2372744,23,24,25,25,corrected_reduced_board_bottleneck_7x7_fixed_r2,expectimax_d2_greedy
1,expectimax_d2,greedy,draw,48,48,3.1271798,0.2494238,24,24,25,25,corrected_reduced_board_bottleneck_7x7_fixed_r2,expectimax_d2_greedy
2,expectimax_d2,greedy,A,57,45,2.778226,0.2479606,25,25,25,25,corrected_reduced_board_bottleneck_7x7_fixed_r2,expectimax_d2_greedy
0,expectimax_d2,mcts,B,32,50,2.065666,3.2887788,22,22,25,25,corrected_reduced_board_bottleneck_7x7_fixed_r2,expectimax_d2_mcts
1,expectimax_d2,mcts,A,52,48,2.2225602,3.4952523,23,23,25,25,corrected_reduced_board_bottleneck_7x7_fixed_r2,expectimax_d2_mcts
2,expectimax_d2,mcts,A,77,42,2.8780836,3.7457928,25,25,25,25,corrected_reduced_board_bottleneck_7x7_fixed_r2,expectimax_d2_mcts
0,expectimax_d2,random,A,57,7,1.5875612,6.31e-05,22,22,25,25,corrected_reduced_board_bottleneck_7x7_fixed_r2,expectimax_d2_random
1,expectimax_d2,random,A,87,3,1.6313102,6.46e-05,23,23,25,25,corrected_reduced_board_bottleneck_7x7_fixed_r2,expectimax_d2_random
2,expectimax_d2,random,A,77,8,1.4412777,7.84e-05,23,23,25,25,corrected_reduced_board_bottleneck_7x7_fixed_r2,expectimax_d2_random
0,expectimax_d2,rule,A,67,47,3.0033646,0.1795982,25,25,25,25,corrected_reduced_board_bottleneck_7x7_fixed_r2,expectimax_d2_rule
1,expectimax_d2,rule,A,70,35,2.3540722,0.1194944,24,24,25,25,corrected_reduced_board_bottleneck_7x7_fixed_r2,expectimax_d2_rule
2,expectimax_d2,rule,A,57,48,2.8784126,0.1291992,25,25,25,25,corrected_reduced_board_bottleneck_7x7_fixed_r2,expectimax_d2_rule
0,expectimax_d3,expectimax_d2,A,46,33,15.7634563,1.8387696,24,24,25,25,corrected_reduced_board_bottleneck_7x7_fixed_r2,expectimax_d3_expectimax_d2
1,expectimax_d3,expectimax_d2,draw,48,48,22.5074101,2.5712402,24,24,25,25,corrected_reduced_board_bottleneck_7x7_fixed_r2,expectimax_d3_expectimax_d2
2,expectimax_d3,expectimax_d2,B,30,60,21.0581191,2.6005574,25,25,25,25,corrected_reduced_board_bottleneck_7x7_fixed_r2,expectimax_d3_expectimax_d2
0,expectimax_d3,greedy,A,45,43,19.6878823,0.2233476,25,25,25,25,corrected_reduced_board_bottleneck_7x7_fixed_r2,expectimax_d3_greedy
1,expectimax_d3,greedy,draw,48,48,22.6557368,0.2317908,24,24,25,25,corrected_reduced_board_bottleneck_7x7_fixed_r2,expectimax_d3_greedy
2,expectimax_d3,greedy,B,34,70,22.4896868,0.1905518,24,24,25,25,corrected_reduced_board_bottleneck_7x7_fixed_r2,expectimax_d3_greedy
0,expectimax_d3,mcts,A,43,38,16.3220402,3.3523366,23,23,25,25,corrected_reduced_board_bottleneck_7x7_fixed_r2,expectimax_d3_mcts
1,expectimax_d3,mcts,B,47,59,20.0900921,3.5863502,24,24,25,25,corrected_reduced_board_bottleneck_7x7_fixed_r2,expectimax_d3_mcts
2,expectimax_d3,mcts,A,58,33,14.5319511,3.2831678,23,23,25,25,corrected_reduced_board_bottleneck_7x7_fixed_r2,expectimax_d3_mcts
0,expectimax_d3,random,A,96,6,17.4186431,7.99e-05,24,24,25,25,corrected_reduced_board_bottleneck_7x7_fixed_r2,expectimax_d3_random
1,expectimax_d3,random,A,88,5,13.6334694,6.42e-05,23,23,25,25,corrected_reduced_board_bottleneck_7x7_fixed_r2,expectimax_d3_random
2,expectimax_d3,random,A,76,14,19.9646251,8.34e-05,24,24,25,25,corrected_reduced_board_bottleneck_7x7_fixed_r2,expectimax_d3_random
0,expectimax_d3,rule,A,62,43,19.4893053,0.1235209,25,25,25,25,corrected_reduced_board_bottleneck_7x7_fixed_r2,expectimax_d3_rule
1,expectimax_d3,rule,A,70,28,23.9761995,0.1401898,24,24,25,25,corrected_reduced_board_bottleneck_7x7_fixed_r2,expectimax_d3_rule
2,expectimax_d3,rule,B,40,60,26.4069485,0.1654242,24,24,25,25,corrected_reduced_board_bottleneck_7x7_fixed_r2,expectimax_d3_rule
0,greedy,expectimax_d2,A,42,28,0.1804386,2.2376513,23,23,25,25,corrected_reduced_board_bottleneck_7x7_fixed_r2,greedy_expectimax_d2
1,greedy,expectimax_d2,B,36,70,0.2454164,2.8916563,24,24,25,25,corrected_reduced_board_bottleneck_7x7_fixed_r2,greedy_expectimax_d2
2,greedy,expectimax_d2,B,42,52,0.2327786,2.7563719,25,25,25,25,corrected_reduced_board_bottleneck_7x7_fixed_r2,greedy_expectimax_d2
0,greedy,expectimax_d3,B,36,54,0.2189385,21.2379267,24,24,25,25,corrected_reduced_board_bottleneck_7x7_fixed_r2,greedy_expectimax_d3
1,greedy,expectimax_d3,B,42,51,0.2370484,21.7128202,24,24,25,25,corrected_reduced_board_bottleneck_7x7_fixed_r2,greedy_expectimax_d3
2,greedy,expectimax_d3,B,50,51,0.2258232,20.490761,25,25,25,25,corrected_reduced_board_bottleneck_7x7_fixed_r2,greedy_expectimax_d3
0,greedy,mcts,B,36,56,0.2345104,3.4113836,23,23,25,25,corrected_reduced_board_bottleneck_7x7_fixed_r2,greedy_mcts
1,greedy,mcts,B,54,66,0.2460501,3.9986997,24,24,25,25,corrected_reduced_board_bottleneck_7x7_fixed_r2,greedy_mcts
2,greedy,mcts,A,54,33,0.1737471,3.7593613,25,25,25,25,corrected_reduced_board_bottleneck_7x7_fixed_r2,greedy_mcts
0,greedy,random,A,52,11,0.1217795,5.19e-05,23,23,25,25,corrected_reduced_board_bottleneck_7x7_fixed_r2,greedy_random
1,greedy,random,A,87,3,0.1160451,5.06e-05,23,23,25,25,corrected_reduced_board_bottleneck_7x7_fixed_r2,greedy_random
2,greedy,random,A,86,12,0.1452229,8.03e-05,24,24,25,25,corrected_reduced_board_bottleneck_7x7_fixed_r2,greedy_random
0,greedy,rule,B,44,65,0.2482432,0.1941848,25,25,25,25,corrected_reduced_board_bottleneck_7x7_fixed_r2,greedy_rule
1,greedy,rule,A,73,37,0.3174191,0.1954924,24,24,25,25,corrected_reduced_board_bottleneck_7x7_fixed_r2,greedy_rule
2,greedy,rule,A,63,57,0.200602,0.1436129,25,25,25,25,corrected_reduced_board_bottleneck_7x7_fixed_r2,greedy_rule
0,mcts,expectimax_d2,B,41,49,3.525024,2.1546321,24,24,25,25,corrected_reduced_board_bottleneck_7x7_fixed_r2,mcts_expectimax_d2
1,mcts,expectimax_d2,B,39,51,3.51287,2.354637,23,23,25,25,corrected_reduced_board_bottleneck_7x7_fixed_r2,mcts_expectimax_d2
2,mcts,expectimax_d2,A,62,30,3.8195591,2.6995532,25,25,25,25,corrected_reduced_board_bottleneck_7x7_fixed_r2,mcts_expectimax_d2
0,mcts,expectimax_d3,B,47,50,3.6904741,16.2330861,24,24,25,25,corrected_reduced_board_bottleneck_7x7_fixed_r2,mcts_expectimax_d3
1,mcts,expectimax_d3,B,39,51,4.1217598,20.6086521,24,24,25,25,corrected_reduced_board_bottleneck_7x7_fixed_r2,mcts_expectimax_d3
2,mcts,expectimax_d3,A,72,33,3.9368696,22.0647426,25,25,25,25,corrected_reduced_board_bottleneck_7x7_fixed_r2,mcts_expectimax_d3
0,mcts,greedy,A,64,43,3.4539527,0.2088707,24,24,25,25,corrected_reduced_board_bottleneck_7x7_fixed_r2,mcts_greedy
1,mcts,greedy,draw,46,46,3.5208324,0.2424695,23,23,25,25,corrected_reduced_board_bottleneck_7x7_fixed_r2,mcts_greedy
2,mcts,greedy,A,50,46,3.6639114,0.2657385,25,25,25,25,corrected_reduced_board_bottleneck_7x7_fixed_r2,mcts_greedy
0,mcts,random,A,63,10,3.1954276,6.74e-05,23,23,25,25,corrected_reduced_board_bottleneck_7x7_fixed_r2,mcts_random
1,mcts,random,A,54,18,3.2854591,5.11e-05,23,23,25,25,corrected_reduced_board_bottleneck_7x7_fixed_r2,mcts_random
2,mcts,random,A,42,21,3.3710115,4.56e-05,24,24,25,25,corrected_reduced_board_bottleneck_7x7_fixed_r2,mcts_random
0,mcts,rule,A,69,45,3.7138466,0.1378413,25,25,25,25,corrected_reduced_board_bottleneck_7x7_fixed_r2,mcts_rule
1,mcts,rule,A,80,37,3.7583263,0.1414404,24,24,25,25,corrected_reduced_board_bottleneck_7x7_fixed_r2,mcts_rule
2,mcts,rule,A,74,36,3.6414452,0.0940576,25,25,25,25,corrected_reduced_board_bottleneck_7x7_fixed_r2,mcts_rule
0,random,expectimax_d2,B,3,79,8.71e-05,1.9746755,23,23,25,25,corrected_reduced_board_bottleneck_7x7_fixed_r2,random_expectimax_d2
1,random,expectimax_d2,B,4,75,8.18e-05,1.7865653,23,23,25,25,corrected_reduced_board_bottleneck_7x7_fixed_r2,random_expectimax_d2
2,random,expectimax_d2,B,2,86,0.0001005,1.7734306,23,23,25,25,corrected_reduced_board_bottleneck_7x7_fixed_r2,random_expectimax_d2
0,random,expectimax_d3,B,6,94,6.25e-05,20.6834316,24,24,25,25,corrected_reduced_board_bottleneck_7x7_fixed_r2,random_expectimax_d3
1,random,expectimax_d3,B,3,78,6.32e-05,12.3352225,23,23,25,25,corrected_reduced_board_bottleneck_7x7_fixed_r2,random_expectimax_d3
2,random,expectimax_d3,B,6,63,8.33e-05,14.4871878,25,25,25,25,corrected_reduced_board_bottleneck_7x7_fixed_r2,random_expectimax_d3
0,random,greedy,B,9,87,8.31e-05,0.1755733,24,24,25,25,corrected_reduced_board_bottleneck_7x7_fixed_r2,random_greedy
1,random,greedy,B,6,80,7.92e-05,0.1092298,24,24,25,25,corrected_reduced_board_bottleneck_7x7_fixed_r2,random_greedy
2,random,greedy,B,17,78,8.01e-05,0.140425,24,24,25,25,corrected_reduced_board_bottleneck_7x7_fixed_r2,random_greedy
0,random,mcts,B,11,62,9.59e-05,3.5956354,24,24,25,25,corrected_reduced_board_bottleneck_7x7_fixed_r2,random_mcts
1,random,mcts,B,6,65,7.6e-05,3.5111327,22,22,25,25,corrected_reduced_board_bottleneck_7x7_fixed_r2,random_mcts
2,random,mcts,B,10,70,6.81e-05,3.4955749,23,23,25,25,corrected_reduced_board_bottleneck_7x7_fixed_r2,random_mcts
0,random,rule,B,18,87,6.96e-05,0.1514685,24,24,25,25,corrected_reduced_board_bottleneck_7x7_fixed_r2,random_rule
1,random,rule,B,3,63,6.61e-05,0.1050818,21,21,25,25,corrected_reduced_board_bottleneck_7x7_fixed_r2,random_rule
2,random,rule,B,12,69,8.34e-05,0.0964551,24,24,25,25,corrected_reduced_board_bottleneck_7x7_fixed_r2,random_rule
0,rule,expectimax_d2,B,38,81,0.181024,3.3300484,25,25,25,25,corrected_reduced_board_bottleneck_7x7_fixed_r2,rule_expectimax_d2
1,rule,expectimax_d2,B,55,57,0.1703269,2.6124096,25,25,25,25,corrected_reduced_board_bottleneck_7x7_fixed_r2,rule_expectimax_d2
2,rule,expectimax_d2,B,48,75,0.1429589,2.9744859,25,25,25,25,corrected_reduced_board_bottleneck_7x7_fixed_r2,rule_expectimax_d2
0,rule,expectimax_d3,B,52,56,0.1675323,24.1391823,25,25,25,25,corrected_reduced_board_bottleneck_7x7_fixed_r2,rule_expectimax_d3
1,rule,expectimax_d3,A,61,48,0.1436564,23.5765488,25,25,25,25,corrected_reduced_board_bottleneck_7x7_fixed_r2,rule_expectimax_d3
2,rule,expectimax_d3,A,65,62,0.1536582,22.1494093,25,25,25,25,corrected_reduced_board_bottleneck_7x7_fixed_r2,rule_expectimax_d3
0,rule,greedy,B,33,79,0.1977781,0.2502612,25,25,25,25,corrected_reduced_board_bottleneck_7x7_fixed_r2,rule_greedy
1,rule,greedy,B,45,84,0.2726799,0.3719114,24,24,25,25,corrected_reduced_board_bottleneck_7x7_fixed_r2,rule_greedy
2,rule,greedy,B,43,73,0.12966,0.1969941,24,24,25,25,corrected_reduced_board_bottleneck_7x7_fixed_r2,rule_greedy
0,rule,mcts,A,67,36,0.1309543,3.4785438,24,24,25,25,corrected_reduced_board_bottleneck_7x7_fixed_r2,rule_mcts
1,rule,mcts,B,32,85,0.1150719,3.9928132,25,25,25,25,corrected_reduced_board_bottleneck_7x7_fixed_r2,rule_mcts
2,rule,mcts,B,45,64,0.088366,3.5806907,24,24,25,25,corrected_reduced_board_bottleneck_7x7_fixed_r2,rule_mcts
0,rule,random,A,94,9,0.1441545,6.56e-05,24,24,25,25,corrected_reduced_board_bottleneck_7x7_fixed_r2,rule_random
1,rule,random,A,97,12,0.0971149,5.76e-05,25,25,25,25,corrected_reduced_board_bottleneck_7x7_fixed_r2,rule_random
2,rule,random,A,69,18,0.1031851,6.75e-05,24,24,25,25,corrected_reduced_board_bottleneck_7x7_fixed_r2,rule_random
0,expectimax_d2,expectimax_d3,B,6,12,0.8731158,8.7544505,9,9,10,10,corrected_reduced_board_bottleneck_7x7_goal10_r2,expectimax_d2_expectimax_d3
1,expectimax_d2,expectimax_d3,A,12,6,0.4564381,4.2703238,6,5,7,6,corrected_reduced_board_bottleneck_7x7_goal10_r2,expectimax_d2_expectimax_d3
2,expectimax_d2,expectimax_d3,A,15,3,0.7267571,4.9554231,8,7,8,7,corrected_reduced_board_bottleneck_7x7_goal10_r2,expectimax_d2_expectimax_d3
0,expectimax_d2,greedy,B,9,12,0.9494812,0.0924814,9,9,10,10,corrected_reduced_board_bottleneck_7x7_goal10_r2,expectimax_d2_greedy
1,expectimax_d2,greedy,A,12,6,0.4609367,0.0292615,6,5,7,6,corrected_reduced_board_bottleneck_7x7_goal10_r2,expectimax_d2_greedy
2,expectimax_d2,greedy,A,12,3,0.8027605,0.0687925,7,6,7,6,corrected_reduced_board_bottleneck_7x7_goal10_r2,expectimax_d2_greedy
0,expectimax_d2,mcts,B,6,12,0.9612206,1.4779604,10,10,12,12,corrected_reduced_board_bottleneck_7x7_goal10_r2,expectimax_d2_mcts
1,expectimax_d2,mcts,B,9,12,0.4214732,0.7937579,7,7,8,8,corrected_reduced_board_bottleneck_7x7_goal10_r2,expectimax_d2_mcts
2,expectimax_d2,mcts,B,4,12,0.4581363,0.989841,7,7,7,7,corrected_reduced_board_bottleneck_7x7_goal10_r2,expectimax_d2_mcts
0,expectimax_d2,random,A,12,0,0.6918237,2.99e-05,10,9,12,11,corrected_reduced_board_bottleneck_7x7_goal10_r2,expectimax_d2_random
1,expectimax_d2,random,A,12,0,0.4062014,1.63e-05,6,5,7,6,corrected_reduced_board_bottleneck_7x7_goal10_r2,expectimax_d2_random
2,expectimax_d2,random,A,10,0,0.4315246,1.81e-05,7,6,8,7,corrected_reduced_board_bottleneck_7x7_goal10_r2,expectimax_d2_random
0,expectimax_d2,rule,B,9,12,0.860205,0.0292372,6,6,6,6,corrected_reduced_board_bottleneck_7x7_goal10_r2,expectimax_d2_rule
1,expectimax_d2,rule,A,12,6,0.7518506,0.048602,7,6,8,7,corrected_reduced_board_bottleneck_7x7_goal10_r2,expectimax_d2_rule
2,expectimax_d2,rule,B,9,12,0.6885452,0.0070358,6,6,6,6,corrected_reduced_board_bottleneck_7x7_goal10_r2,expectimax_d2_rule
0,expectimax_d3,expectimax_d2,B,6,12,6.0322929,0.7939485,10,10,11,11,corrected_reduced_board_bottleneck_7x7_goal10_r2,expectimax_d3_expectimax_d2
1,expectimax_d3,expectimax_d2,A,12,6,4.0741689,0.4358206,6,5,7,6,corrected_reduced_board_bottleneck_7x7_goal10_r2,expectimax_d3_expectimax_d2
2,expectimax_d3,expectimax_d2,A,12,9,4.0585907,0.4429923,9,8,9,8,corrected_reduced_board_bottleneck_7x7_goal10_r2,expectimax_d3_expectimax_d2
0,expectimax_d3,greedy,B,6,12,6.261059,0.0433004,8,8,8,8,corrected_reduced_board_bottleneck_7x7_goal10_r2,expectimax_d3_greedy
1,expectimax_d3,greedy,A,12,6,4.050612,0.029412,6,5,7,6,corrected_reduced_board_bottleneck_7x7_goal10_r2,expectimax_d3_greedy
2,expectimax_d3,greedy,A,12,9,5.0732067,0.0922481,10,9,11,10,corrected_reduced_board_bottleneck_7x7_goal10_r2,expectimax_d3_greedy
0,expectimax_d3,mcts,B,6,12,6.2784032,1.4700317,10,10,12,12,corrected_reduced_board_bottleneck_7x7_goal10_r2,expectimax_d3_mcts
1,expectimax_d3,mcts,A,12,6,3.3679063,0.7315357,6,5,7,6,corrected_reduced_board_bottleneck_7x7_goal10_r2,expectimax_d3_mcts
2,expectimax_d3,mcts,B,9,10,4.0869971,1.0590377,8,8,9,9,corrected_reduced_board_bottleneck_7x7_goal10_r2,expectimax_d3_mcts
0,expectimax_d3,random,A,12,3,5.4120254,1.43e-05,6,5,7,6,corrected_reduced_board_bottleneck_7x7_goal10_r2,expectimax_d3_random
1,expectimax_d3,random,A,12,0,3.270652,1.58e-05,6,5,7,6,corrected_reduced_board_bottleneck_7x7_goal10_r2,expectimax_d3_random
2,expectimax_d3,random,A,16,9,4.3521958,2.69e-05,9,8,10,9,corrected_reduced_board_bottleneck_7x7_goal10_r2,expectimax_d3_random
0,expectimax_d3,rule,A,12,6,5.2571102,0.0220726,8,7,8,7,corrected_reduced_board_bottleneck_7x7_goal10_r2,expectimax_d3_rule
1,expectimax_d3,rule,A,12,6,4.375527,0.0284754,7,6,8,7,corrected_reduced_board_bottleneck_7x7_goal10_r2,expectimax_d3_rule
2,expectimax_d3,rule,A,12,6,5.2366203,0.0470853,8,7,9,8,corrected_reduced_board_bottleneck_7x7_goal10_r2,expectimax_d3_rule
0,greedy,expectimax_d2,B,6,12,0.0557258,0.9102627,9,9,10,10,corrected_reduced_board_bottleneck_7x7_goal10_r2,greedy_expectimax_d2
1,greedy,expectimax_d2,A,12,9,0.045144,0.519703,7,6,8,7,corrected_reduced_board_bottleneck_7x7_goal10_r2,greedy_expectimax_d2
2,greedy,expectimax_d2,B,3,12,0.0390395,0.4881806,7,7,7,7,corrected_reduced_board_bottleneck_7x7_goal10_r2,greedy_expectimax_d2
0,greedy,expectimax_d3,B,6,12,0.0573672,8.8646935,9,9,10,10,corrected_reduced_board_bottleneck_7x7_goal10_r2,greedy_expectimax_d3
1,greedy,expectimax_d3,A,12,9,0.0468965,4.6355748,7,6,8,7,corrected_reduced_board_bottleneck_7x7_goal10_r2,greedy_expectimax_d3
2,greedy,expectimax_d3,B,3,12,0.0404082,3.5607809,7,7,7,7,corrected_reduced_board_bottleneck_7x7_goal10_r2,greedy_expectimax_d3
0,greedy,mcts,B,6,12,0.1353951,1.5488954,10,10,12,12,corrected_reduced_board_bottleneck_7x7_goal10_r2,greedy_mcts
1,greedy,mcts,A,12,6,0.0316795,0.7229215,6,5,7,6,corrected_reduced_board_bottleneck_7x7_goal10_r2,greedy_mcts
2,greedy,mcts,B,6,12,0.0444818,1.0143038,7,7,7,7,corrected_reduced_board_bottleneck_7x7_goal10_r2,greedy_mcts
0,greedy,random,A,15,3,0.0772759,3.68e-05,12,11,13,12,corrected_reduced_board_bottleneck_7x7_goal10_r2,greedy_random
1,greedy,random,A,12,0,0.0430544,1.83e-05,6,5,7,6,corrected_reduced_board_bottleneck_7x7_goal10_r2,greedy_random
2,greedy,random,A,11,3,0.0375731,1.98e-05,7,6,7,6,corrected_reduced_board_bottleneck_7x7_goal10_r2,greedy_random
0,greedy,rule,B,9,12,0.0656967,0.0645505,8,8,8,8,corrected_reduced_board_bottleneck_7x7_goal10_r2,greedy_rule
1,greedy,rule,A,12,6,0.0665551,0.0289439,7,6,8,7,corrected_reduced_board_bottleneck_7x7_goal10_r2,greedy_rule
2,greedy,rule,A,15,6,0.0473342,0.0161675,7,6,7,6,corrected_reduced_board_bottleneck_7x7_goal10_r2,greedy_rule
0,mcts,expectimax_d2,B,9,12,1.1749184,0.9252362,8,8,9,9,corrected_reduced_board_bottleneck_7x7_goal10_r2,mcts_expectimax_d2
1,mcts,expectimax_d2,B,9,12,1.1053346,0.6382048,7,7,8,8,corrected_reduced_board_bottleneck_7x7_goal10_r2,mcts_expectimax_d2
2,mcts,expectimax_d2,A,12,9,1.2565911,0.5371681,9,8,10,9,corrected_reduced_board_bottleneck_7x7_goal10_r2,mcts_expectimax_d2
0,mcts,expectimax_d3,B,9,12,1.1092402,6.2334332,8,8,9,9,corrected_reduced_board_bottleneck_7x7_goal10_r2,mcts_expectimax_d3
1,mcts,expectimax_d3,B,9,12,1.0254047,5.9021936,7,7,8,8,corrected_reduced_board_bottleneck_7x7_goal10_r2,mcts_expectimax_d3
2,mcts,expectimax_d3,B,0,10,1.1081414,2.9196384,7,7,7,7,corrected_reduced_board_bottleneck_7x7_goal10_r2,mcts_expectimax_d3
0,mcts,greedy,B,9,12,1.1142089,0.0645919,8,8,9,9,corrected_reduced_board_bottleneck_7x7_goal10_r2,mcts_greedy
1,mcts,greedy,A,12,9,0.9608676,0.0438023,7,6,8,7,corrected_reduced_board_bottleneck_7x7_goal10_r2,mcts_greedy
2,mcts,greedy,A,13,9,1.2768449,0.0642807,9,8,10,9,corrected_reduced_board_bottleneck_7x7_goal10_r2,mcts_greedy
0,mcts,random,A,12,0,0.6024952,4.29e-05,5,4,6,5,corrected_reduced_board_bottleneck_7x7_goal10_r2,mcts_random
1,mcts,random,A,12,3,0.9288573,1.57e-05,6,5,7,6,corrected_reduced_board_bottleneck_7x7_goal10_r2,mcts_random
2,mcts,random,A,12,3,1.9302796,3.37e-05,13,12,15,14,corrected_reduced_board_bottleneck_7x7_goal10_r2,mcts_random
0,mcts,rule,A,15,6,0.8991076,0.019749,7,6,7,6,corrected_reduced_board_bottleneck_7x7_goal10_r2,mcts_rule
1,mcts,rule,A,12,9,1.0737376,0.0304322,7,6,8,7,corrected_reduced_board_bottleneck_7x7_goal10_r2,mcts_rule
2,mcts,rule,A,12,9,1.0280894,0.0184569,8,7,8,7,corrected_reduced_board_bottleneck_7x7_goal10_r2,mcts_rule
0,random,expectimax_d2,B,0,12,1.58e-05,0.5333898,6,6,7,7,corrected_reduced_board_bottleneck_7x7_goal10_r2,random_expectimax_d2
1,random,expectimax_d2,B,3,12,1.7e-05,0.2202361,6,6,7,7,corrected_reduced_board_bottleneck_7x7_goal10_r2,random_expectimax_d2
2,random,expectimax_d2,B,0,13,2.63e-05,0.8620722,8,8,9,9,corrected_reduced_board_bottleneck_7x7_goal10_r2,random_expectimax_d2
0,random,expectimax_d3,B,0,12,2e-05,6.1331365,6,6,7,7,corrected_reduced_board_bottleneck_7x7_goal10_r2,random_expectimax_d3
1,random,expectimax_d3,B,3,12,1.85e-05,2.3440284,6,6,7,7,corrected_reduced_board_bottleneck_7x7_goal10_r2,random_expectimax_d3
2,random,expectimax_d3,B,0,12,2.72e-05,3.027788,9,9,9,9,corrected_reduced_board_bottleneck_7x7_goal10_r2,random_expectimax_d3
0,random,greedy,B,0,12,1.53e-05,0.0411269,6,6,7,7,corrected_reduced_board_bottleneck_7x7_goal10_r2,random_greedy
1,random,greedy,B,3,12,1.29e-05,0.017315,6,6,7,7,corrected_reduced_board_bottleneck_7x7_goal10_r2,random_greedy
2,random,greedy,B,0,13,1.81e-05,0.0536043,8,8,9,9,corrected_reduced_board_bottleneck_7x7_goal10_r2,random_greedy
0,random,mcts,B,3,12,1.72e-05,0.9280826,7,7,8,8,corrected_reduced_board_bottleneck_7x7_goal10_r2,random_mcts
1,random,mcts,B,0,12,2.26e-05,1.1831424,8,8,10,10,corrected_reduced_board_bottleneck_7x7_goal10_r2,random_mcts
2,random,mcts,B,0,13,1.83e-05,1.0521328,8,8,9,9,corrected_reduced_board_bottleneck_7x7_goal10_r2,random_mcts
0,random,rule,B,9,12,1.61e-05,0.0230431,7,7,8,8,corrected_reduced_board_bottleneck_7x7_goal10_r2,random_rule
1,random,rule,B,0,15,1.18e-05,0.0131352,5,5,6,6,corrected_reduced_board_bottleneck_7x7_goal10_r2,random_rule
2,random,rule,B,6,12,1.78e-05,0.0165183,7,7,7,7,corrected_reduced_board_bottleneck_7x7_goal10_r2,random_rule
0,rule,expectimax_d2,B,9,12,0.0280787,0.6761845,8,8,8,8,corrected_reduced_board_bottleneck_7x7_goal10_r2,rule_expectimax_d2
1,rule,expectimax_d2,B,9,12,0.047986,0.7836958,7,7,7,7,corrected_reduced_board_bottleneck_7x7_goal10_r2,rule_expectimax_d2
2,rule,expectimax_d2,B,9,12,0.0114717,0.6373773,5,5,5,5,corrected_reduced_board_bottleneck_7x7_goal10_r2,rule_expectimax_d2
0,rule,expectimax_d3,B,9,12,0.0352195,5.4397721,8,8,8,8,corrected_reduced_board_bottleneck_7x7_goal10_r2,rule_expectimax_d3
1,rule,expectimax_d3,B,9,12,0.0428663,5.8957923,7,7,7,7,corrected_reduced_board_bottleneck_7x7_goal10_r2,rule_expectimax_d3
2,rule,expectimax_d3,B,6,12,0.0176831,4.4298855,5,5,5,5,corrected_reduced_board_bottleneck_7x7_goal10_r2,rule_expectimax_d3
0,rule,greedy,B,9,15,0.0243187,0.0387844,8,8,8,8,corrected_reduced_board_bottleneck_7x7_goal10_r2,rule_greedy
1,rule,greedy,B,3,12,0.0085934,0.0129804,5,5,5,5,corrected_reduced_board_bottleneck_7x7_goal10_r2,rule_greedy
2,rule,greedy,B,6,12,0.0168878,0.028448,5,5,5,5,corrected_reduced_board_bottleneck_7x7_goal10_r2,rule_greedy
0,rule,mcts,A,12,0,0.0282802,0.505156,5,4,6,5,corrected_reduced_board_bottleneck_7x7_goal10_r2,rule_mcts
1,rule,mcts,B,3,15,0.0084732,0.4608749,5,5,5,5,corrected_reduced_board_bottleneck_7x7_goal10_r2,rule_mcts
2,rule,mcts,A,12,6,0.0153971,0.8183258,6,5,6,5,corrected_reduced_board_bottleneck_7x7_goal10_r2,rule_mcts
0,rule,random,A,12,0,0.0257681,1.11e-05,5,4,6,5,corrected_reduced_board_bottleneck_7x7_goal10_r2,rule_random
1,rule,random,A,12,3,0.0147115,1.21e-05,7,6,7,6,corrected_reduced_board_bottleneck_7x7_goal10_r2,rule_random
2,rule,random,A,12,9,0.0282627,1.68e-05,7,6,7,6,corrected_reduced_board_bottleneck_7x7_goal10_r2,rule_random
0,expectimax_d2,expectimax_d3,B,24,42,1.9959874,17.9376306,20,20,21,21,corrected_reduced_board_bottleneck_7x7_goal40_r2,expectimax_d2_expectimax_d3
1,expectimax_d2,expectimax_d3,A,42,22,1.7618698,12.9671645,16,15,17,16,corrected_reduced_board_bottleneck_7x7_goal40_r2,expectimax_d2_expectimax_d3
2,expectimax_d2,expectimax_d3,A,40,24,1.7079887,13.1165474,18,17,18,17,corrected_reduced_board_bottleneck_7x7_goal40_r2,expectimax_d2_expectimax_d3
0,expectimax_d2,greedy,B,25,41,1.9489444,0.1961457,19,19,20,20,corrected_reduced_board_bottleneck_7x7_goal40_r2,expectimax_d2_greedy
1,expectimax_d2,greedy,A,42,18,1.9639527,0.161979,16,15,17,16,corrected_reduced_board_bottleneck_7x7_goal40_r2,expectimax_d2_greedy
2,expectimax_d2,greedy,A,42,24,1.6135927,0.1384226,18,17,18,17,corrected_reduced_board_bottleneck_7x7_goal40_r2,expectimax_d2_greedy
0,expectimax_d2,mcts,B,33,43,2.1335704,3.1240136,20,20,22,22,corrected_reduced_board_bottleneck_7x7_goal40_r2,expectimax_d2_mcts
1,expectimax_d2,mcts,A,41,27,1.7289939,2.5809172,16,15,17,16,corrected_reduced_board_bottleneck_7x7_goal40_r2,expectimax_d2_mcts
2,expectimax_d2,mcts,A,41,33,1.6852274,2.8537155,19,18,19,18,corrected_reduced_board_bottleneck_7x7_goal40_r2,expectimax_d2_mcts
0,expectimax_d2,random,A,43,4,1.2087769,5.53e-05,18,17,20,19,corrected_reduced_board_bottleneck_7x7_goal40_r2,expectimax_d2_random
1,expectimax_d2,random,A,42,2,0.7743761,4.1e-05,13,12,14,13,corrected_reduced_board_bottleneck_7x7_goal40_r2,expectimax_d2_random
2,expectimax_d2,random,A,40,2,0.7017211,4.63e-05,14,13,16,15,corrected_reduced_board_bottleneck_7x7_goal40_r2,expectimax_d2_random
0,expectimax_d2,rule,A,40,31,2.0442632,0.0980028,18,17,18,17,corrected_reduced_board_bottleneck_7x7_goal40_r2,expectimax_d2_rule
1,expectimax_d2,rule,A,40,12,1.4143089,0.066879,15,14,16,15,corrected_reduced_board_bottleneck_7x7_goal40_r2,expectimax_d2_rule
2,expectimax_d2,rule,A,42,39,2.1210614,0.0841702,19,18,19,18,corrected_reduced_board_bottleneck_7x7_goal40_r2,expectimax_d2_rule
0,expectimax_d3,expectimax_d2,A,43,28,16.8934946,2.2175515,23,22,24,23,corrected_reduced_board_bottleneck_7x7_goal40_r2,expectimax_d3_expectimax_d2
1,expectimax_d3,expectimax_d2,A,42,18,17.0566271,1.7046798,16,15,17,16,corrected_reduced_board_bottleneck_7x7_goal40_r2,expectimax_d3_expectimax_d2
2,expectimax_d3,expectimax_d2,B,27,42,16.4918442,1.875503,20,20,20,20,corrected_reduced_board_bottleneck_7x7_goal40_r2,expectimax_d3_expectimax_d2
0,expectimax_d3,greedy,A,42,38,20.9355561,0.2282157,24,23,24,23,corrected_reduced_board_bottleneck_7x7_goal40_r2,expectimax_d3_greedy
1,expectimax_d3,greedy,A,42,18,13.4548064,0.1430639,16,15,17,16,corrected_reduced_board_bottleneck_7x7_goal40_r2,expectimax_d3_greedy
2,expectimax_d3,greedy,B,15,41,14.1296474,0.1492851,16,16,17,17,corrected_reduced_board_bottleneck_7x7_goal40_r2,expectimax_d3_greedy
0,expectimax_d3,mcts,B,33,40,18.0114436,3.7851741,22,22,24,24,corrected_reduced_board_bottleneck_7x7_goal40_r2,expectimax_d3_mcts
1,expectimax_d3,mcts,A,42,32,18.2097058,3.1385459,18,17,19,18,corrected_reduced_board_bottleneck_7x7_goal40_r2,expectimax_d3_mcts
2,expectimax_d3,mcts,B,37,42,12.2795566,3.0162337,19,19,20,20,corrected_reduced_board_bottleneck_7x7_goal40_r2,expectimax_d3_mcts
0,expectimax_d3,random,A,40,3,9.1571974,4.07e-05,13,12,14,13,corrected_reduced_board_bottleneck_7x7_goal40_r2,expectimax_d3_random
1,expectimax_d3,random,A,42,2,6.1265352,3.83e-05,13,12,14,13,corrected_reduced_board_bottleneck_7x7_goal40_r2,expectimax_d3_random
2,expectimax_d3,random,A,42,12,10.945863,5.71e-05,16,15,17,16,corrected_reduced_board_bottleneck_7x7_goal40_r2,expectimax_d3_random
0,expectimax_d3,rule,A,45,35,18.1564832,0.1002885,21,20,21,20,corrected_reduced_board_bottleneck_7x7_goal40_r2,expectimax_d3_rule
1,expectimax_d3,rule,A,42,12,12.0577888,0.1095517,15,14,16,15,corrected_reduced_board_bottleneck_7x7_goal40_r2,expectimax_d3_rule
2,expectimax_d3,rule,B,27,40,13.9373642,0.1272401,17,17,18,18,corrected_reduced_board_bottleneck_7x7_goal40_r2,expectimax_d3_rule
0,greedy,expectimax_d2,A,42,28,0.1787593,2.1597478,23,22,24,23,corrected_reduced_board_bottleneck_7x7_goal40_r2,greedy_expectimax_d2
1,greedy,expectimax_d2,B,21,40,0.1446059,1.7673028,16,16,17,17,corrected_reduced_board_bottleneck_7x7_goal40_r2,greedy_expectimax_d2
2,greedy,expectimax_d2,B,39,42,0.1462032,1.906582,22,22,22,22,corrected_reduced_board_bottleneck_7x7_goal40_r2,greedy_expectimax_d2
0,greedy,expectimax_d3,B,30,42,0.1586426,18.2819956,21,21,22,22,corrected_reduced_board_bottleneck_7x7_goal40_r2,greedy_expectimax_d3
1,greedy,expectimax_d3,B,24,42,0.1696537,15.0847505,17,17,18,18,corrected_reduced_board_bottleneck_7x7_goal40_r2,greedy_expectimax_d3
2,greedy,expectimax_d3,A,42,30,0.1070091,13.7797392,19,18,19,18,corrected_reduced_board_bottleneck_7x7_goal40_r2,greedy_expectimax_d3
0,greedy,mcts,B,15,43,0.216389,2.8537593,18,18,20,20,corrected_reduced_board_bottleneck_7x7_goal40_r2,greedy_mcts
1,greedy,mcts,A,41,27,0.1277908,2.5403099,16,15,17,16,corrected_reduced_board_bottleneck_7x7_goal40_r2,greedy_mcts
2,greedy,mcts,A,42,27,0.118,3.1285743,21,20,21,20,corrected_reduced_board_bottleneck_7x7_goal40_r2,greedy_mcts
0,greedy,random,A,43,3,0.0915158,5.22e-05,20,19,22,21,corrected_reduced_board_bottleneck_7x7_goal40_r2,greedy_random
1,greedy,random,A,42,2,0.0584754,3.13e-05,13,12,14,13,corrected_reduced_board_bottleneck_7x7_goal40_r2,greedy_random
2,greedy,random,A,46,6,0.079282,3.66e-05,14,13,15,14,corrected_reduced_board_bottleneck_7x7_goal40_r2,greedy_random
0,greedy,rule,B,29,41,0.1807579,0.1282438,19,19,19,19,corrected_reduced_board_bottleneck_7x7_goal40_r2,greedy_rule
1,greedy,rule,A,40,9,0.0987687,0.0570736,13,12,14,13,corrected_reduced_board_bottleneck_7x7_goal40_r2,greedy_rule
2,greedy,rule,A,41,23,0.0770698,0.0419189,15,14,15,14,corrected_reduced_board_bottleneck_7x7_goal40_r2,greedy_rule
0,mcts,expectimax_d2,A,42,18,2.6893304,1.5929001,16,15,17,16,corrected_reduced_board_bottleneck_7x7_goal40_r2,mcts_expectimax_d2
1,mcts,expectimax_d2,A,45,27,3.4445973,1.9448345,19,18,21,20,corrected_reduced_board_bottleneck_7x7_goal40_r2,mcts_expectimax_d2
2,mcts,expectimax_d2,A,42,15,2.9561883,1.6513386,17,16,17,16,corrected_reduced_board_bottleneck_7x7_goal40_r2,mcts_expectimax_d2
0,mcts,expectimax_d3,B,37,40,3.2599153,15.1664089,19,19,20,20,corrected_reduced_board_bottleneck_7x7_goal40_r2,mcts_expectimax_d3
1,mcts,expectimax_d3,B,24,42,2.8809344,13.7376284,17,17,18,18,corrected_reduced_board_bottleneck_7x7_goal40_r2,mcts_expectimax_d3
2,mcts,expectimax_d3,A,45,24,2.9580812,13.2159932,19,18,19,18,corrected_reduced_board_bottleneck_7x7_goal40_r2,mcts_expectimax_d3
0,mcts,greedy,A,42,22,2.3515554,0.1001056,16,15,17,16,corrected_reduced_board_bottleneck_7x7_goal40_r2,mcts_greedy
1,mcts,greedy,A,41,32,3.0709513,0.17729,19,18,21,20,corrected_reduced_board_bottleneck_7x7_goal40_r2,mcts_greedy
2,mcts,greedy,A,42,15,2.8967865,0.2530338,18,17,18,17,corrected_reduced_board_bottleneck_7x7_goal40_r2,mcts_greedy
0,mcts,random,A,44,6,2.7125915,5.14e-05,18,17,19,18,corrected_reduced_board_bottleneck_7x7_goal40_r2,mcts_random
1,mcts,random,A,42,18,3.0029629,4.88e-05,20,19,21,20,corrected_reduced_board_bottleneck_7x7_goal40_r2,mcts_random
2,mcts,random,A,43,34,4.8069684,7.97e-05,31,30,34,33,corrected_reduced_board_bottleneck_7x7_goal40_r2,mcts_random
0,mcts,rule,A,42,34,3.2482015,0.1153429,19,18,19,18,corrected_reduced_board_bottleneck_7x7_goal40_r2,mcts_rule
1,mcts,rule,A,42,15,2.3499286,0.0818051,13,12,14,13,corrected_reduced_board_bottleneck_7x7_goal40_r2,mcts_rule
2,mcts,rule,A,41,16,2.9752909,0.0556095,16,15,16,15,corrected_reduced_board_bottleneck_7x7_goal40_r2,mcts_rule
0,random,expectimax_d2,B,3,42,4.42e-05,1.3724701,15,15,16,16,corrected_reduced_board_bottleneck_7x7_goal40_r2,random_expectimax_d2
1,random,expectimax_d2,B,3,42,4.92e-05,0.7687389,14,14,15,15,corrected_reduced_board_bottleneck_7x7_goal40_r2,random_expectimax_d2
2,random,expectimax_d2,B,0,40,4.49e-05,0.8635401,14,14,16,16,corrected_reduced_board_bottleneck_7x7_goal40_r2,random_expectimax_d2
0,random,expectimax_d3,B,3,42,5.08e-05,10.2824717,14,14,15,15,corrected_reduced_board_bottleneck_7x7_goal40_r2,random_expectimax_d3
1,random,expectimax_d3,B,3,42,5.28e-05,7.047145,14,14,15,15,corrected_reduced_board_bottleneck_7x7_goal40_r2,random_expectimax_d3
2,random,expectimax_d3,B,6,42,5.65e-05,12.9733382,21,21,21,21,corrected_reduced_board_bottleneck_7x7_goal40_r2,random_expectimax_d3
0,random,greedy,B,7,40,4.23e-05,0.102099,14,14,15,15,corrected_reduced_board_bottleneck_7x7_goal40_r2,random_greedy
1,random,greedy,B,3,42,3.85e-05,0.0705404,14,14,15,15,corrected_reduced_board_bottleneck_7x7_goal40_r2,random_greedy
2,random,greedy,B,1,41,3.96e-05,0.0814935,14,14,15,15,corrected_reduced_board_bottleneck_7x7_goal40_r2,random_greedy
0,random,mcts,B,3,45,3.55e-05,2.3548622,16,16,17,17,corrected_reduced_board_bottleneck_7x7_goal40_r2,random_mcts
1,random,mcts,B,3,43,3.77e-05,2.5809626,17,17,20,20,corrected_reduced_board_bottleneck_7x7_goal40_r2,random_mcts
2,random,mcts,B,3,43,4.09e-05,2.107445,15,15,16,16,corrected_reduced_board_bottleneck_7x7_goal40_r2,random_mcts
0,random,rule,B,15,46,4.02e-05,0.0806035,15,15,16,16,corrected_reduced_board_bottleneck_7x7_goal40_r2,random_rule
1,random,rule,B,0,41,2.89e-05,0.0548752,12,12,15,15,corrected_reduced_board_bottleneck_7x7_goal40_r2,random_rule
2,random,rule,B,6,42,3.9e-05,0.0504416,15,15,15,15,corrected_reduced_board_bottleneck_7x7_goal40_r2,random_rule
0,rule,expectimax_d2,B,25,45,0.1066438,1.7900139,17,17,17,17,corrected_reduced_board_bottleneck_7x7_goal40_r2,rule_expectimax_d2
1,rule,expectimax_d2,A,40,22,0.1178919,1.7565821,18,17,18,17,corrected_reduced_board_bottleneck_7x7_goal40_r2,rule_expectimax_d2
2,rule,expectimax_d2,B,33,40,0.0863049,2.1126233,17,17,17,17,corrected_reduced_board_bottleneck_7x7_goal40_r2,rule_expectimax_d2
0,rule,expectimax_d3,B,30,40,0.1034103,13.9695977,17,17,17,17,corrected_reduced_board_bottleneck_7x7_goal40_r2,rule_expectimax_d3
1,rule,expectimax_d3,A,40,22,0.114006,16.0662486,18,17,18,17,corrected_reduced_board_bottleneck_7x7_goal40_r2,rule_expectimax_d3
2,rule,expectimax_d3,B,20,40,0.0435353,7.5614969,13,13,13,13,corrected_reduced_board_bottleneck_7x7_goal40_r2,rule_expectimax_d3
0,rule,greedy,B,30,44,0.0835394,0.1369143,17,17,17,17,corrected_reduced_board_bottleneck_7x7_goal40_r2,rule_greedy
1,rule,greedy,B,23,42,0.0992517,0.1387074,14,14,15,15,corrected_reduced_board_bottleneck_7x7_goal40_r2,rule_greedy
2,rule,greedy,B,20,41,0.0420729,0.08252,13,13,13,13,corrected_reduced_board_bottleneck_7x7_goal40_r2,rule_greedy
0,rule,mcts,A,42,32,0.1109511,3.3335189,20,19,21,20,corrected_reduced_board_bottleneck_7x7_goal40_r2,rule_mcts
1,rule,mcts,B,14,41,0.0339526,1.8033425,12,12,12,12,corrected_reduced_board_bottleneck_7x7_goal40_r2,rule_mcts
2,rule,mcts,B,14,41,0.0356347,1.8109106,12,12,12,12,corrected_reduced_board_bottleneck_7x7_goal40_r2,rule_mcts
0,rule,random,A,40,3,0.0629082,2.52e-05,12,11,13,12,corrected_reduced_board_bottleneck_7x7_goal40_r2,rule_random
1,rule,random,A,42,9,0.0327251,2.85e-05,14,13,14,13,corrected_reduced_board_bottleneck_7x7_goal40_r2,rule_random
2,rule,random,A,42,15,0.0498554,3.03e-05,15,14,15,14,corrected_reduced_board_bottleneck_7x7_goal40_r2,rule_random
0,expectimax_d2,expectimax_d3,A,77,57,3.691342,30.0212985,25,25,25,25,corrected_reduced_board_inner_ring_center_7x7_fixed_r2,expectimax_d2_expectimax_d3
1,expectimax_d2,expectimax_d3,B,52,77,3.3513221,28.3446314,24,24,25,25,corrected_reduced_board_inner_ring_center_7x7_fixed_r2,expectimax_d2_expectimax_d3
2,expectimax_d2,expectimax_d3,A,85,46,4.573337,39.7072421,25,25,25,25,corrected_reduced_board_inner_ring_center_7x7_fixed_r2,expectimax_d2_expectimax_d3
0,expectimax_d2,greedy,B,59,67,4.1795569,0.3994358,25,25,25,25,corrected_reduced_board_inner_ring_center_7x7_fixed_r2,expectimax_d2_greedy
1,expectimax_d2,greedy,A,63,62,3.3100726,0.298007,24,24,25,25,corrected_reduced_board_inner_ring_center_7x7_fixed_r2,expectimax_d2_greedy
2,expectimax_d2,greedy,A,86,36,3.6105053,0.3543366,25,25,25,25,corrected_reduced_board_inner_ring_center_7x7_fixed_r2,expectimax_d2_greedy
0,expectimax_d2,mcts,A,72,50,3.8706594,3.9022279,24,24,25,25,corrected_reduced_board_inner_ring_center_7x7_fixed_r2,expectimax_d2_mcts
1,expectimax_d2,mcts,A,71,54,3.2569172,4.2171854,24,24,25,25,corrected_reduced_board_inner_ring_center_7x7_fixed_r2,expectimax_d2_mcts
2,expectimax_d2,mcts,A,73,61,3.1320264,4.2732259,25,25,25,25,corrected_reduced_board_inner_ring_center_7x7_fixed_r2,expectimax_d2_mcts
0,expectimax_d2,random,A,124,0,3.1096251,8.44e-05,25,25,25,25,corrected_reduced_board_inner_ring_center_7x7_fixed_r2,expectimax_d2_random
1,expectimax_d2,random,A,119,11,3.573721,8.39e-05,25,25,25,25,corrected_reduced_board_inner_ring_center_7x7_fixed_r2,expectimax_d2_random
2,expectimax_d2,random,A,109,6,3.0501164,8.92e-05,25,25,25,25,corrected_reduced_board_inner_ring_center_7x7_fixed_r2,expectimax_d2_random
0,expectimax_d2,rule,B,53,82,3.7952826,0.1240511,25,25,25,25,corrected_reduced_board_inner_ring_center_7x7_fixed_r2,expectimax_d2_rule
1,expectimax_d2,rule,B,55,74,3.1467792,0.1504164,24,24,25,25,corrected_reduced_board_inner_ring_center_7x7_fixed_r2,expectimax_d2_rule
2,expectimax_d2,rule,A,89,39,3.7436541,0.1105617,25,25,25,25,corrected_reduced_board_inner_ring_center_7x7_fixed_r2,expectimax_d2_rule
0,expectimax_d3,expectimax_d2,B,67,71,37.2463322,4.2721521,25,25,25,25,corrected_reduced_board_inner_ring_center_7x7_fixed_r2,expectimax_d3_expectimax_d2
1,expectimax_d3,expectimax_d2,A,63,62,30.8516716,3.0658857,24,24,25,25,corrected_reduced_board_inner_ring_center_7x7_fixed_r2,expectimax_d3_expectimax_d2
2,expectimax_d3,expectimax_d2,A,87,47,33.5381789,3.6674405,25,25,25,25,corrected_reduced_board_inner_ring_center_7x7_fixed_r2,expectimax_d3_expectimax_d2
0,expectimax_d3,greedy,B,44,82,34.6937691,0.3684669,25,25,25,25,corrected_reduced_board_inner_ring_center_7x7_fixed_r2,expectimax_d3_greedy
1,expectimax_d3,greedy,B,57,68,29.3831137,0.2767392,24,24,25,25,corrected_reduced_board_inner_ring_center_7x7_fixed_r2,expectimax_d3_greedy
2,expectimax_d3,greedy,A,87,44,35.385528,0.4064871,25,25,25,25,corrected_reduced_board_inner_ring_center_7x7_fixed_r2,expectimax_d3_greedy
0,expectimax_d3,mcts,B,68,70,33.3511551,4.2509186,25,25,25,25,corrected_reduced_board_inner_ring_center_7x7_fixed_r2,expectimax_d3_mcts
1,expectimax_d3,mcts,B,59,71,29.5550734,4.011856,25,25,25,25,corrected_reduced_board_inner_ring_center_7x7_fixed_r2,expectimax_d3_mcts
2,expectimax_d3,mcts,A,80,62,31.058382,4.4224695,25,25,25,25,corrected_reduced_board_inner_ring_center_7x7_fixed_r2,expectimax_d3_mcts
0,expectimax_d3,random,A,121,3,30.1750417,8.8e-05,25,25,25,25,corrected_reduced_board_inner_ring_center_7x7_fixed_r2,expectimax_d3_random
1,expectimax_d3,random,A,114,4,31.4471683,0.0001047,25,25,25,25,corrected_reduced_board_inner_ring_center_7x7_fixed_r2,expectimax_d3_random
2,expectimax_d3,random,A,113,7,21.3888009,7.97e-05,25,25,25,25,corrected_reduced_board_inner_ring_center_7x7_fixed_r2,expectimax_d3_random
0,expectimax_d3,rule,B,57,81,33.6610528,0.1346495,25,25,25,25,corrected_reduced_board_inner_ring_center_7x7_fixed_r2,expectimax_d3_rule
1,expectimax_d3,rule,A,75,50,32.8229695,0.1244909,24,24,25,25,corrected_reduced_board_inner_ring_center_7x7_fixed_r2,expectimax_d3_rule
2,expectimax_d3,rule,A,76,62,43.7782109,0.1267966,25,25,25,25,corrected_reduced_board_inner_ring_center_7x7_fixed_r2,expectimax_d3_rule
0,greedy,expectimax_d2,B,66,68,0.4093273,4.154677,25,25,25,25,corrected_reduced_board_inner_ring_center_7x7_fixed_r2,greedy_expectimax_d2
1,greedy,expectimax_d2,B,71,75,0.3908198,4.4482809,25,25,25,25,corrected_reduced_board_inner_ring_center_7x7_fixed_r2,greedy_expectimax_d2
2,greedy,expectimax_d2,A,86,36,0.2917072,3.0960013,25,25,25,25,corrected_reduced_board_inner_ring_center_7x7_fixed_r2,greedy_expectimax_d2
0,greedy,expectimax_d3,A,77,57,0.3746188,30.0348138,25,25,25,25,corrected_reduced_board_inner_ring_center_7x7_fixed_r2,greedy_expectimax_d3
1,greedy,expectimax_d3,B,36,110,0.34659,38.1083109,25,25,25,25,corrected_reduced_board_inner_ring_center_7x7_fixed_r2,greedy_expectimax_d3
2,greedy,expectimax_d3,A,92,39,0.3362943,35.6967085,25,25,25,25,corrected_reduced_board_inner_ring_center_7x7_fixed_r2,greedy_expectimax_d3
0,greedy,mcts,A,84,39,0.291807,3.8806838,24,24,25,25,corrected_reduced_board_inner_ring_center_7x7_fixed_r2,greedy_mcts
1,greedy,mcts,A,94,48,0.2502122,4.7554357,25,25,25,25,corrected_reduced_board_inner_ring_center_7x7_fixed_r2,greedy_mcts
2,greedy,mcts,A,72,32,0.2159143,3.9256953,23,23,25,25,corrected_reduced_board_inner_ring_center_7x7_fixed_r2,greedy_mcts
0,greedy,random,A,127,4,0.2961248,7.45e-05,25,25,25,25,corrected_reduced_board_inner_ring_center_7x7_fixed_r2,greedy_random
1,greedy,random,A,123,7,0.3129531,7.75e-05,25,25,25,25,corrected_reduced_board_inner_ring_center_7x7_fixed_r2,greedy_random
2,greedy,random,A,106,9,0.3046419,8.39e-05,25,25,25,25,corrected_reduced_board_inner_ring_center_7x7_fixed_r2,greedy_random
0,greedy,rule,B,58,77,0.4493102,0.1290843,25,25,25,25,corrected_reduced_board_inner_ring_center_7x7_fixed_r2,greedy_rule
1,greedy,rule,B,68,78,0.3570345,0.1143887,25,25,25,25,corrected_reduced_board_inner_ring_center_7x7_fixed_r2,greedy_rule
2,greedy,rule,A,85,47,0.3349702,0.1311313,25,25,25,25,corrected_reduced_board_inner_ring_center_7x7_fixed_r2,greedy_rule
0,mcts,expectimax_d2,B,39,83,4.3474508,3.7420199,24,24,25,25,corrected_reduced_board_inner_ring_center_7x7_fixed_r2,mcts_expectimax_d2
1,mcts,expectimax_d2,B,38,87,3.8289374,2.8541834,24,23,25,25,corrected_reduced_board_inner_ring_center_7x7_fixed_r2,mcts_expectimax_d2
2,mcts,expectimax_d2,draw,63,63,4.3013946,4.0947446,25,25,25,25,corrected_reduced_board_inner_ring_center_7x7_fixed_r2,mcts_expectimax_d2
0,mcts,expectimax_d3,B,34,91,4.1465347,25.7425885,24,24,25,25,corrected_reduced_board_inner_ring_center_7x7_fixed_r2,mcts_expectimax_d3
1,mcts,expectimax_d3,B,51,91,4.1186177,30.2004689,25,25,25,25,corrected_reduced_board_inner_ring_center_7x7_fixed_r2,mcts_expectimax_d3
2,mcts,expectimax_d3,draw,63,63,4.4047577,36.0150377,25,25,25,25,corrected_reduced_board_inner_ring_center_7x7_fixed_r2,mcts_expectimax_d3
0,mcts,greedy,B,39,86,4.0665954,0.2878717,24,24,25,25,corrected_reduced_board_inner_ring_center_7x7_fixed_r2,mcts_greedy
1,mcts,greedy,B,49,93,4.2619597,0.2972116,25,25,25,25,corrected_reduced_board_inner_ring_center_7x7_fixed_r2,mcts_greedy
2,mcts,greedy,A,71,55,4.5397861,0.3783846,25,25,25,25,corrected_reduced_board_inner_ring_center_7x7_fixed_r2,mcts_greedy
0,mcts,random,A,106,11,3.8040456,5.92e-05,24,24,25,25,corrected_reduced_board_inner_ring_center_7x7_fixed_r2,mcts_random
1,mcts,random,A,104,4,3.8501527,5.4e-05,25,25,25,25,corrected_reduced_board_inner_ring_center_7x7_fixed_r2,mcts_random
2,mcts,random,A,103,6,3.5783275,5.96e-05,24,24,25,25,corrected_reduced_board_inner_ring_center_7x7_fixed_r2,mcts_random
0,mcts,rule,B,31,94,4.9796805,0.1702078,24,24,25,25,corrected_reduced_board_inner_ring_center_7x7_fixed_r2,mcts_rule
1,mcts,rule,B,49,93,4.8112743,0.118031,25,25,25,25,corrected_reduced_board_inner_ring_center_7x7_fixed_r2,mcts_rule
2,mcts,rule,A,77,53,5.3082526,0.1337252,25,25,25,25,corrected_reduced_board_inner_ring_center_7x7_fixed_r2,mcts_rule
0,random,expectimax_d2,B,4,121,8.17e-05,2.34628,25,25,25,25,corrected_reduced_board_inner_ring_center_7x7_fixed_r2,random_expectimax_d2
1,random,expectimax_d2,B,19,90,6.86e-05,2.6554161,24,24,25,25,corrected_reduced_board_inner_ring_center_7x7_fixed_r2,random_expectimax_d2
2,random,expectimax_d2,B,4,122,8.31e-05,3.632493,25,25,25,25,corrected_reduced_board_inner_ring_center_7x7_fixed_r2,random_expectimax_d2
0,random,expectimax_d3,B,4,116,9.11e-05,28.8922997,25,25,25,25,corrected_reduced_board_inner_ring_center_7x7_fixed_r2,random_expectimax_d3
1,random,expectimax_d3,B,8,126,8.4e-05,37.0482876,25,25,25,25,corrected_reduced_board_inner_ring_center_7x7_fixed_r2,random_expectimax_d3
2,random,expectimax_d3,B,7,113,9e-05,27.5454874,25,25,25,25,corrected_reduced_board_inner_ring_center_7x7_fixed_r2,random_expectimax_d3
0,random,greedy,B,0,124,9.14e-05,0.2233991,25,25,25,25,corrected_reduced_board_inner_ring_center_7x7_fixed_r2,random_greedy
1,random,greedy,B,10,113,8.97e-05,0.1744834,25,25,25,25,corrected_reduced_board_inner_ring_center_7x7_fixed_r2,random_greedy
2,random,greedy,B,10,112,7.55e-05,0.2629696,25,25,25,25,corrected_reduced_board_inner_ring_center_7x7_fixed_r2,random_greedy
0,random,mcts,B,7,104,5.17e-05,3.8735263,22,24,25,25,corrected_reduced_board_inner_ring_center_7x7_fixed_r2,random_mcts
1,random,mcts,B,3,90,7.47e-05,4.0042044,23,23,25,25,corrected_reduced_board_inner_ring_center_7x7_fixed_r2,random_mcts
2,random,mcts,B,16,59,0.0001109,3.5156311,23,23,25,25,corrected_reduced_board_inner_ring_center_7x7_fixed_r2,random_mcts
0,random,rule,B,0,124,7.05e-05,0.1111157,25,25,25,25,corrected_reduced_board_inner_ring_center_7x7_fixed_r2,random_rule
1,random,rule,B,15,115,8.07e-05,0.0943073,25,25,25,25,corrected_reduced_board_inner_ring_center_7x7_fixed_r2,random_rule
2,random,rule,B,11,111,8.21e-05,0.1085699,25,25,25,25,corrected_reduced_board_inner_ring_center_7x7_fixed_r2,random_rule
0,rule,expectimax_d2,A,91,47,0.14536,4.5467705,25,25,25,25,corrected_reduced_board_inner_ring_center_7x7_fixed_r2,rule_expectimax_d2
1,rule,expectimax_d2,B,31,115,0.0799041,3.9628061,25,25,25,25,corrected_reduced_board_inner_ring_center_7x7_fixed_r2,rule_expectimax_d2
2,rule,expectimax_d2,B,64,74,0.1146571,3.9424498,25,25,25,25,corrected_reduced_board_inner_ring_center_7x7_fixed_r2,rule_expectimax_d2
0,rule,expectimax_d3,B,65,70,0.1400926,35.073965,25,25,25,25,corrected_reduced_board_inner_ring_center_7x7_fixed_r2,rule_expectimax_d3
1,rule,expectimax_d3,B,28,114,0.1015295,41.101164,25,25,25,25,corrected_reduced_board_inner_ring_center_7x7_fixed_r2,rule_expectimax_d3
2,rule,expectimax_d3,A,81,53,0.1547653,35.2319328,25,25,25,25,corrected_reduced_board_inner_ring_center_7x7_fixed_r2,rule_expectimax_d3
0,rule,greedy,A,67,63,0.1276508,0.5477857,25,25,25,25,corrected_reduced_board_inner_ring_center_7x7_fixed_r2,rule_greedy
1,rule,greedy,A,74,72,0.1292994,0.4935565,25,25,25,25,corrected_reduced_board_inner_ring_center_7x7_fixed_r2,rule_greedy
2,rule,greedy,B,60,78,0.1076214,0.3493784,25,25,25,25,corrected_reduced_board_inner_ring_center_7x7_fixed_r2,rule_greedy
0,rule,mcts,B,56,59,0.1059125,3.8552681,24,24,25,25,corrected_reduced_board_inner_ring_center_7x7_fixed_r2,rule_mcts
1,rule,mcts,A,68,66,0.0926115,4.320186,25,25,25,25,corrected_reduced_board_inner_ring_center_7x7_fixed_r2,rule_mcts
2,rule,mcts,A,100,34,0.1245033,4.3382306,25,25,25,25,corrected_reduced_board_inner_ring_center_7x7_fixed_r2,rule_mcts
0,rule,random,A,127,4,0.200843,9.2e-05,25,25,25,25,corrected_reduced_board_inner_ring_center_7x7_fixed_r2,rule_random
1,rule,random,A,119,4,0.1412392,7.17e-05,25,25,25,25,corrected_reduced_board_inner_ring_center_7x7_fixed_r2,rule_random
2,rule,random,A,112,7,0.1634968,7.74e-05,25,25,25,25,corrected_reduced_board_inner_ring_center_7x7_fixed_r2,rule_random
0,expectimax_d2,expectimax_d3,A,12,0,0.4845011,2.3290156,3,2,3,2,corrected_reduced_board_inner_ring_center_7x7_goal10_r2,expectimax_d2_expectimax_d3
1,expectimax_d2,expectimax_d3,B,4,12,0.1647505,1.7044707,3,3,3,3,corrected_reduced_board_inner_ring_center_7x7_goal10_r2,expectimax_d2_expectimax_d3
2,expectimax_d2,expectimax_d3,A,15,7,0.5285903,3.148468,5,4,5,4,corrected_reduced_board_inner_ring_center_7x7_goal10_r2,expectimax_d2_expectimax_d3
0,expectimax_d2,greedy,A,12,0,0.4860714,0.0545517,3,2,3,2,corrected_reduced_board_inner_ring_center_7x7_goal10_r2,expectimax_d2_greedy
1,expectimax_d2,greedy,B,4,12,0.1660477,0.010429,3,3,3,3,corrected_reduced_board_inner_ring_center_7x7_goal10_r2,expectimax_d2_greedy
2,expectimax_d2,greedy,A,10,4,0.8441957,0.0573933,6,5,6,5,corrected_reduced_board_inner_ring_center_7x7_goal10_r2,expectimax_d2_greedy
0,expectimax_d2,mcts,A,12,0,0.4826261,0.2481503,3,2,3,2,corrected_reduced_board_inner_ring_center_7x7_goal10_r2,expectimax_d2_mcts
1,expectimax_d2,mcts,B,4,11,0.1276424,0.1698253,2,2,2,2,corrected_reduced_board_inner_ring_center_7x7_goal10_r2,expectimax_d2_mcts
2,expectimax_d2,mcts,B,4,11,0.3932148,0.5104188,4,4,4,4,corrected_reduced_board_inner_ring_center_7x7_goal10_r2,expectimax_d2_mcts
0,expectimax_d2,random,A,12,0,0.5522113,9.7e-06,3,2,3,2,corrected_reduced_board_inner_ring_center_7x7_goal10_r2,expectimax_d2_random
1,expectimax_d2,random,A,11,0,0.084509,6.1e-06,2,1,2,1,corrected_reduced_board_inner_ring_center_7x7_goal10_r2,expectimax_d2_random
2,expectimax_d2,random,A,14,0,0.4876983,1.42e-05,5,4,5,4,corrected_reduced_board_inner_ring_center_7x7_goal10_r2,expectimax_d2_random
0,expectimax_d2,rule,A,12,0,0.6139529,0.0143615,3,2,3,2,corrected_reduced_board_inner_ring_center_7x7_goal10_r2,expectimax_d2_rule
1,expectimax_d2,rule,B,4,12,0.1632776,0.0045723,3,3,3,3,corrected_reduced_board_inner_ring_center_7x7_goal10_r2,expectimax_d2_rule
2,expectimax_d2,rule,A,12,7,0.6725772,0.0121684,5,4,5,4,corrected_reduced_board_inner_ring_center_7x7_goal10_r2,expectimax_d2_rule
0,expectimax_d3,expectimax_d2,A,12,0,3.1577482,0.4268849,3,2,3,2,corrected_reduced_board_inner_ring_center_7x7_goal10_r2,expectimax_d3_expectimax_d2
1,expectimax_d3,expectimax_d2,B,8,12,2.5572679,0.2385523,4,4,5,5,corrected_reduced_board_inner_ring_center_7x7_goal10_r2,expectimax_d3_expectimax_d2
2,expectimax_d3,expectimax_d2,B,7,12,3.1879834,0.3658909,4,4,4,4,corrected_reduced_board_inner_ring_center_7x7_goal10_r2,expectimax_d3_expectimax_d2
0,expectimax_d3,greedy,A,12,0,3.2684526,0.0525129,3,2,3,2,corrected_reduced_board_inner_ring_center_7x7_goal10_r2,expectimax_d3_greedy
1,expectimax_d3,greedy,B,8,12,2.813931,0.0276518,4,4,5,5,corrected_reduced_board_inner_ring_center_7x7_goal10_r2,expectimax_d3_greedy
2,expectimax_d3,greedy,B,7,12,3.2413836,0.0608379,4,4,4,4,corrected_reduced_board_inner_ring_center_7x7_goal10_r2,expectimax_d3_greedy
0,expectimax_d3,mcts,A,12,0,3.2531285,0.2469513,3,2,3,2,corrected_reduced_board_inner_ring_center_7x7_goal10_r2,expectimax_d3_mcts
1,expectimax_d3,mcts,A,10,8,2.7854087,0.3714801,4,3,4,3,corrected_reduced_board_inner_ring_center_7x7_goal10_r2,expectimax_d3_mcts
2,expectimax_d3,mcts,A,10,8,3.3866527,0.5034058,5,4,5,4,corrected_reduced_board_inner_ring_center_7x7_goal10_r2,expectimax_d3_mcts
0,expectimax_d3,random,A,12,0,3.3161975,8.1e-06,3,2,3,2,corrected_reduced_board_inner_ring_center_7x7_goal10_r2,expectimax_d3_random
1,expectimax_d3,random,A,13,0,4.3323817,1.46e-05,5,4,5,4,corrected_reduced_board_inner_ring_center_7x7_goal10_r2,expectimax_d3_random
2,expectimax_d3,random,A,12,0,3.9005379,1.14e-05,4,3,4,3,corrected_reduced_board_inner_ring_center_7x7_goal10_r2,expectimax_d3_random
0,expectimax_d3,rule,A,12,0,3.9091527,0.0126969,3,2,3,2,corrected_reduced_board_inner_ring_center_7x7_goal10_r2,expectimax_d3_rule
1,expectimax_d3,rule,B,8,12,2.5720055,0.0121714,4,4,5,5,corrected_reduced_board_inner_ring_center_7x7_goal10_r2,expectimax_d3_rule
2,expectimax_d3,rule,B,8,11,4.2057258,0.0107427,4,4,4,4,corrected_reduced_board_inner_ring_center_7x7_goal10_r2,expectimax_d3_rule
0,greedy,expectimax_d2,A,12,0,0.0625871,0.4172686,3,2,3,2,corrected_reduced_board_inner_ring_center_7x7_goal10_r2,greedy_expectimax_d2
1,greedy,expectimax_d2,B,4,11,0.0121117,0.1888731,2,2,2,2,corrected_reduced_board_inner_ring_center_7x7_goal10_r2,greedy_expectimax_d2
2,greedy,expectimax_d2,A,10,4,0.0686845,0.6450283,6,5,6,5,corrected_reduced_board_inner_ring_center_7x7_goal10_r2,greedy_expectimax_d2
0,greedy,expectimax_d3,A,12,0,0.0617009,2.3251341,3,2,3,2,corrected_reduced_board_inner_ring_center_7x7_goal10_r2,greedy_expectimax_d3
1,greedy,expectimax_d3,B,4,11,0.0111681,1.4134452,2,2,2,2,corrected_reduced_board_inner_ring_center_7x7_goal10_r2,greedy_expectimax_d3
2,greedy,expectimax_d3,A,15,7,0.0588115,3.1178283,5,4,5,4,corrected_reduced_board_inner_ring_center_7x7_goal10_r2,greedy_expectimax_d3
0,greedy,mcts,A,12,0,0.0628254,0.2490584,3,2,3,2,corrected_reduced_board_inner_ring_center_7x7_goal10_r2,greedy_mcts
1,greedy,mcts,B,4,11,0.0119972,0.1616248,2,2,2,2,corrected_reduced_board_inner_ring_center_7x7_goal10_r2,greedy_mcts
2,greedy,mcts,B,7,11,0.0519509,0.5732548,5,5,5,5,corrected_reduced_board_inner_ring_center_7x7_goal10_r2,greedy_mcts
0,greedy,random,A,12,0,0.0634645,8.6e-06,3,2,3,2,corrected_reduced_board_inner_ring_center_7x7_goal10_r2,greedy_random
1,greedy,random,A,11,0,0.0069785,3.7e-06,2,1,2,1,corrected_reduced_board_inner_ring_center_7x7_goal10_r2,greedy_random
2,greedy,random,A,14,0,0.0384705,1.32e-05,5,4,5,4,corrected_reduced_board_inner_ring_center_7x7_goal10_r2,greedy_random
0,greedy,rule,A,12,0,0.0822473,0.0127429,3,2,3,2,corrected_reduced_board_inner_ring_center_7x7_goal10_r2,greedy_rule
1,greedy,rule,B,4,11,0.0111678,0.0026581,2,2,2,2,corrected_reduced_board_inner_ring_center_7x7_goal10_r2,greedy_rule
2,greedy,rule,A,12,7,0.0574262,0.0120881,5,4,5,4,corrected_reduced_board_inner_ring_center_7x7_goal10_r2,greedy_rule
0,mcts,expectimax_d2,A,12,0,0.3571358,0.4169103,3,2,3,2,corrected_reduced_board_inner_ring_center_7x7_goal10_r2,mcts_expectimax_d2
1,mcts,expectimax_d2,B,4,12,0.38494,0.244414,3,3,3,3,corrected_reduced_board_inner_ring_center_7x7_goal10_r2,mcts_expectimax_d2
2,mcts,expectimax_d2,A,11,4,0.7827009,0.7267567,5,4,5,4,corrected_reduced_board_inner_ring_center_7x7_goal10_r2,mcts_expectimax_d2
0,mcts,expectimax_d3,A,12,0,0.4740132,2.9363767,3,2,3,2,corrected_reduced_board_inner_ring_center_7x7_goal10_r2,mcts_expectimax_d3
1,mcts,expectimax_d3,B,4,12,0.3745974,1.8732997,3,3,3,3,corrected_reduced_board_inner_ring_center_7x7_goal10_r2,mcts_expectimax_d3
2,mcts,expectimax_d3,B,8,10,0.8387755,5.4479295,6,6,6,6,corrected_reduced_board_inner_ring_center_7x7_goal10_r2,mcts_expectimax_d3
0,mcts,greedy,A,12,0,0.3626586,0.0529615,3,2,3,2,corrected_reduced_board_inner_ring_center_7x7_goal10_r2,mcts_greedy
1,mcts,greedy,B,4,12,0.3288346,0.0097721,3,3,3,3,corrected_reduced_board_inner_ring_center_7x7_goal10_r2,mcts_greedy
2,mcts,greedy,A,11,4,0.6653013,0.0798375,5,4,5,4,corrected_reduced_board_inner_ring_center_7x7_goal10_r2,mcts_greedy
0,mcts,random,A,12,0,0.3781412,6.7e-06,3,2,3,2,corrected_reduced_board_inner_ring_center_7x7_goal10_r2,mcts_random
1,mcts,random,A,11,0,0.1599225,3e-06,2,1,2,1,corrected_reduced_board_inner_ring_center_7x7_goal10_r2,mcts_random
2,mcts,random,A,12,0,0.6604849,1.25e-05,5,4,5,4,corrected_reduced_board_inner_ring_center_7x7_goal10_r2,mcts_random
0,mcts,rule,A,12,0,0.4918138,0.0180958,3,2,3,2,corrected_reduced_board_inner_ring_center_7x7_goal10_r2,mcts_rule
1,mcts,rule,B,4,12,0.4113261,0.0080365,3,3,3,3,corrected_reduced_board_inner_ring_center_7x7_goal10_r2,mcts_rule
2,mcts,rule,B,4,11,0.7249477,0.0128365,4,4,4,4,corrected_reduced_board_inner_ring_center_7x7_goal10_r2,mcts_rule
0,random,expectimax_d2,B,0,12,8.2e-06,0.4177273,3,3,3,3,corrected_reduced_board_inner_ring_center_7x7_goal10_r2,random_expectimax_d2
1,random,expectimax_d2,A,11,8,1.21e-05,0.296575,5,4,5,4,corrected_reduced_board_inner_ring_center_7x7_goal10_r2,random_expectimax_d2
2,random,expectimax_d2,B,0,11,1.03e-05,0.3826354,4,4,4,4,corrected_reduced_board_inner_ring_center_7x7_goal10_r2,random_expectimax_d2
0,random,expectimax_d3,B,0,12,7.6e-06,2.9634778,3,3,3,3,corrected_reduced_board_inner_ring_center_7x7_goal10_r2,random_expectimax_d3
1,random,expectimax_d3,B,0,11,7.6e-06,1.9765297,3,3,3,3,corrected_reduced_board_inner_ring_center_7x7_goal10_r2,random_expectimax_d3
2,random,expectimax_d3,B,0,11,9.5e-06,2.99247,4,4,4,4,corrected_reduced_board_inner_ring_center_7x7_goal10_r2,random_expectimax_d3
0,random,greedy,B,0,12,1.07e-05,0.0467315,3,3,3,3,corrected_reduced_board_inner_ring_center_7x7_goal10_r2,random_greedy
1,random,greedy,B,7,12,1.03e-05,0.0250475,5,5,5,5,corrected_reduced_board_inner_ring_center_7x7_goal10_r2,random_greedy
2,random,greedy,B,0,11,9.3e-06,0.0480778,4,4,4,4,corrected_reduced_board_inner_ring_center_7x7_goal10_r2,random_greedy
0,random,mcts,B,4,11,1.72e-05,1.1891234,8,8,9,9,corrected_reduced_board_inner_ring_center_7x7_goal10_r2,random_mcts
1,random,mcts,B,7,12,1.01e-05,0.3815426,4,4,4,4,corrected_reduced_board_inner_ring_center_7x7_goal10_r2,random_mcts
2,random,mcts,B,4,11,1.57e-05,0.7557558,6,6,6,6,corrected_reduced_board_inner_ring_center_7x7_goal10_r2,random_mcts
0,random,rule,B,0,12,7.5e-06,0.0161502,3,3,3,3,corrected_reduced_board_inner_ring_center_7x7_goal10_r2,random_rule
1,random,rule,B,7,11,7.2e-06,0.0040793,4,4,4,4,corrected_reduced_board_inner_ring_center_7x7_goal10_r2,random_rule
2,random,rule,B,0,12,8.3e-06,0.0112984,4,4,4,4,corrected_reduced_board_inner_ring_center_7x7_goal10_r2,random_rule
0,rule,expectimax_d2,A,12,0,0.0205985,0.4202957,3,2,3,2,corrected_reduced_board_inner_ring_center_7x7_goal10_r2,rule_expectimax_d2
1,rule,expectimax_d2,B,4,11,0.0037243,0.1781552,2,2,2,2,corrected_reduced_board_inner_ring_center_7x7_goal10_r2,rule_expectimax_d2
2,rule,expectimax_d2,B,4,11,0.0111235,0.362945,3,3,3,3,corrected_reduced_board_inner_ring_center_7x7_goal10_r2,rule_expectimax_d2
0,rule,expectimax_d3,A,12,0,0.0211137,2.3894951,3,2,3,2,corrected_reduced_board_inner_ring_center_7x7_goal10_r2,rule_expectimax_d3
1,rule,expectimax_d3,B,4,11,0.0040223,1.419603,2,2,2,2,corrected_reduced_board_inner_ring_center_7x7_goal10_r2,rule_expectimax_d3
2,rule,expectimax_d3,B,4,11,0.0114285,2.320062,3,3,3,3,corrected_reduced_board_inner_ring_center_7x7_goal10_r2,rule_expectimax_d3
0,rule,greedy,A,12,0,0.0208344,0.0568812,3,2,3,2,corrected_reduced_board_inner_ring_center_7x7_goal10_r2,rule_greedy
1,rule,greedy,B,4,11,0.0037635,0.0091718,2,2,2,2,corrected_reduced_board_inner_ring_center_7x7_goal10_r2,rule_greedy
2,rule,greedy,B,4,11,0.0120265,0.0453264,3,3,3,3,corrected_reduced_board_inner_ring_center_7x7_goal10_r2,rule_greedy
0,rule,mcts,A,12,0,0.0215774,0.2536054,3,2,3,2,corrected_reduced_board_inner_ring_center_7x7_goal10_r2,rule_mcts
1,rule,mcts,B,4,11,0.0044768,0.166145,2,2,2,2,corrected_reduced_board_inner_ring_center_7x7_goal10_r2,rule_mcts
2,rule,mcts,B,4,11,0.0112708,0.3716539,3,3,3,3,corrected_reduced_board_inner_ring_center_7x7_goal10_r2,rule_mcts
0,rule,random,A,12,0,0.0235248,8.6e-06,3,2,3,2,corrected_reduced_board_inner_ring_center_7x7_goal10_r2,rule_random
1,rule,random,A,11,0,0.0026891,6.8e-06,2,1,2,1,corrected_reduced_board_inner_ring_center_7x7_goal10_r2,rule_random
2,rule,random,A,12,3,0.0223535,5.63e-05,4,3,4,3,corrected_reduced_board_inner_ring_center_7x7_goal10_r2,rule_random
0,expectimax_d2,expectimax_d3,B,34,41,2.6393435,17.9260151,14,14,14,14,corrected_reduced_board_inner_ring_center_7x7_goal40_r2,expectimax_d2_expectimax_d3
1,expectimax_d2,expectimax_d3,B,7,43,1.2533806,9.9558722,10,10,11,11,corrected_reduced_board_inner_ring_center_7x7_goal40_r2,expectimax_d2_expectimax_d3
2,expectimax_d2,expectimax_d3,A,41,26,2.5132742,21.7282199,13,12,13,12,corrected_reduced_board_inner_ring_center_7x7_goal40_r2,expectimax_d2_expectimax_d3
0,expectimax_d2,greedy,B,21,42,1.9878939,0.1901754,14,14,14,14,corrected_reduced_board_inner_ring_center_7x7_goal40_r2,expectimax_d2_greedy
1,expectimax_d2,greedy,B,7,43,1.1827304,0.0918384,10,10,11,11,corrected_reduced_board_inner_ring_center_7x7_goal40_r2,expectimax_d2_greedy
2,expectimax_d2,greedy,A,44,30,2.2549428,0.2252734,16,15,16,15,corrected_reduced_board_inner_ring_center_7x7_goal40_r2,expectimax_d2_greedy
0,expectimax_d2,mcts,A,41,4,1.4529272,1.3994676,9,8,9,8,corrected_reduced_board_inner_ring_center_7x7_goal40_r2,expectimax_d2_mcts
1,expectimax_d2,mcts,A,42,16,1.6324369,2.3250618,12,11,13,12,corrected_reduced_board_inner_ring_center_7x7_goal40_r2,expectimax_d2_mcts
2,expectimax_d2,mcts,A,40,15,1.5443416,2.3296249,12,11,12,11,corrected_reduced_board_inner_ring_center_7x7_goal40_r2,expectimax_d2_mcts
0,expectimax_d2,random,A,44,0,0.9383834,2.3e-05,8,7,8,7,corrected_reduced_board_inner_ring_center_7x7_goal40_r2,expectimax_d2_random
1,expectimax_d2,random,A,41,7,1.1876688,2.86e-05,9,8,9,8,corrected_reduced_board_inner_ring_center_7x7_goal40_r2,expectimax_d2_random
2,expectimax_d2,random,A,40,0,1.1670893,3.22e-05,10,9,10,9,corrected_reduced_board_inner_ring_center_7x7_goal40_r2,expectimax_d2_random
0,expectimax_d2,rule,B,35,40,2.472852,0.0676574,14,14,14,14,corrected_reduced_board_inner_ring_center_7x7_goal40_r2,expectimax_d2_rule
1,expectimax_d2,rule,B,7,43,1.2064026,0.062588,10,10,11,11,corrected_reduced_board_inner_ring_center_7x7_goal40_r2,expectimax_d2_rule
2,expectimax_d2,rule,A,41,26,2.2677835,0.0747504,13,12,13,12,corrected_reduced_board_inner_ring_center_7x7_goal40_r2,expectimax_d2_rule
0,expectimax_d3,expectimax_d2,B,37,45,25.9432654,3.2233969,15,15,15,15,corrected_reduced_board_inner_ring_center_7x7_goal40_r2,expectimax_d3_expectimax_d2
1,expectimax_d3,expectimax_d2,B,27,43,22.1374114,2.1443416,14,14,15,15,corrected_reduced_board_inner_ring_center_7x7_goal40_r2,expectimax_d3_expectimax_d2
2,expectimax_d3,expectimax_d2,A,41,38,16.895434,2.0545717,15,14,15,14,corrected_reduced_board_inner_ring_center_7x7_goal40_r2,expectimax_d3_expectimax_d2
0,expectimax_d3,greedy,B,21,42,17.0741238,0.1873432,14,14,14,14,corrected_reduced_board_inner_ring_center_7x7_goal40_r2,expectimax_d3_greedy
1,expectimax_d3,greedy,B,27,43,18.4337076,0.21644,14,14,15,15,corrected_reduced_board_inner_ring_center_7x7_goal40_r2,expectimax_d3_greedy
2,expectimax_d3,greedy,A,40,35,15.1448112,0.2460914,14,13,14,13,corrected_reduced_board_inner_ring_center_7x7_goal40_r2,expectimax_d3_greedy
0,expectimax_d3,mcts,A,44,4,11.1672144,1.3170767,9,8,9,8,corrected_reduced_board_inner_ring_center_7x7_goal40_r2,expectimax_d3_mcts
1,expectimax_d3,mcts,B,25,45,15.9099256,2.5543548,14,14,14,14,corrected_reduced_board_inner_ring_center_7x7_goal40_r2,expectimax_d3_mcts
2,expectimax_d3,mcts,A,44,38,15.5657678,2.5708785,15,14,15,14,corrected_reduced_board_inner_ring_center_7x7_goal40_r2,expectimax_d3_mcts
0,expectimax_d3,random,A,41,3,9.4088377,2.37e-05,8,7,8,7,corrected_reduced_board_inner_ring_center_7x7_goal40_r2,expectimax_d3_random
1,expectimax_d3,random,A,43,0,15.0415877,3.61e-05,11,10,11,10,corrected_reduced_board_inner_ring_center_7x7_goal40_r2,expectimax_d3_random
2,expectimax_d3,random,A,42,7,9.4379496,3.28e-05,11,10,11,10,corrected_reduced_board_inner_ring_center_7x7_goal40_r2,expectimax_d3_random
0,expectimax_d3,rule,B,39,43,21.2898398,0.0752552,15,15,15,15,corrected_reduced_board_inner_ring_center_7x7_goal40_r2,expectimax_d3_rule
1,expectimax_d3,rule,B,27,43,18.1591369,0.095451,14,14,15,15,corrected_reduced_board_inner_ring_center_7x7_goal40_r2,expectimax_d3_rule
2,expectimax_d3,rule,A,45,37,23.006504,0.0798323,15,14,15,14,corrected_reduced_board_inner_ring_center_7x7_goal40_r2,expectimax_d3_rule
0,greedy,expectimax_d2,B,25,42,0.2595711,2.5514089,13,13,13,13,corrected_reduced_board_inner_ring_center_7x7_goal40_r2,greedy_expectimax_d2
1,greedy,expectimax_d2,A,42,21,0.1667702,1.9337429,11,10,11,10,corrected_reduced_board_inner_ring_center_7x7_goal40_r2,greedy_expectimax_d2
2,greedy,expectimax_d2,A,40,27,0.1889967,1.6066894,15,14,15,14,corrected_reduced_board_inner_ring_center_7x7_goal40_r2,greedy_expectimax_d2
0,greedy,expectimax_d3,B,34,41,0.2498822,16.8947452,14,14,14,14,corrected_reduced_board_inner_ring_center_7x7_goal40_r2,greedy_expectimax_d3
1,greedy,expectimax_d3,B,7,41,0.1183726,12.229235,8,8,8,8,corrected_reduced_board_inner_ring_center_7x7_goal40_r2,greedy_expectimax_d3
2,greedy,expectimax_d3,A,41,26,0.2005472,19.2495238,13,12,13,12,corrected_reduced_board_inner_ring_center_7x7_goal40_r2,greedy_expectimax_d3
0,greedy,mcts,A,41,4,0.1127153,1.3104175,9,8,9,8,corrected_reduced_board_inner_ring_center_7x7_goal40_r2,greedy_mcts
1,greedy,mcts,A,41,18,0.0697901,1.5744517,10,9,10,9,corrected_reduced_board_inner_ring_center_7x7_goal40_r2,greedy_mcts
2,greedy,mcts,A,40,12,0.1177297,1.7852431,12,11,12,11,corrected_reduced_board_inner_ring_center_7x7_goal40_r2,greedy_mcts
0,greedy,random,A,44,0,0.1205627,2.69e-05,8,7,8,7,corrected_reduced_board_inner_ring_center_7x7_goal40_r2,greedy_random
1,greedy,random,A,41,7,0.0916218,2.57e-05,9,8,9,8,corrected_reduced_board_inner_ring_center_7x7_goal40_r2,greedy_random
2,greedy,random,A,40,0,0.2141262,4.05e-05,10,9,10,9,corrected_reduced_board_inner_ring_center_7x7_goal40_r2,greedy_random
0,greedy,rule,B,32,43,0.2385055,0.0499149,14,14,14,14,corrected_reduced_board_inner_ring_center_7x7_goal40_r2,greedy_rule
1,greedy,rule,A,42,21,0.1454333,0.040368,11,10,11,10,corrected_reduced_board_inner_ring_center_7x7_goal40_r2,greedy_rule
2,greedy,rule,A,41,26,0.2566428,0.1056595,13,12,13,12,corrected_reduced_board_inner_ring_center_7x7_goal40_r2,greedy_rule
0,mcts,expectimax_d2,B,4,41,1.4477156,1.1437056,9,9,9,9,corrected_reduced_board_inner_ring_center_7x7_goal40_r2,mcts_expectimax_d2
1,mcts,expectimax_d2,B,8,42,1.6207001,1.1439913,10,10,11,11,corrected_reduced_board_inner_ring_center_7x7_goal40_r2,mcts_expectimax_d2
2,mcts,expectimax_d2,B,4,40,1.7699481,1.6242434,10,10,10,10,corrected_reduced_board_inner_ring_center_7x7_goal40_r2,mcts_expectimax_d2
0,mcts,expectimax_d3,B,11,43,1.878498,12.4264851,11,11,12,12,corrected_reduced_board_inner_ring_center_7x7_goal40_r2,mcts_expectimax_d3
1,mcts,expectimax_d3,B,11,41,1.4751298,10.259724,9,9,9,9,corrected_reduced_board_inner_ring_center_7x7_goal40_r2,mcts_expectimax_d3
2,mcts,expectimax_d3,B,4,40,1.8463347,13.7443364,10,10,10,10,corrected_reduced_board_inner_ring_center_7x7_goal40_r2,mcts_expectimax_d3
0,mcts,greedy,B,4,41,1.650899,0.1033679,9,9,9,9,corrected_reduced_board_inner_ring_center_7x7_goal40_r2,mcts_greedy
1,mcts,greedy,B,11,44,1.3959168,0.0577994,9,9,9,9,corrected_reduced_board_inner_ring_center_7x7_goal40_r2,mcts_greedy
2,mcts,greedy,B,23,40,2.0563533,0.1907371,13,13,13,13,corrected_reduced_board_inner_ring_center_7x7_goal40_r2,mcts_greedy
0,mcts,random,A,44,0,1.327736,2.23e-05,9,8,9,8,corrected_reduced_board_inner_ring_center_7x7_goal40_r2,mcts_random
1,mcts,random,A,40,0,1.9044252,3.19e-05,12,11,12,11,corrected_reduced_board_inner_ring_center_7x7_goal40_r2,mcts_random
2,mcts,random,A,43,3,1.7288553,3.16e-05,12,11,13,12,corrected_reduced_board_inner_ring_center_7x7_goal40_r2,mcts_random
0,mcts,rule,B,4,41,1.4697401,0.0226223,9,9,9,9,corrected_reduced_board_inner_ring_center_7x7_goal40_r2,mcts_rule
1,mcts,rule,B,11,44,1.5682885,0.0254008,9,9,9,9,corrected_reduced_board_inner_ring_center_7x7_goal40_r2,mcts_rule
2,mcts,rule,A,42,36,2.5899684,0.0808545,15,14,15,14,corrected_reduced_board_inner_ring_center_7x7_goal40_r2,mcts_rule
0,random,expectimax_d2,B,0,40,2.31e-05,1.1308578,7,7,7,7,corrected_reduced_board_inner_ring_center_7x7_goal40_r2,random_expectimax_d2
1,random,expectimax_d2,B,15,43,6.82e-05,1.4114002,15,15,16,16,corrected_reduced_board_inner_ring_center_7x7_goal40_r2,random_expectimax_d2
2,random,expectimax_d2,B,0,40,3.13e-05,1.4344742,9,9,9,9,corrected_reduced_board_inner_ring_center_7x7_goal40_r2,random_expectimax_d2
0,random,expectimax_d3,B,0,40,2.24e-05,8.7382476,7,7,7,7,corrected_reduced_board_inner_ring_center_7x7_goal40_r2,random_expectimax_d3
1,random,expectimax_d3,B,0,40,2.67e-05,12.8478726,8,8,8,8,corrected_reduced_board_inner_ring_center_7x7_goal40_r2,random_expectimax_d3
2,random,expectimax_d3,B,3,44,3.25e-05,14.1232953,10,10,10,10,corrected_reduced_board_inner_ring_center_7x7_goal40_r2,random_expectimax_d3
0,random,greedy,B,0,40,2.63e-05,0.0709456,7,7,7,7,corrected_reduced_board_inner_ring_center_7x7_goal40_r2,random_greedy
1,random,greedy,B,10,42,3.06e-05,0.0537904,11,11,11,11,corrected_reduced_board_inner_ring_center_7x7_goal40_r2,random_greedy
2,random,greedy,B,0,40,4.45e-05,0.1326263,9,9,9,9,corrected_reduced_board_inner_ring_center_7x7_goal40_r2,random_greedy
0,random,mcts,B,3,45,2.51e-05,1.3541091,8,9,9,9,corrected_reduced_board_inner_ring_center_7x7_goal40_r2,random_mcts
1,random,mcts,B,0,46,3.48e-05,2.0129597,12,12,13,13,corrected_reduced_board_inner_ring_center_7x7_goal40_r2,random_mcts
2,random,mcts,B,16,41,6.71e-05,3.635525,20,20,22,22,corrected_reduced_board_inner_ring_center_7x7_goal40_r2,random_mcts
0,random,rule,B,0,40,1.56e-05,0.0207046,7,7,7,7,corrected_reduced_board_inner_ring_center_7x7_goal40_r2,random_rule
1,random,rule,B,7,40,1.75e-05,0.0157407,9,9,9,9,corrected_reduced_board_inner_ring_center_7x7_goal40_r2,random_rule
2,random,rule,B,7,40,2.17e-05,0.0213207,10,10,10,10,corrected_reduced_board_inner_ring_center_7x7_goal40_r2,random_rule
0,rule,expectimax_d2,A,41,34,0.0723823,2.4085467,14,13,14,13,corrected_reduced_board_inner_ring_center_7x7_goal40_r2,rule_expectimax_d2
1,rule,expectimax_d2,B,7,41,0.0293271,1.7483336,8,8,8,8,corrected_reduced_board_inner_ring_center_7x7_goal40_r2,rule_expectimax_d2
2,rule,expectimax_d2,B,30,41,0.0557719,2.0329985,13,13,13,13,corrected_reduced_board_inner_ring_center_7x7_goal40_r2,rule_expectimax_d2
0,rule,expectimax_d3,B,22,41,0.0576498,16.8120972,12,12,12,12,corrected_reduced_board_inner_ring_center_7x7_goal40_r2,rule_expectimax_d3
1,rule,expectimax_d3,B,7,41,0.0279143,12.0734514,8,8,8,8,corrected_reduced_board_inner_ring_center_7x7_goal40_r2,rule_expectimax_d3
2,rule,expectimax_d3,B,30,41,0.0597923,13.9800392,13,13,13,13,corrected_reduced_board_inner_ring_center_7x7_goal40_r2,rule_expectimax_d3
0,rule,greedy,B,25,42,0.050276,0.1718849,14,14,14,14,corrected_reduced_board_inner_ring_center_7x7_goal40_r2,rule_greedy
1,rule,greedy,A,42,21,0.0546304,0.1477265,11,10,11,10,corrected_reduced_board_inner_ring_center_7x7_goal40_r2,rule_greedy
2,rule,greedy,B,30,41,0.0618001,0.2119384,13,13,13,13,corrected_reduced_board_inner_ring_center_7x7_goal40_r2,rule_greedy
0,rule,mcts,A,41,4,0.0409719,1.2595168,9,8,9,8,corrected_reduced_board_inner_ring_center_7x7_goal40_r2,rule_mcts
1,rule,mcts,A,46,28,0.0459378,2.3103781,14,13,14,13,corrected_reduced_board_inner_ring_center_7x7_goal40_r2,rule_mcts
2,rule,mcts,A,40,8,0.048791,1.5360026,10,9,10,9,corrected_reduced_board_inner_ring_center_7x7_goal40_r2,rule_mcts
0,rule,random,A,44,0,0.0285124,1.96e-05,8,7,8,7,corrected_reduced_board_inner_ring_center_7x7_goal40_r2,rule_random
1,rule,random,A,40,4,0.0169471,2.18e-05,9,8,9,8,corrected_reduced_board_inner_ring_center_7x7_goal40_r2,rule_random
2,rule,random,A,41,3,0.0435215,1.98e-05,9,8,9,8,corrected_reduced_board_inner_ring_center_7x7_goal40_r2,rule_random
0,expectimax_d2,expectimax_d3,B,13,22,2.9818803,25.3145574,25,25,25,25,corrected_reduced_deck_movement_heavy_fixed_r2,expectimax_d2_expectimax_d3
1,expectimax_d2,expectimax_d3,B,12,18,3.0493337,24.526377,25,25,25,25,corrected_reduced_deck_movement_heavy_fixed_r2,expectimax_d2_expectimax_d3
2,expectimax_d2,expectimax_d3,A,31,3,2.7262924,22.0950467,25,25,25,25,corrected_reduced_deck_movement_heavy_fixed_r2,expectimax_d2_expectimax_d3
0,expectimax_d2,greedy,B,13,22,2.8750607,0.2243664,25,25,25,25,corrected_reduced_deck_movement_heavy_fixed_r2,expectimax_d2_greedy
1,expectimax_d2,greedy,A,21,14,2.8078459,0.2540848,25,25,25,25,corrected_reduced_deck_movement_heavy_fixed_r2,expectimax_d2_greedy
2,expectimax_d2,greedy,A,31,3,2.2997201,0.1965943,25,25,25,25,corrected_reduced_deck_movement_heavy_fixed_r2,expectimax_d2_greedy
0,expectimax_d2,mcts,B,11,25,2.9404002,4.4004272,25,25,25,25,corrected_reduced_deck_movement_heavy_fixed_r2,expectimax_d2_mcts
1,expectimax_d2,mcts,A,26,11,3.5881766,6.0492489,25,25,25,25,corrected_reduced_deck_movement_heavy_fixed_r2,expectimax_d2_mcts
2,expectimax_d2,mcts,B,9,28,2.87887,4.4387838,25,25,25,25,corrected_reduced_deck_movement_heavy_fixed_r2,expectimax_d2_mcts
0,expectimax_d2,random,A,32,0,3.1090696,8.67e-05,25,25,25,25,corrected_reduced_deck_movement_heavy_fixed_r2,expectimax_d2_random
1,expectimax_d2,random,A,28,2,2.2038317,8.61e-05,25,25,25,25,corrected_reduced_deck_movement_heavy_fixed_r2,expectimax_d2_random
2,expectimax_d2,random,A,30,4,2.6967617,7.26e-05,25,25,25,25,corrected_reduced_deck_movement_heavy_fixed_r2,expectimax_d2_random
0,expectimax_d2,rule,B,6,31,2.90665,0.1449428,25,25,25,25,corrected_reduced_deck_movement_heavy_fixed_r2,expectimax_d2_rule
1,expectimax_d2,rule,A,19,18,2.3337626,0.0992752,25,25,25,25,corrected_reduced_deck_movement_heavy_fixed_r2,expectimax_d2_rule
2,expectimax_d2,rule,B,13,25,2.4720115,0.124017,25,25,25,25,corrected_reduced_deck_movement_heavy_fixed_r2,expectimax_d2_rule
0,expectimax_d3,expectimax_d2,A,27,9,30.8329191,3.6021881,25,25,25,25,corrected_reduced_deck_movement_heavy_fixed_r2,expectimax_d3_expectimax_d2
1,expectimax_d3,expectimax_d2,A,20,14,20.2494466,2.637742,25,25,25,25,corrected_reduced_deck_movement_heavy_fixed_r2,expectimax_d3_expectimax_d2
2,expectimax_d3,expectimax_d2,A,21,13,24.986502,2.856939,25,25,25,25,corrected_reduced_deck_movement_heavy_fixed_r2,expectimax_d3_expectimax_d2
0,expectimax_d3,greedy,A,29,6,30.1666985,0.3422483,25,25,25,25,corrected_reduced_deck_movement_heavy_fixed_r2,expectimax_d3_greedy
1,expectimax_d3,greedy,A,30,6,27.8280313,0.3199854,25,25,25,25,corrected_reduced_deck_movement_heavy_fixed_r2,expectimax_d3_greedy
2,expectimax_d3,greedy,A,26,8,26.5930574,0.2417673,25,25,25,25,corrected_reduced_deck_movement_heavy_fixed_r2,expectimax_d3_greedy
0,expectimax_d3,mcts,B,7,30,23.564936,5.1738329,25,25,25,25,corrected_reduced_deck_movement_heavy_fixed_r2,expectimax_d3_mcts
1,expectimax_d3,mcts,B,7,26,17.1586526,4.6461916,25,25,25,25,corrected_reduced_deck_movement_heavy_fixed_r2,expectimax_d3_mcts
2,expectimax_d3,mcts,A,20,16,23.401323,4.6943434,25,25,25,25,corrected_reduced_deck_movement_heavy_fixed_r2,expectimax_d3_mcts
0,expectimax_d3,random,A,28,3,25.4858755,7.68e-05,25,25,25,25,corrected_reduced_deck_movement_heavy_fixed_r2,expectimax_d3_random
1,expectimax_d3,random,A,30,3,22.8482326,6.98e-05,25,25,25,25,corrected_reduced_deck_movement_heavy_fixed_r2,expectimax_d3_random
2,expectimax_d3,random,A,33,2,23.234225,7.76e-05,25,25,25,25,corrected_reduced_deck_movement_heavy_fixed_r2,expectimax_d3_random
0,expectimax_d3,rule,B,12,26,23.212425,0.1388431,25,25,25,25,corrected_reduced_deck_movement_heavy_fixed_r2,expectimax_d3_rule
1,expectimax_d3,rule,B,6,31,23.7661815,0.1437344,25,25,25,25,corrected_reduced_deck_movement_heavy_fixed_r2,expectimax_d3_rule
2,expectimax_d3,rule,B,13,25,24.0888458,0.1196319,25,25,25,25,corrected_reduced_deck_movement_heavy_fixed_r2,expectimax_d3_rule
0,greedy,expectimax_d2,A,20,13,0.2924469,3.0122799,25,25,25,25,corrected_reduced_deck_movement_heavy_fixed_r2,greedy_expectimax_d2
1,greedy,expectimax_d2,A,22,11,0.1986542,2.0853415,25,25,25,25,corrected_reduced_deck_movement_heavy_fixed_r2,greedy_expectimax_d2
2,greedy,expectimax_d2,A,30,3,0.2025912,2.5226712,25,25,25,25,corrected_reduced_deck_movement_heavy_fixed_r2,greedy_expectimax_d2
0,greedy,expectimax_d3,draw,17,17,0.2763291,23.3067722,25,25,25,25,corrected_reduced_deck_movement_heavy_fixed_r2,greedy_expectimax_d3
1,greedy,expectimax_d3,B,13,20,0.2329106,26.646542,25,25,25,25,corrected_reduced_deck_movement_heavy_fixed_r2,greedy_expectimax_d3
2,greedy,expectimax_d3,A,21,13,0.2463782,20.630426,25,25,25,25,corrected_reduced_deck_movement_heavy_fixed_r2,greedy_expectimax_d3
0,greedy,mcts,B,6,31,0.2115639,4.3742825,25,25,25,25,corrected_reduced_deck_movement_heavy_fixed_r2,greedy_mcts
1,greedy,mcts,B,13,24,0.2509689,4.2379098,25,25,25,25,corrected_reduced_deck_movement_heavy_fixed_r2,greedy_mcts
2,greedy,mcts,B,9,28,0.18923,4.4449028,25,25,25,25,corrected_reduced_deck_movement_heavy_fixed_r2,greedy_mcts
0,greedy,random,A,23,8,0.3108299,7.27e-05,25,25,25,25,corrected_reduced_deck_movement_heavy_fixed_r2,greedy_random
1,greedy,random,A,28,1,0.1979442,7.25e-05,25,25,25,25,corrected_reduced_deck_movement_heavy_fixed_r2,greedy_random
2,greedy,random,A,24,8,0.225868,7.86e-05,25,25,25,25,corrected_reduced_deck_movement_heavy_fixed_r2,greedy_random
0,greedy,rule,B,6,31,0.3069325,0.1696691,25,25,25,25,corrected_reduced_deck_movement_heavy_fixed_r2,greedy_rule
1,greedy,rule,A,19,18,0.2109898,0.0937191,25,25,25,25,corrected_reduced_deck_movement_heavy_fixed_r2,greedy_rule
2,greedy,rule,B,9,28,0.2401303,0.1501269,25,25,25,25,corrected_reduced_deck_movement_heavy_fixed_r2,greedy_rule
0,mcts,expectimax_d2,A,22,13,4.720493,3.3602198,25,25,25,25,corrected_reduced_deck_movement_heavy_fixed_r2,mcts_expectimax_d2
1,mcts,expectimax_d2,B,15,23,4.5479466,3.0875697,25,25,25,25,corrected_reduced_deck_movement_heavy_fixed_r2,mcts_expectimax_d2
2,mcts,expectimax_d2,A,33,3,5.3073043,2.7401636,25,25,25,25,corrected_reduced_deck_movement_heavy_fixed_r2,mcts_expectimax_d2
0,mcts,expectimax_d3,A,26,10,4.818779,21.5124817,25,25,25,25,corrected_reduced_deck_movement_heavy_fixed_r2,mcts_expectimax_d3
1,mcts,expectimax_d3,B,9,27,4.9948851,28.0321953,25,25,25,25,corrected_reduced_deck_movement_heavy_fixed_r2,mcts_expectimax_d3
2,mcts,expectimax_d3,A,22,14,4.5905354,20.5712956,25,25,25,25,corrected_reduced_deck_movement_heavy_fixed_r2,mcts_expectimax_d3
0,mcts,greedy,A,27,9,4.7094501,0.2678496,25,25,25,25,corrected_reduced_deck_movement_heavy_fixed_r2,mcts_greedy
1,mcts,greedy,A,23,15,4.5311622,0.1725966,25,25,25,25,corrected_reduced_deck_movement_heavy_fixed_r2,mcts_greedy
2,mcts,greedy,A,33,3,4.6478822,0.1938015,25,25,25,25,corrected_reduced_deck_movement_heavy_fixed_r2,mcts_greedy
0,mcts,random,A,33,1,4.8456112,8.45e-05,25,25,25,25,corrected_reduced_deck_movement_heavy_fixed_r2,mcts_random
1,mcts,random,A,37,0,4.4606873,7.01e-05,25,25,25,25,corrected_reduced_deck_movement_heavy_fixed_r2,mcts_random
2,mcts,random,A,37,0,4.6636653,5.53e-05,25,25,25,25,corrected_reduced_deck_movement_heavy_fixed_r2,mcts_random
0,mcts,rule,A,25,14,4.9153695,0.0881085,25,25,25,25,corrected_reduced_deck_movement_heavy_fixed_r2,mcts_rule
1,mcts,rule,B,11,28,4.6257108,0.1437711,25,25,25,25,corrected_reduced_deck_movement_heavy_fixed_r2,mcts_rule
2,mcts,rule,A,25,13,5.0059772,0.1313436,25,25,25,25,corrected_reduced_deck_movement_heavy_fixed_r2,mcts_rule
0,random,expectimax_d2,B,6,23,8.53e-05,3.0035726,25,25,25,25,corrected_reduced_deck_movement_heavy_fixed_r2,random_expectimax_d2
1,random,expectimax_d2,B,2,30,8.37e-05,2.8238749,25,25,25,25,corrected_reduced_deck_movement_heavy_fixed_r2,random_expectimax_d2
2,random,expectimax_d2,B,0,28,7.84e-05,2.6569035,25,25,25,25,corrected_reduced_deck_movement_heavy_fixed_r2,random_expectimax_d2
0,random,expectimax_d3,B,4,24,6.65e-05,27.1795967,25,25,25,25,corrected_reduced_deck_movement_heavy_fixed_r2,random_expectimax_d3
1,random,expectimax_d3,B,1,28,7.66e-05,23.563842,25,25,25,25,corrected_reduced_deck_movement_heavy_fixed_r2,random_expectimax_d3
2,random,expectimax_d3,B,0,31,9.77e-05,24.693507,25,25,25,25,corrected_reduced_deck_movement_heavy_fixed_r2,random_expectimax_d3
0,random,greedy,B,2,24,8.35e-05,0.2445596,25,25,25,25,corrected_reduced_deck_movement_heavy_fixed_r2,random_greedy
1,random,greedy,B,2,26,7.66e-05,0.1886721,25,25,25,25,corrected_reduced_deck_movement_heavy_fixed_r2,random_greedy
2,random,greedy,B,1,24,0.0002054,0.2156575,25,25,25,25,corrected_reduced_deck_movement_heavy_fixed_r2,random_greedy
0,random,mcts,B,0,37,7.73e-05,4.4823637,25,25,25,25,corrected_reduced_deck_movement_heavy_fixed_r2,random_mcts
1,random,mcts,B,0,34,8.17e-05,4.3861753,25,25,25,25,corrected_reduced_deck_movement_heavy_fixed_r2,random_mcts
2,random,mcts,B,0,31,7.35e-05,4.2851283,25,25,25,25,corrected_reduced_deck_movement_heavy_fixed_r2,random_mcts
0,random,rule,B,3,34,6.96e-05,0.1662789,25,25,25,25,corrected_reduced_deck_movement_heavy_fixed_r2,random_rule
1,random,rule,B,1,33,7.43e-05,0.167345,25,25,25,25,corrected_reduced_deck_movement_heavy_fixed_r2,random_rule
2,random,rule,B,3,34,9.19e-05,0.2182209,25,25,25,25,corrected_reduced_deck_movement_heavy_fixed_r2,random_rule
0,rule,expectimax_d2,A,27,11,0.1697435,3.3979412,25,25,25,25,corrected_reduced_deck_movement_heavy_fixed_r2,rule_expectimax_d2
1,rule,expectimax_d2,A,22,16,0.1196123,3.1276458,25,25,25,25,corrected_reduced_deck_movement_heavy_fixed_r2,rule_expectimax_d2
2,rule,expectimax_d2,A,24,13,0.1354681,3.4945858,25,25,25,25,corrected_reduced_deck_movement_heavy_fixed_r2,rule_expectimax_d2
0,rule,expectimax_d3,A,28,10,0.1617799,27.8200828,25,25,25,25,corrected_reduced_deck_movement_heavy_fixed_r2,rule_expectimax_d3
1,rule,expectimax_d3,B,16,22,0.1104702,21.2241907,25,25,25,25,corrected_reduced_deck_movement_heavy_fixed_r2,rule_expectimax_d3
2,rule,expectimax_d3,A,24,13,0.1216461,21.6890138,25,25,25,25,corrected_reduced_deck_movement_heavy_fixed_r2,rule_expectimax_d3
0,rule,greedy,A,28,10,0.1592593,0.2459015,25,25,25,25,corrected_reduced_deck_movement_heavy_fixed_r2,rule_greedy
1,rule,greedy,A,31,6,0.2028292,0.3189606,25,25,25,25,corrected_reduced_deck_movement_heavy_fixed_r2,rule_greedy
2,rule,greedy,A,28,8,0.130648,0.3039603,25,25,25,25,corrected_reduced_deck_movement_heavy_fixed_r2,rule_greedy
0,rule,mcts,A,21,17,0.1273563,4.4266774,25,25,25,25,corrected_reduced_deck_movement_heavy_fixed_r2,rule_mcts
1,rule,mcts,A,22,17,0.1050458,4.3750263,25,25,25,25,corrected_reduced_deck_movement_heavy_fixed_r2,rule_mcts
2,rule,mcts,A,24,14,0.1222671,4.5151415,25,25,25,25,corrected_reduced_deck_movement_heavy_fixed_r2,rule_mcts
0,rule,random,A,34,3,0.1469301,6.74e-05,25,25,25,25,corrected_reduced_deck_movement_heavy_fixed_r2,rule_random
1,rule,random,A,34,0,0.1321375,6.17e-05,25,25,25,25,corrected_reduced_deck_movement_heavy_fixed_r2,rule_random
2,rule,random,A,37,0,0.1489646,6.12e-05,25,25,25,25,corrected_reduced_deck_movement_heavy_fixed_r2,rule_random
0,expectimax_d2,expectimax_d3,B,27,41,1.4769188,12.3502097,25,23,25,25,corrected_reduced_deck_capture_heavy_fixed_r2,expectimax_d2_expectimax_d3
1,expectimax_d2,expectimax_d3,B,31,45,2.0330425,19.4696233,25,25,25,25,corrected_reduced_deck_capture_heavy_fixed_r2,expectimax_d2_expectimax_d3
2,expectimax_d2,expectimax_d3,A,41,26,2.3770564,21.2126956,24,24,25,25,corrected_reduced_deck_capture_heavy_fixed_r2,expectimax_d2_expectimax_d3
0,expectimax_d2,greedy,A,33,31,1.8736497,0.1341036,25,23,25,25,corrected_reduced_deck_capture_heavy_fixed_r2,expectimax_d2_greedy
1,expectimax_d2,greedy,A,42,25,1.8612842,0.1174975,25,25,25,25,corrected_reduced_deck_capture_heavy_fixed_r2,expectimax_d2_greedy
2,expectimax_d2,greedy,B,32,38,1.6720401,0.1387275,23,24,25,25,corrected_reduced_deck_capture_heavy_fixed_r2,expectimax_d2_greedy
0,expectimax_d2,mcts,A,27,23,1.1093049,3.0916235,21,24,25,25,corrected_reduced_deck_capture_heavy_fixed_r2,expectimax_d2_mcts
1,expectimax_d2,mcts,B,28,41,1.5730954,3.2796093,24,24,25,25,corrected_reduced_deck_capture_heavy_fixed_r2,expectimax_d2_mcts
2,expectimax_d2,mcts,B,23,36,1.7285126,3.2020945,22,23,25,25,corrected_reduced_deck_capture_heavy_fixed_r2,expectimax_d2_mcts
0,expectimax_d2,random,A,58,7,1.6724773,6.42e-05,25,23,25,25,corrected_reduced_deck_capture_heavy_fixed_r2,expectimax_d2_random
1,expectimax_d2,random,A,47,12,1.1364724,6.15e-05,24,23,25,25,corrected_reduced_deck_capture_heavy_fixed_r2,expectimax_d2_random
2,expectimax_d2,random,A,48,6,1.2566518,7.49e-05,23,23,25,25,corrected_reduced_deck_capture_heavy_fixed_r2,expectimax_d2_random
0,expectimax_d2,rule,A,40,39,1.6740959,0.0406084,25,23,25,25,corrected_reduced_deck_capture_heavy_fixed_r2,expectimax_d2_rule
1,expectimax_d2,rule,B,30,57,1.6342651,0.0306537,25,25,25,25,corrected_reduced_deck_capture_heavy_fixed_r2,expectimax_d2_rule
2,expectimax_d2,rule,B,34,36,2.2520177,0.0566461,24,24,25,25,corrected_reduced_deck_capture_heavy_fixed_r2,expectimax_d2_rule
0,expectimax_d3,expectimax_d2,B,31,35,14.4884694,1.3150086,25,23,25,25,corrected_reduced_deck_capture_heavy_fixed_r2,expectimax_d3_expectimax_d2
1,expectimax_d3,expectimax_d2,A,44,35,15.778979,1.737065,23,24,25,25,corrected_reduced_deck_capture_heavy_fixed_r2,expectimax_d3_expectimax_d2
2,expectimax_d3,expectimax_d2,A,42,29,21.764506,2.3865495,24,24,25,25,corrected_reduced_deck_capture_heavy_fixed_r2,expectimax_d3_expectimax_d2
0,expectimax_d3,greedy,A,37,25,15.5011856,0.1181416,25,23,25,25,corrected_reduced_deck_capture_heavy_fixed_r2,expectimax_d3_greedy
1,expectimax_d3,greedy,draw,36,36,16.0579071,0.0991152,23,24,25,25,corrected_reduced_deck_capture_heavy_fixed_r2,expectimax_d3_greedy
2,expectimax_d3,greedy,A,34,29,14.0141756,0.1295957,23,24,25,25,corrected_reduced_deck_capture_heavy_fixed_r2,expectimax_d3_greedy
0,expectimax_d3,mcts,B,32,34,15.1539907,2.9645627,23,23,25,25,corrected_reduced_deck_capture_heavy_fixed_r2,expectimax_d3_mcts
1,expectimax_d3,mcts,B,23,47,16.5158505,3.6617733,24,24,25,25,corrected_reduced_deck_capture_heavy_fixed_r2,expectimax_d3_mcts
2,expectimax_d3,mcts,B,27,39,15.2447819,3.8945104,22,24,25,25,corrected_reduced_deck_capture_heavy_fixed_r2,expectimax_d3_mcts
0,expectimax_d3,random,A,61,2,15.8883826,7.74e-05,24,24,25,25,corrected_reduced_deck_capture_heavy_fixed_r2,expectimax_d3_random
1,expectimax_d3,random,A,43,12,12.9256236,6.32e-05,24,23,25,25,corrected_reduced_deck_capture_heavy_fixed_r2,expectimax_d3_random
2,expectimax_d3,random,A,48,6,13.7606681,6.65e-05,23,23,25,25,corrected_reduced_deck_capture_heavy_fixed_r2,expectimax_d3_random
0,expectimax_d3,rule,B,36,40,15.645309,0.0397133,25,23,25,25,corrected_reduced_deck_capture_heavy_fixed_r2,expectimax_d3_rule
1,expectimax_d3,rule,draw,39,39,16.7283123,0.0374865,25,25,25,25,corrected_reduced_deck_capture_heavy_fixed_r2,expectimax_d3_rule
2,expectimax_d3,rule,B,26,44,20.7536409,0.0738944,24,24,25,25,corrected_reduced_deck_capture_heavy_fixed_r2,expectimax_d3_rule
0,greedy,expectimax_d2,B,30,40,0.0953958,1.4685164,25,23,25,25,corrected_reduced_deck_capture_heavy_fixed_r2,greedy_expectimax_d2
1,greedy,expectimax_d2,B,31,43,0.1000854,1.592746,24,24,25,25,corrected_reduced_deck_capture_heavy_fixed_r2,greedy_expectimax_d2
2,greedy,expectimax_d2,B,29,34,0.1567738,1.9073165,24,24,25,25,corrected_reduced_deck_capture_heavy_fixed_r2,greedy_expectimax_d2
0,greedy,expectimax_d3,B,27,41,0.0887627,12.0590565,25,23,25,25,corrected_reduced_deck_capture_heavy_fixed_r2,greedy_expectimax_d3
1,greedy,expectimax_d3,B,28,44,0.1163549,16.4341893,24,24,25,25,corrected_reduced_deck_capture_heavy_fixed_r2,greedy_expectimax_d3
2,greedy,expectimax_d3,A,38,27,0.1690058,18.3788603,24,24,25,25,corrected_reduced_deck_capture_heavy_fixed_r2,greedy_expectimax_d3
0,greedy,mcts,B,21,46,0.076611,3.3154821,22,25,25,25,corrected_reduced_deck_capture_heavy_fixed_r2,greedy_mcts
1,greedy,mcts,B,27,48,0.1073377,3.3350151,24,25,25,25,corrected_reduced_deck_capture_heavy_fixed_r2,greedy_mcts
2,greedy,mcts,B,31,36,0.1598618,3.2617358,24,24,25,25,corrected_reduced_deck_capture_heavy_fixed_r2,greedy_mcts
0,greedy,random,A,53,7,0.092807,6.63e-05,24,24,25,25,corrected_reduced_deck_capture_heavy_fixed_r2,greedy_random
1,greedy,random,A,49,14,0.0769681,6.68e-05,24,24,25,25,corrected_reduced_deck_capture_heavy_fixed_r2,greedy_random
2,greedy,random,A,58,6,0.0915316,5.67e-05,24,23,25,25,corrected_reduced_deck_capture_heavy_fixed_r2,greedy_random
0,greedy,rule,A,41,38,0.1041406,0.050017,25,23,25,25,corrected_reduced_deck_capture_heavy_fixed_r2,greedy_rule
1,greedy,rule,B,33,48,0.1134827,0.0360224,25,25,25,25,corrected_reduced_deck_capture_heavy_fixed_r2,greedy_rule
2,greedy,rule,B,30,39,0.1374852,0.0753127,24,24,25,25,corrected_reduced_deck_capture_heavy_fixed_r2,greedy_rule
0,mcts,expectimax_d2,A,41,32,3.8149952,1.7531842,25,23,25,25,corrected_reduced_deck_capture_heavy_fixed_r2,mcts_expectimax_d2
1,mcts,expectimax_d2,A,36,35,3.6504817,2.2527403,25,25,25,25,corrected_reduced_deck_capture_heavy_fixed_r2,mcts_expectimax_d2
2,mcts,expectimax_d2,B,21,39,3.3917967,1.395596,23,23,25,25,corrected_reduced_deck_capture_heavy_fixed_r2,mcts_expectimax_d2
0,mcts,expectimax_d3,B,30,32,3.4941037,15.1757789,25,21,25,25,corrected_reduced_deck_capture_heavy_fixed_r2,mcts_expectimax_d3
1,mcts,expectimax_d3,A,46,22,3.2760797,18.1175831,25,22,25,25,corrected_reduced_deck_capture_heavy_fixed_r2,mcts_expectimax_d3
2,mcts,expectimax_d3,B,21,39,3.1780327,12.623062,23,23,25,25,corrected_reduced_deck_capture_heavy_fixed_r2,mcts_expectimax_d3
0,mcts,greedy,A,37,27,4.1359889,0.0884986,25,21,25,25,corrected_reduced_deck_capture_heavy_fixed_r2,mcts_greedy
1,mcts,greedy,A,44,37,4.1363475,0.1034728,25,25,25,25,corrected_reduced_deck_capture_heavy_fixed_r2,mcts_greedy
2,mcts,greedy,B,24,36,3.4346609,0.1223921,23,23,25,25,corrected_reduced_deck_capture_heavy_fixed_r2,mcts_greedy
0,mcts,random,A,48,8,2.9571518,7.43e-05,23,23,25,25,corrected_reduced_deck_capture_heavy_fixed_r2,mcts_random
1,mcts,random,A,36,9,3.189201,6.81e-05,22,22,25,25,corrected_reduced_deck_capture_heavy_fixed_r2,mcts_random
2,mcts,random,A,17,6,2.8863451,4.6e-05,20,20,25,25,corrected_reduced_deck_capture_heavy_fixed_r2,mcts_random
0,mcts,rule,B,23,31,3.0027343,0.0315931,23,19,25,25,corrected_reduced_deck_capture_heavy_fixed_r2,mcts_rule
1,mcts,rule,B,36,42,3.4090427,0.045353,24,24,25,25,corrected_reduced_deck_capture_heavy_fixed_r2,mcts_rule
2,mcts,rule,B,24,34,3.213738,0.0391484,23,21,25,25,corrected_reduced_deck_capture_heavy_fixed_r2,mcts_rule
0,random,expectimax_d2,B,7,34,6.92e-05,1.0615967,21,23,25,25,corrected_reduced_deck_capture_heavy_fixed_r2,random_expectimax_d2
1,random,expectimax_d2,B,3,54,7.46e-05,1.6338491,22,24,25,25,corrected_reduced_deck_capture_heavy_fixed_r2,random_expectimax_d2
2,random,expectimax_d2,B,13,31,6.97e-05,0.9362798,21,22,25,25,corrected_reduced_deck_capture_heavy_fixed_r2,random_expectimax_d2
0,random,expectimax_d3,B,3,35,5.77e-05,10.7492457,21,21,25,25,corrected_reduced_deck_capture_heavy_fixed_r2,random_expectimax_d3
1,random,expectimax_d3,B,9,42,5.76e-05,11.9197407,23,23,25,25,corrected_reduced_deck_capture_heavy_fixed_r2,random_expectimax_d3
2,random,expectimax_d3,B,4,62,6.75e-05,13.9512507,23,23,25,25,corrected_reduced_deck_capture_heavy_fixed_r2,random_expectimax_d3
0,random,greedy,B,8,38,5.33e-05,0.0506173,21,21,25,25,corrected_reduced_deck_capture_heavy_fixed_r2,random_greedy
1,random,greedy,B,3,55,6.78e-05,0.0861237,22,24,25,25,corrected_reduced_deck_capture_heavy_fixed_r2,random_greedy
2,random,greedy,B,11,40,7.24e-05,0.0896388,23,23,25,25,corrected_reduced_deck_capture_heavy_fixed_r2,random_greedy
0,random,mcts,B,9,37,6.44e-05,3.0303587,22,22,25,25,corrected_reduced_deck_capture_heavy_fixed_r2,random_mcts
1,random,mcts,B,8,35,6.27e-05,2.7359865,21,22,25,25,corrected_reduced_deck_capture_heavy_fixed_r2,random_mcts
2,random,mcts,B,4,24,5.57e-05,2.543691,20,20,25,25,corrected_reduced_deck_capture_heavy_fixed_r2,random_mcts
0,random,rule,B,8,46,5.69e-05,0.0289323,22,22,25,25,corrected_reduced_deck_capture_heavy_fixed_r2,random_rule
1,random,rule,B,21,49,5.4e-05,0.033965,24,24,25,25,corrected_reduced_deck_capture_heavy_fixed_r2,random_rule
2,random,rule,B,17,50,5.66e-05,0.045556,23,23,25,25,corrected_reduced_deck_capture_heavy_fixed_r2,random_rule
0,rule,expectimax_d2,A,43,23,0.0585372,1.9360216,24,22,25,25,corrected_reduced_deck_capture_heavy_fixed_r2,rule_expectimax_d2
1,rule,expectimax_d2,A,54,24,0.0586466,2.4140915,25,25,25,25,corrected_reduced_deck_capture_heavy_fixed_r2,rule_expectimax_d2
2,rule,expectimax_d2,A,41,30,0.0782438,1.9615745,24,24,25,25,corrected_reduced_deck_capture_heavy_fixed_r2,rule_expectimax_d2
0,rule,expectimax_d3,B,36,39,0.0454375,17.7335544,24,24,25,25,corrected_reduced_deck_capture_heavy_fixed_r2,rule_expectimax_d3
1,rule,expectimax_d3,A,52,31,0.0606594,20.074636,25,25,25,25,corrected_reduced_deck_capture_heavy_fixed_r2,rule_expectimax_d3
2,rule,expectimax_d3,A,41,30,0.0745794,20.0197381,24,24,25,25,corrected_reduced_deck_capture_heavy_fixed_r2,rule_expectimax_d3
0,rule,greedy,A,40,36,0.0430661,0.0963199,24,24,25,25,corrected_reduced_deck_capture_heavy_fixed_r2,rule_greedy
1,rule,greedy,A,58,15,0.0499089,0.1201365,24,24,25,25,corrected_reduced_deck_capture_heavy_fixed_r2,rule_greedy
2,rule,greedy,A,36,35,0.0497608,0.1408245,23,24,25,25,corrected_reduced_deck_capture_heavy_fixed_r2,rule_greedy
0,rule,mcts,B,22,46,0.040651,2.988538,23,23,25,25,corrected_reduced_deck_capture_heavy_fixed_r2,rule_mcts
1,rule,mcts,B,28,48,0.0279164,3.1945853,22,25,25,25,corrected_reduced_deck_capture_heavy_fixed_r2,rule_mcts
2,rule,mcts,A,42,25,0.040604,3.106029,22,23,25,25,corrected_reduced_deck_capture_heavy_fixed_r2,rule_mcts
0,rule,random,A,61,9,0.0262368,5.2e-05,24,24,25,25,corrected_reduced_deck_capture_heavy_fixed_r2,rule_random
1,rule,random,A,53,17,0.0305505,4.92e-05,24,24,25,25,corrected_reduced_deck_capture_heavy_fixed_r2,rule_random
2,rule,random,A,46,13,0.0381963,5.16e-05,23,23,25,25,corrected_reduced_deck_capture_heavy_fixed_r2,rule_random
0,expectimax_d2,expectimax_d3,B,18,22,2.6920143,23.1727135,25,25,25,25,corrected_reduced_deck_swap_heavy_fixed_r2,expectimax_d2_expectimax_d3
1,expectimax_d2,expectimax_d3,A,27,16,2.3866659,22.3671335,25,25,25,25,corrected_reduced_deck_swap_heavy_fixed_r2,expectimax_d2_expectimax_d3
2,expectimax_d2,expectimax_d3,B,10,34,2.0334447,18.370082,25,25,25,25,corrected_reduced_deck_swap_heavy_fixed_r2,expectimax_d2_expectimax_d3
0,expectimax_d2,greedy,A,26,14,3.1331551,0.2406213,25,25,25,25,corrected_reduced_deck_swap_heavy_fixed_r2,expectimax_d2_greedy
1,expectimax_d2,greedy,A,31,10,2.378613,0.168518,25,25,25,25,corrected_reduced_deck_swap_heavy_fixed_r2,expectimax_d2_greedy
2,expectimax_d2,greedy,A,20,17,2.356885,0.1950838,25,25,25,25,corrected_reduced_deck_swap_heavy_fixed_r2,expectimax_d2_greedy
0,expectimax_d2,mcts,A,25,20,2.4866134,4.2988882,25,25,25,25,corrected_reduced_deck_swap_heavy_fixed_r2,expectimax_d2_mcts
1,expectimax_d2,mcts,A,27,18,2.0035932,3.6542634,25,25,25,25,corrected_reduced_deck_swap_heavy_fixed_r2,expectimax_d2_mcts
2,expectimax_d2,mcts,B,17,30,2.2175801,4.0110057,25,25,25,25,corrected_reduced_deck_swap_heavy_fixed_r2,expectimax_d2_mcts
0,expectimax_d2,random,A,29,8,2.1069074,8.93e-05,25,25,25,25,corrected_reduced_deck_swap_heavy_fixed_r2,expectimax_d2_random
1,expectimax_d2,random,A,27,2,1.8564143,7.04e-05,25,25,25,25,corrected_reduced_deck_swap_heavy_fixed_r2,expectimax_d2_random
2,expectimax_d2,random,A,29,6,2.1882873,7.54e-05,25,25,25,25,corrected_reduced_deck_swap_heavy_fixed_r2,expectimax_d2_random
0,expectimax_d2,rule,B,12,34,2.4511843,0.0933368,25,25,25,25,corrected_reduced_deck_swap_heavy_fixed_r2,expectimax_d2_rule
1,expectimax_d2,rule,B,15,34,2.4781803,0.1252042,25,25,25,25,corrected_reduced_deck_swap_heavy_fixed_r2,expectimax_d2_rule
2,expectimax_d2,rule,B,13,33,2.4719515,0.117945,25,25,25,25,corrected_reduced_deck_swap_heavy_fixed_r2,expectimax_d2_rule
0,expectimax_d3,expectimax_d2,A,29,16,23.9923028,2.5762425,25,25,25,25,corrected_reduced_deck_swap_heavy_fixed_r2,expectimax_d3_expectimax_d2
1,expectimax_d3,expectimax_d2,A,29,10,21.9164313,2.1771921,25,25,25,25,corrected_reduced_deck_swap_heavy_fixed_r2,expectimax_d3_expectimax_d2
2,expectimax_d3,expectimax_d2,A,19,17,21.0644345,2.3094639,25,25,25,25,corrected_reduced_deck_swap_heavy_fixed_r2,expectimax_d3_expectimax_d2
0,expectimax_d3,greedy,A,25,14,25.3998701,0.2380645,25,25,25,25,corrected_reduced_deck_swap_heavy_fixed_r2,expectimax_d3_greedy
1,expectimax_d3,greedy,A,28,14,25.0938071,0.1941962,25,25,25,25,corrected_reduced_deck_swap_heavy_fixed_r2,expectimax_d3_greedy
2,expectimax_d3,greedy,A,23,16,24.4625152,0.2245719,25,25,25,25,corrected_reduced_deck_swap_heavy_fixed_r2,expectimax_d3_greedy
0,expectimax_d3,mcts,A,23,22,24.9143579,3.8343394,25,25,25,25,corrected_reduced_deck_swap_heavy_fixed_r2,expectimax_d3_mcts
1,expectimax_d3,mcts,B,18,24,22.2345915,3.835735,25,25,25,25,corrected_reduced_deck_swap_heavy_fixed_r2,expectimax_d3_mcts
2,expectimax_d3,mcts,B,17,27,22.0263638,3.9890026,25,25,25,25,corrected_reduced_deck_swap_heavy_fixed_r2,expectimax_d3_mcts
0,expectimax_d3,random,A,28,4,23.7095729,0.0001033,25,25,25,25,corrected_reduced_deck_swap_heavy_fixed_r2,expectimax_d3_random
1,expectimax_d3,random,A,24,4,19.0941992,7.02e-05,25,25,25,25,corrected_reduced_deck_swap_heavy_fixed_r2,expectimax_d3_random
2,expectimax_d3,random,A,31,5,19.9172317,8.14e-05,25,25,25,25,corrected_reduced_deck_swap_heavy_fixed_r2,expectimax_d3_random
0,expectimax_d3,rule,B,13,34,20.8095299,0.1163002,25,25,25,25,corrected_reduced_deck_swap_heavy_fixed_r2,expectimax_d3_rule
1,expectimax_d3,rule,B,17,34,25.0409785,0.1010715,25,25,25,25,corrected_reduced_deck_swap_heavy_fixed_r2,expectimax_d3_rule
2,expectimax_d3,rule,B,15,32,22.4929263,0.1145708,25,25,25,25,corrected_reduced_deck_swap_heavy_fixed_r2,expectimax_d3_rule
0,greedy,expectimax_d2,B,21,23,0.2969158,3.244327,25,25,25,25,corrected_reduced_deck_swap_heavy_fixed_r2,greedy_expectimax_d2
1,greedy,expectimax_d2,A,24,13,0.1947897,2.7030315,25,25,25,25,corrected_reduced_deck_swap_heavy_fixed_r2,greedy_expectimax_d2
2,greedy,expectimax_d2,B,14,27,0.2430572,2.6546147,25,25,25,25,corrected_reduced_deck_swap_heavy_fixed_r2,greedy_expectimax_d2
0,greedy,expectimax_d3,B,13,29,0.2094097,22.1449119,25,25,25,25,corrected_reduced_deck_swap_heavy_fixed_r2,greedy_expectimax_d3
1,greedy,expectimax_d3,B,14,28,0.2069432,24.6082704,25,25,25,25,corrected_reduced_deck_swap_heavy_fixed_r2,greedy_expectimax_d3
2,greedy,expectimax_d3,A,23,17,0.2226299,27.3494191,25,25,25,25,corrected_reduced_deck_swap_heavy_fixed_r2,greedy_expectimax_d3
0,greedy,mcts,B,16,27,0.1677315,4.0463881,25,25,25,25,corrected_reduced_deck_swap_heavy_fixed_r2,greedy_mcts
1,greedy,mcts,B,20,27,0.2015155,3.7232021,25,25,25,25,corrected_reduced_deck_swap_heavy_fixed_r2,greedy_mcts
2,greedy,mcts,B,17,26,0.1719066,4.9480475,25,25,25,25,corrected_reduced_deck_swap_heavy_fixed_r2,greedy_mcts
0,greedy,random,A,35,1,0.1552127,6.33e-05,25,25,25,25,corrected_reduced_deck_swap_heavy_fixed_r2,greedy_random
1,greedy,random,A,26,1,0.1013389,6.61e-05,25,25,25,25,corrected_reduced_deck_swap_heavy_fixed_r2,greedy_random
2,greedy,random,A,31,3,0.1614995,9.17e-05,25,25,25,25,corrected_reduced_deck_swap_heavy_fixed_r2,greedy_random
0,greedy,rule,B,7,41,0.2137923,0.0864204,25,25,25,25,corrected_reduced_deck_swap_heavy_fixed_r2,greedy_rule
1,greedy,rule,B,17,33,0.3279973,0.2382028,25,25,25,25,corrected_reduced_deck_swap_heavy_fixed_r2,greedy_rule
2,greedy,rule,B,14,32,0.2612703,0.1934499,25,25,25,25,corrected_reduced_deck_swap_heavy_fixed_r2,greedy_rule
0,mcts,expectimax_d2,A,28,18,4.0273406,2.1238363,24,24,25,25,corrected_reduced_deck_swap_heavy_fixed_r2,mcts_expectimax_d2
1,mcts,expectimax_d2,A,35,13,3.8546838,2.6405864,25,25,25,25,corrected_reduced_deck_swap_heavy_fixed_r2,mcts_expectimax_d2
2,mcts,expectimax_d2,A,31,18,3.8421236,2.18829,25,25,25,25,corrected_reduced_deck_swap_heavy_fixed_r2,mcts_expectimax_d2
0,mcts,expectimax_d3,A,31,17,3.8237709,19.8486429,25,25,25,25,corrected_reduced_deck_swap_heavy_fixed_r2,mcts_expectimax_d3
1,mcts,expectimax_d3,A,38,10,4.0170575,21.2076398,25,25,25,25,corrected_reduced_deck_swap_heavy_fixed_r2,mcts_expectimax_d3
2,mcts,expectimax_d3,A,32,17,4.0782173,21.5367809,25,25,25,25,corrected_reduced_deck_swap_heavy_fixed_r2,mcts_expectimax_d3
0,mcts,greedy,A,29,18,3.8685398,0.1741084,25,25,25,25,corrected_reduced_deck_swap_heavy_fixed_r2,mcts_greedy
1,mcts,greedy,A,20,17,4.206913,0.1146964,25,25,25,25,corrected_reduced_deck_swap_heavy_fixed_r2,mcts_greedy
2,mcts,greedy,A,32,17,4.4164652,0.2034415,25,25,25,25,corrected_reduced_deck_swap_heavy_fixed_r2,mcts_greedy
0,mcts,random,A,33,10,5.2189964,8.48e-05,25,25,25,25,corrected_reduced_deck_swap_heavy_fixed_r2,mcts_random
1,mcts,random,A,31,2,3.8507684,7.01e-05,25,25,25,25,corrected_reduced_deck_swap_heavy_fixed_r2,mcts_random
2,mcts,random,A,37,6,4.4719718,7.35e-05,25,25,25,25,corrected_reduced_deck_swap_heavy_fixed_r2,mcts_random
0,mcts,rule,B,26,27,4.4411495,0.1016356,25,25,25,25,corrected_reduced_deck_swap_heavy_fixed_r2,mcts_rule
1,mcts,rule,A,33,19,4.9209766,0.0992645,25,25,25,25,corrected_reduced_deck_swap_heavy_fixed_r2,mcts_rule
2,mcts,rule,A,28,22,5.450996,0.1019156,25,25,25,25,corrected_reduced_deck_swap_heavy_fixed_r2,mcts_rule
0,random,expectimax_d2,B,8,33,8.36e-05,1.9599091,25,25,25,25,corrected_reduced_deck_swap_heavy_fixed_r2,random_expectimax_d2
1,random,expectimax_d2,B,2,41,8.32e-05,2.6116771,25,25,25,25,corrected_reduced_deck_swap_heavy_fixed_r2,random_expectimax_d2
2,random,expectimax_d2,B,14,20,7.39e-05,1.7451193,24,24,25,25,corrected_reduced_deck_swap_heavy_fixed_r2,random_expectimax_d2
0,random,expectimax_d3,B,3,37,6.65e-05,20.3127714,25,25,25,25,corrected_reduced_deck_swap_heavy_fixed_r2,random_expectimax_d3
1,random,expectimax_d3,B,3,34,7.11e-05,19.1492224,25,25,25,25,corrected_reduced_deck_swap_heavy_fixed_r2,random_expectimax_d3
2,random,expectimax_d3,B,8,21,8.02e-05,15.0663466,24,24,25,25,corrected_reduced_deck_swap_heavy_fixed_r2,random_expectimax_d3
0,random,greedy,B,13,25,6.89e-05,0.112206,25,25,25,25,corrected_reduced_deck_swap_heavy_fixed_r2,random_greedy
1,random,greedy,B,4,40,7.11e-05,0.1309349,25,25,25,25,corrected_reduced_deck_swap_heavy_fixed_r2,random_greedy
2,random,greedy,B,7,22,6.05e-05,0.1534913,24,24,25,25,corrected_reduced_deck_swap_heavy_fixed_r2,random_greedy
0,random,mcts,B,10,38,9.11e-05,4.445994,25,25,25,25,corrected_reduced_deck_swap_heavy_fixed_r2,random_mcts
1,random,mcts,B,4,32,0.0002045,3.8767815,25,25,25,25,corrected_reduced_deck_swap_heavy_fixed_r2,random_mcts
2,random,mcts,B,5,24,7.23e-05,3.8137224,23,23,25,25,corrected_reduced_deck_swap_heavy_fixed_r2,random_mcts
0,random,rule,B,7,40,5.78e-05,0.073473,25,25,25,25,corrected_reduced_deck_swap_heavy_fixed_r2,random_rule
1,random,rule,B,5,43,5.61e-05,0.0728454,25,25,25,25,corrected_reduced_deck_swap_heavy_fixed_r2,random_rule
2,random,rule,B,3,41,6.27e-05,0.0857116,24,24,25,25,corrected_reduced_deck_swap_heavy_fixed_r2,random_rule
0,rule,expectimax_d2,A,37,13,0.1214106,3.1137718,25,25,25,25,corrected_reduced_deck_swap_heavy_fixed_r2,rule_expectimax_d2
1,rule,expectimax_d2,A,37,11,0.1149824,2.6911698,25,25,25,25,corrected_reduced_deck_swap_heavy_fixed_r2,rule_expectimax_d2
2,rule,expectimax_d2,A,32,14,0.1163118,2.4000341,25,25,25,25,corrected_reduced_deck_swap_heavy_fixed_r2,rule_expectimax_d2
0,rule,expectimax_d3,A,39,10,0.1055488,25.8619647,25,25,25,25,corrected_reduced_deck_swap_heavy_fixed_r2,rule_expectimax_d3
1,rule,expectimax_d3,A,32,18,0.1177604,29.1262638,25,25,25,25,corrected_reduced_deck_swap_heavy_fixed_r2,rule_expectimax_d3
2,rule,expectimax_d3,A,32,14,0.104521,17.7178741,25,25,25,25,corrected_reduced_deck_swap_heavy_fixed_r2,rule_expectimax_d3
0,rule,greedy,A,35,17,0.0902376,0.1366296,25,25,25,25,corrected_reduced_deck_swap_heavy_fixed_r2,rule_greedy
1,rule,greedy,A,38,9,0.1173823,0.2012673,25,25,25,25,corrected_reduced_deck_swap_heavy_fixed_r2,rule_greedy
2,rule,greedy,A,32,14,0.1384137,0.2190265,25,25,25,25,corrected_reduced_deck_swap_heavy_fixed_r2,rule_greedy
0,rule,mcts,A,39,14,0.1048631,4.0392854,25,25,25,25,corrected_reduced_deck_swap_heavy_fixed_r2,rule_mcts
1,rule,mcts,A,31,22,0.0722712,3.8714343,25,25,25,25,corrected_reduced_deck_swap_heavy_fixed_r2,rule_mcts
2,rule,mcts,A,29,20,0.0817512,4.0622407,25,25,25,25,corrected_reduced_deck_swap_heavy_fixed_r2,rule_mcts
0,rule,random,A,47,4,0.0740888,6.24e-05,25,25,25,25,corrected_reduced_deck_swap_heavy_fixed_r2,rule_random
1,rule,random,A,46,5,0.0694627,4.97e-05,25,25,25,25,corrected_reduced_deck_swap_heavy_fixed_r2,rule_random
2,rule,random,A,43,3,0.0902478,7.95e-05,25,25,25,25,corrected_reduced_deck_swap_heavy_fixed_r2,rule_random
