mode,agent,capture_type
corrected_reduced_board_default_fixed_r2,expectimax_d3,net
corrected_reduced_board_default_fixed_r2,expectimax_d2,net
corrected_reduced_board_default_fixed_r2,expectimax_d3,adjacent
corrected_reduced_board_default_fixed_r2,expectimax_d3,adjacent
corrected_reduced_board_default_fixed_r2,expectimax_d3,adjacent
corrected_reduced_board_default_fixed_r2,expectimax_d3,adjacent
corrected_reduced_board_default_fixed_r2,expectimax_d2,adjacent
corrected_reduced_board_default_fixed_r2,expectimax_d2,adjacent
corrected_reduced_board_default_fixed_r2,expectimax_d2,adjacent
corrected_reduced_board_default_fixed_r2,expectimax_d2,net
corrected_reduced_board_default_fixed_r2,expectimax_d2,adjacent
corrected_reduced_board_default_fixed_r2,expectimax_d2,adjacent
corrected_reduced_board_default_fixed_r2,expectimax_d3,adjacent
corrected_reduced_board_default_fixed_r2,expectimax_d3,adjacent
corrected_reduced_board_default_fixed_r2,expectimax_d2,adjacent
corrected_reduced_board_default_fixed_r2,expectimax_d2,adjacent
corrected_reduced_board_default_fixed_r2,expectimax_d2,adjacent
corrected_reduced_board_default_fixed_r2,expectimax_d2,adjacent
corrected_reduced_board_default_fixed_r2,expectimax_d3,adjacent
corrected_reduced_board_default_fixed_r2,expectimax_d2,adjacent
corrected_reduced_board_default_fixed_r2,expectimax_d2,adjacent
corrected_reduced_board_default_fixed_r2,expectimax_d3,adjacent
corrected_reduced_board_default_fixed_r2,expectimax_d2,net
corrected_reduced_board_default_fixed_r2,expectimax_d3,adjacent
corrected_reduced_board_default_fixed_r2,expectimax_d2,adjacent
corrected_reduced_board_default_fixed_r2,expectimax_d2,adjacent
corrected_reduced_board_default_fixed_r2,expectimax_d3,adjacent
corrected_reduced_board_default_fixed_r2,expectimax_d3,adjacent
corrected_reduced_board_default_fixed_r2,expectimax_d3,adjacent
corrected_reduced_board_default_fixed_r2,greedy,net
corrected_reduced_board_default_fixed_r2,greedy,net
corrected_reduced_board_default_fixed_r2,expectimax_d2,net
corrected_reduced_board_default_fixed_r2,expectimax_d2,net
corrected_reduced_board_default_fixed_r2,greedy,adjacent
corrected_reduced_board_default_fixed_r2,greedy,adjacent
corrected_reduced_board_default_fixed_r2,greedy,adjacent
corrected_reduced_board_default_fixed_r2,greedy,adjacent
corrected_reduced_board_default_fixed_r2,greedy,adjacent
corrected_reduced_board_default_fixed_r2,expectimax_d2,adjacent
corrected_reduced_board_default_fixed_r2,expectimax_d2,net
corrected_reduced_board_default_fixed_r2,expectimax_d2,adjacent
corrected_reduced_board_default_fixed_r2,expectimax_d2,adjacent
corrected_reduced_board_default_fixed_r2,greedy,net
corrected_reduced_board_default_fixed_r2,expectimax_d2,adjacent
corrected_reduced_board_default_fixed_r2,expectimax_d2,adjacent
corrected_reduced_board_default_fixed_r2,expectimax_d2,adjacent
corrected_reduced_board_default_fixed_r2,expectimax_d2,adjacent
corrected_reduced_board_default_fixed_r2,expectimax_d2,adjacent
corrected_reduced_board_default_fixed_r2,greedy,adjacent
corrected_reduced_board_default_fixed_r2,expectimax_d2,adjacent
corrected_reduced_board_default_fixed_r2,expectimax_d2,adjacent
corrected_reduced_board_default_fixed_r2,greedy,adjacent
corrected_reduced_board_default_fixed_r2,expectimax_d2,adjacent
corrected_reduced_board_default_fixed_r2,greedy,adjacent
corrected_reduced_board_default_fixed_r2,greedy,adjacent
corrected_reduced_board_default_fixed_r2,greedy,adjacent
corrected_reduced_board_default_fixed_r2,greedy,adjacent
corrected_reduced_board_default_fixed_r2,greedy,adjacent
corrected_reduced_board_default_fixed_r2,greedy,adjacent
corrected_reduced_board_default_fixed_r2,mcts,adjacent
corrected_reduced_board_default_fixed_r2,expectimax_d2,adjacent
corrected_reduced_board_default_fixed_r2,expectimax_d2,adjacent
corrected_reduced_board_default_fixed_r2,expectimax_d2,net
corrected_reduced_board_default_fixed_r2,mcts,adjacent
corrected_reduced_board_default_fixed_r2,expectimax_d2,adjacent
corrected_reduced_board_default_fixed_r2,mcts,adjacent
corrected_reduced_board_default_fixed_r2,mcts,adjacent
corrected_reduced_board_default_fixed_r2,expectimax_d2,adjacent
corrected_reduced_board_default_fixed_r2,expectimax_d2,adjacent
corrected_reduced_board_default_fixed_r2,mcts,adjacent
corrected_reduced_board_default_fixed_r2,expectimax_d2,adjacent
corrected_reduced_board_default_fixed_r2,expectimax_d2,adjacent
corrected_reduced_board_default_fixed_r2,mcts,adjacent
corrected_reduced_board_default_fixed_r2,expectimax_d2,adjacent
corrected_reduced_board_default_fixed_r2,expectimax_d2,adjacent
corrected_reduced_board_default_fixed_r2,expectimax_d2,adjacent
corrected_reduced_board_default_fixed_r2,expectimax_d2,adjacent
corrected_reduced_board_default_fixed_r2,expectimax_d2,adjacent
corrected_reduced_board_default_fixed_r2,mcts,adjacent
corrected_reduced_board_default_fixed_r2,mcts,adjacent
corrected_reduced_board_default_fixed_r2,expectimax_d2,adjacent
corrected_reduced_board_default_fixed_r2,expectimax_d2,adjacent
corrected_reduced_board_default_fixed_r2,expectimax_d2,adjacent
corrected_reduced_board_default_fixed_r2,mcts,adjacent
corrected_reduced_board_default_fixed_r2,mcts,adjacent
corrected_reduced_board_default_fixed_r2,mcts,adjacent
corrected_reduced_board_default_fixed_r2,mcts,adjacent
corrected_reduced_board_default_fixed_r2,mcts,net
corrected_reduced_board_default_fixed_r2,expectimax_d2,adjacent
corrected_reduced_board_default_fixed_r2,expectimax_d2,net
corrected_reduced_board_default_fixed_r2,expectimax_d2,adjacent
corrected_reduced_board_default_fixed_r2,expectimax_d2,adjacent
corrected_reduced_board_default_fixed_r2,expectimax_d2,net
corrected_reduced_board_default_fixed_r2,expectimax_d2,adjacent
corrected_reduced_board_default_fixed_r2,expectimax_d2,adjacent
corrected_reduced_board_default_fixed_r2,expectimax_d2,adjacent
corrected_reduced_board_default_fixed_r2,random,net
corrected_reduced_board_default_fixed_r2,expectimax_d2,net
corrected_reduced_board_default_fixed_r2,expectimax_d2,adjacent
corrected_reduced_board_default_fixed_r2,expectimax_d2,net
corrected_reduced_board_default_fixed_r2,expectimax_d2,adjacent
corrected_reduced_board_default_fixed_r2,expectimax_d2,adjacent
corrected_reduced_board_default_fixed_r2,expectimax_d2,adjacent
corrected_reduced_board_default_fixed_r2,expectimax_d2,adjacent
corrected_reduced_board_default_fixed_r2,expectimax_d2,adjacent
corrected_reduced_board_default_fixed_r2,expectimax_d2,adjacent
corrected_reduced_board_default_fixed_r2,expectimax_d2,adjacent
corrected_reduced_board_default_fixed_r2,expectimax_d2,net
corrected_reduced_board_default_fixed_r2,random,adjacent
corrected_reduced_board_default_fixed_r2,expectimax_d2,adjacent
corrected_reduced_board_default_fixed_r2,expectimax_d2,net
corrected_reduced_board_default_fixed_r2,expectimax_d2,adjacent
corrected_reduced_board_default_fixed_r2,expectimax_d2,net
corrected_reduced_board_default_fixed_r2,expectimax_d2,adjacent
corrected_reduced_board_default_fixed_r2,expectimax_d2,adjacent
corrected_reduced_board_default_fixed_r2,expectimax_d2,adjacent
corrected_reduced_board_default_fixed_r2,rule,adjacent
corrected_reduced_board_default_fixed_r2,rule,adjacent
corrected_reduced_board_default_fixed_r2,rule,adjacent
corrected_reduced_board_default_fixed_r2,expectimax_d2,adjacent
corrected_reduced_board_default_fixed_r2,rule,adjacent
corrected_reduced_board_default_fixed_r2,rule,adjacent
corrected_reduced_board_default_fixed_r2,expectimax_d2,adjacent
corrected_reduced_board_default_fixed_r2,rule,adjacent
corrected_reduced_board_default_fixed_r2,expectimax_d2,adjacent
corrected_reduced_board_default_fixed_r2,expectimax_d2,adjacent
corrected_reduced_board_default_fixed_r2,expectimax_d2,net
corrected_reduced_board_default_fixed_r2,expectimax_d2,net
corrected_reduced_board_default_fixed_r2,rule,adjacent
corrected_reduced_board_default_fixed_r2,rule,adjacent
corrected_reduced_board_default_fixed_r2,expectimax_d2,adjacent
corrected_reduced_board_default_fixed_r2,rule,adjacent
corrected_reduced_board_default_fixed_r2,expectimax_d2,adjacent
corrected_reduced_board_default_fixed_r2,rule,adjacent
corrected_reduced_board_default_fixed_r2,expectimax_d2,adjacent
corrected_reduced_board_default_fixed_r2,expectimax_d2,adjacent
corrected_reduced_board_default_fixed_r2,expectimax_d2,adjacent
corrected_reduced_board_default_fixed_r2,expectimax_d2,net
corrected_reduced_board_default_fixed_r2,expectimax_d2,adjacent
corrected_reduced_board_default_fixed_r2,rule,adjacent
corrected_reduced_board_default_fixed_r2,expectimax_d2,adjacent
corrected_reduced_board_default_fixed_r2,rule,adjacent
corrected_reduced_board_default_fixed_r2,rule,adjacent
corrected_reduced_board_default_fixed_r2,rule,adjacent
corrected_reduced_board_default_fixed_r2,expectimax_d2,net
corrected_reduced_board_default_fixed_r2,expectimax_d2,net
corrected_reduced_board_default_fixed_r2,expectimax_d3,net
corrected_reduced_board_default_fixed_r2,expectimax_d3,net
corrected_reduced_board_default_fixed_r2,expectimax_d2,adjacent
corrected_reduced_board_default_fixed_r2,expectimax_d2,adjacent
corrected_reduced_board_default_fixed_r2,expectimax_d2,adjacent
corrected_reduced_board_default_fixed_r2,expectimax_d2,adjacent
corrected_reduced_board_default_fixed_r2,expectimax_d2,adjacent
corrected_reduced_board_default_fixed_r2,expectimax_d2,adjacent
corrected_reduced_board_default_fixed_r2,expectimax_d3,net
corrected_reduced_board_default_fixed_r2,expectimax_d3,adjacent
corrected_reduced_board_default_fixed_r2,expectimax_d3,adjacent
corrected_reduced_board_default_fixed_r2,expectimax_d2,net
corrected_reduced_board_default_fixed_r2,expectimax_d3,adjacent
corrected_reduced_board_default_fixed_r2,expectimax_d3,adjacent
corrected_reduced_board_default_fixed_r2,expectimax_d3,adjacent
corrected_reduced_board_default_fixed_r2,expectimax_d3,adjacent
corrected_reduced_board_default_fixed_r2,expectimax_d3,adjacent
corrected_reduced_board_default_fixed_r2,expectimax_d2,adjacent
corrected_reduced_board_default_fixed_r2,expectimax_d3,adjacent
corrected_reduced_board_default_fixed_r2,expectimax_d3,adjacent
corrected_reduced_board_default_fixed_r2,expectimax_d2,adjacent
corrected_reduced_board_default_fixed_r2,expectimax_d3,adjacent
corrected_reduced_board_default_fixed_r2,expectimax_d2,adjacent
corrected_reduced_board_default_fixed_r2,expectimax_d2,adjacent
corrected_reduced_board_default_fixed_r2,expectimax_d2,adjacent
corrected_reduced_board_default_fixed_r2,expectimax_d2,adjacent
corrected_reduced_board_default_fixed_r2,expectimax_d2,adjacent
corrected_reduced_board_default_fixed_r2,expectimax_d2,adjacent
corrected_reduced_board_default_fixed_r2,greedy,net
corrected_reduced_board_default_fixed_r2,greedy,net
corrected_reduced_board_default_fixed_r2,expectimax_d3,net
corrected_reduced_board_default_fixed_r2,expectimax_d3,net
corrected_reduced_board_default_fixed_r2,greedy,adjacent
corrected_reduced_board_default_fixed_r2,greedy,adjacent
corrected_reduced_board_default_fixed_r2,greedy,adjacent
corrected_reduced_board_default_fixed_r2,greedy,adjacent
corrected_reduced_board_default_fixed_r2,greedy,adjacent
corrected_reduced_board_default_fixed_r2,expectimax_d3,adjacent
corrected_reduced_board_default_fixed_r2,expectimax_d3,net
corrected_reduced_board_default_fixed_r2,expectimax_d3,adjacent
corrected_reduced_board_default_fixed_r2,expectimax_d3,adjacent
corrected_reduced_board_default_fixed_r2,greedy,net
corrected_reduced_board_default_fixed_r2,expectimax_d3,adjacent
corrected_reduced_board_default_fixed_r2,expectimax_d3,adjacent
corrected_reduced_board_default_fixed_r2,expectimax_d3,adjacent
corrected_reduced_board_default_fixed_r2,expectimax_d3,adjacent
corrected_reduced_board_default_fixed_r2,expectimax_d3,adjacent
corrected_reduced_board_default_fixed_r2,greedy,adjacent
corrected_reduced_board_default_fixed_r2,expectimax_d3,adjacent
corrected_reduced_board_default_fixed_r2,expectimax_d3,adjacent
corrected_reduced_board_default_fixed_r2,greedy,adjacent
corrected_reduced_board_default_fixed_r2,expectimax_d3,adjacent
corrected_reduced_board_default_fixed_r2,greedy,adjacent
corrected_reduced_board_default_fixed_r2,greedy,adjacent
corrected_reduced_board_default_fixed_r2,greedy,adjacent
corrected_reduced_board_default_fixed_r2,greedy,adjacent
corrected_reduced_board_default_fixed_r2,greedy,adjacent
corrected_reduced_board_default_fixed_r2,greedy,adjacent
corrected_reduced_board_default_fixed_r2,mcts,adjacent
corrected_reduced_board_default_fixed_r2,expectimax_d3,adjacent
corrected_reduced_board_default_fixed_r2,expectimax_d3,adjacent
corrected_reduced_board_default_fixed_r2,expectimax_d3,net
corrected_reduced_board_default_fixed_r2,mcts,adjacent
corrected_reduced_board_default_fixed_r2,expectimax_d3,adjacent
corrected_reduced_board_default_fixed_r2,mcts,adjacent
corrected_reduced_board_default_fixed_r2,mcts,adjacent
corrected_reduced_board_default_fixed_r2,expectimax_d3,adjacent
corrected_reduced_board_default_fixed_r2,mcts,adjacent
corrected_reduced_board_default_fixed_r2,mcts,adjacent
corrected_reduced_board_default_fixed_r2,expectimax_d3,adjacent
corrected_reduced_board_default_fixed_r2,expectimax_d3,adjacent
corrected_reduced_board_default_fixed_r2,mcts,adjacent
corrected_reduced_board_default_fixed_r2,expectimax_d3,adjacent
corrected_reduced_board_default_fixed_r2,expectimax_d3,adjacent
corrected_reduced_board_default_fixed_r2,expectimax_d3,adjacent
corrected_reduced_board_default_fixed_r2,expectimax_d3,adjacent
corrected_reduced_board_default_fixed_r2,expectimax_d3,net
corrected_reduced_board_default_fixed_r2,mcts,adjacent
corrected_reduced_board_default_fixed_r2,expectimax_d3,adjacent
corrected_reduced_board_default_fixed_r2,expectimax_d3,net
corrected_reduced_board_default_fixed_r2,expectimax_d3,net
corrected_reduced_board_default_fixed_r2,expectimax_d3,adjacent
corrected_reduced_board_default_fixed_r2,mcts,net
corrected_reduced_board_default_fixed_r2,mcts,adjacent
corrected_reduced_board_default_fixed_r2,expectimax_d3,adjacent
corrected_reduced_board_default_fixed_r2,mcts,adjacent
corrected_reduced_board_default_fixed_r2,mcts,adjacent
corrected_reduced_board_default_fixed_r2,expectimax_d3,adjacent
corrected_reduced_board_default_fixed_r2,expectimax_d3,net
corrected_reduced_board_default_fixed_r2,expectimax_d3,adjacent
corrected_reduced_board_default_fixed_r2,expectimax_d3,adjacent
corrected_reduced_board_default_fixed_r2,expectimax_d3,adjacent
corrected_reduced_board_default_fixed_r2,expectimax_d3,adjacent
corrected_reduced_board_default_fixed_r2,expectimax_d3,adjacent
corrected_reduced_board_default_fixed_r2,expectimax_d3,adjacent
corrected_reduced_board_default_fixed_r2,expectimax_d3,adjacent
corrected_reduced_board_default_fixed_r2,expectimax_d3,net
corrected_reduced_board_default_fixed_r2,expectimax_d3,adjacent
corrected_reduced_board_default_fixed_r2,expectimax_d3,net
corrected_reduced_board_default_fixed_r2,expectimax_d3,net
corrected_reduced_board_default_fixed_r2,expectimax_d3,adjacent
corrected_reduced_board_default_fixed_r2,expectimax_d3,adjacent
corrected_reduced_board_default_fixed_r2,expectimax_d3,adjacent
corrected_reduced_board_default_fixed_r2,expectimax_d3,adjacent
corrected_reduced_board_default_fixed_r2,expectimax_d3,adjacent
corrected_reduced_board_default_fixed_r2,expectimax_d3,adjacent
corrected_reduced_board_default_fixed_r2,expectimax_d3,net
corrected_reduced_board_default_fixed_r2,expectimax_d3,adjacent
corrected_reduced_board_default_fixed_r2,expectimax_d3,adjacent
corrected_reduced_board_default_fixed_r2,expectimax_d3,adjacent
corrected_reduced_board_default_fixed_r2,expectimax_d3,adjacent
corrected_reduced_board_default_fixed_r2,expectimax_d3,adjacent
corrected_reduced_board_default_fixed_r2,expectimax_d3,adjacent
corrected_reduced_board_default_fixed_r2,expectimax_d3,adjacent
corrected_reduced_board_default_fixed_r2,rule,adjacent
corrected_reduced_board_default_fixed_r2,rule,adjacent
corrected_reduced_board_default_fixed_r2,rule,adjacent
corrected_reduced_board_default_fixed_r2,expectimax_d3,adjacent
corrected_reduced_board_default_fixed_r2,rule,adjacent
corrected_reduced_board_default_fixed_r2,rule,adjacent
corrected_reduced_board_default_fixed_r2,expectimax_d3,adjacent
corrected_reduced_board_default_fixed_r2,rule,adjacent
corrected_reduced_board_default_fixed_r2,expectimax_d3,adjacent
corrected_reduced_board_default_fixed_r2,expectimax_d3,adjacent
corrected_reduced_board_default_fixed_r2,expectimax_d3,net
corrected_reduced_board_default_fixed_r2,expectimax_d3,net
corrected_reduced_board_default_fixed_r2,rule,adjacent
corrected_reduced_board_default_fixed_r2,expectimax_d3,adjacent
corrected_reduced_board_default_fixed_r2,expectimax_d3,adjacent
corrected_reduced_board_default_fixed_r2,expectimax_d3,adjacent
corrected_reduced_board_default_fixed_r2,expectimax_d3,adjacent
corrected_reduced_board_default_fixed_r2,expectimax_d3,adjacent
corrected_reduced_board_default_fixed_r2,rule,adjacent
corrected_reduced_board_default_fixed_r2,expectimax_d3,adjacent
corrected_reduced_board_default_fixed_r2,expectimax_d3,adjacent
corrected_reduced_board_default_fixed_r2,expectimax_d3,net
corrected_reduced_board_default_fixed_r2,expectimax_d3,adjacent
corrected_reduced_board_default_fixed_r2,expectimax_d3,adjacent
corrected_reduced_board_default_fixed_r2,rule,adjacent
corrected_reduced_board_default_fixed_r2,expectimax_d3,adjacent
corrected_reduced_board_default_fixed_r2,rule,adjacent
corrected_reduced_board_default_fixed_r2,rule,adjacent
corrected_reduced_board_default_fixed_r2,expectimax_d2,net
corrected_reduced_board_default_fixed_r2,expectimax_d2,net
corrected_reduced_board_default_fixed_r2,expectimax_d2,net
corrected_reduced_board_default_fixed_r2,expectimax_d2,adjacent
corrected_reduced_board_default_fixed_r2,expectimax_d2,adjacent
corrected_reduced_board_default_fixed_r2,expectimax_d2,adjacent
corrected_reduced_board_default_fixed_r2,greedy,adjacent
corrected_reduced_board_default_fixed_r2,expectimax_d2,adjacent
corrected_reduced_board_default_fixed_r2,greedy,adjacent
corrected_reduced_board_default_fixed_r2,greedy,net
corrected_reduced_board_default_fixed_r2,greedy,adjacent
corrected_reduced_board_default_fixed_r2,greedy,adjacent
corrected_reduced_board_default_fixed_r2,expectimax_d2,net
corrected_reduced_board_default_fixed_r2,expectimax_d2,net
corrected_reduced_board_default_fixed_r2,greedy,adjacent
corrected_reduced_board_default_fixed_r2,greedy,adjacent
corrected_reduced_board_default_fixed_r2,greedy,adjacent
corrected_reduced_board_default_fixed_r2,expectimax_d2,adjacent
corrected_reduced_board_default_fixed_r2,greedy,adjacent
corrected_reduced_board_default_fixed_r2,greedy,adjacent
corrected_reduced_board_default_fixed_r2,greedy,net
corrected_reduced_board_default_fixed_r2,greedy,net
corrected_reduced_board_default_fixed_r2,greedy,adjacent
corrected_reduced_board_default_fixed_r2,expectimax_d2,adjacent
corrected_reduced_board_default_fixed_r2,greedy,adjacent
corrected_reduced_board_default_fixed_r2,expectimax_d2,adjacent
corrected_reduced_board_default_fixed_r2,expectimax_d2,adjacent
corrected_reduced_board_default_fixed_r2,expectimax_d2,adjacent
corrected_reduced_board_default_fixed_r2,expectimax_d3,net
corrected_reduced_board_default_fixed_r2,greedy,net
corrected_reduced_board_default_fixed_r2,expectimax_d3,adjacent
corrected_reduced_board_default_fixed_r2,expectimax_d3,adjacent
corrected_reduced_board_default_fixed_r2,expectimax_d3,adjacent
corrected_reduced_board_default_fixed_r2,expectimax_d3,adjacent
corrected_reduced_board_default_fixed_r2,greedy,adjacent
corrected_reduced_board_default_fixed_r2,greedy,adjacent
corrected_reduced_board_default_fixed_r2,greedy,adjacent
corrected_reduced_board_default_fixed_r2,greedy,net
corrected_reduced_board_default_fixed_r2,greedy,adjacent
corrected_reduced_board_default_fixed_r2,greedy,adjacent
corrected_reduced_board_default_fixed_r2,expectimax_d3,adjacent
corrected_reduced_board_default_fixed_r2,greedy,adjacent
corrected_reduced_board_default_fixed_r2,greedy,adjacent
corrected_reduced_board_default_fixed_r2,greedy,adjacent
corrected_reduced_board_default_fixed_r2,greedy,adjacent
corrected_reduced_board_default_fixed_r2,greedy,adjacent
corrected_reduced_board_default_fixed_r2,expectimax_d3,adjacent
corrected_reduced_board_default_fixed_r2,greedy,adjacent
corrected_reduced_board_default_fixed_r2,greedy,net
corrected_reduced_board_default_fixed_r2,greedy,net
corrected_reduced_board_default_fixed_r2,greedy,adjacent
corrected_reduced_board_default_fixed_r2,expectimax_d3,adjacent
corrected_reduced_board_default_fixed_r2,greedy,adjacent
corrected_reduced_board_default_fixed_r2,expectimax_d3,adjacent
corrected_reduced_board_default_fixed_r2,expectimax_d3,adjacent
corrected_reduced_board_default_fixed_r2,greedy,adjacent
corrected_reduced_board_default_fixed_r2,mcts,adjacent
corrected_reduced_board_default_fixed_r2,greedy,adjacent
corrected_reduced_board_default_fixed_r2,greedy,adjacent
corrected_reduced_board_default_fixed_r2,greedy,net
corrected_reduced_board_default_fixed_r2,mcts,adjacent
corrected_reduced_board_default_fixed_r2,greedy,adjacent
corrected_reduced_board_default_fixed_r2,mcts,adjacent
corrected_reduced_board_default_fixed_r2,mcts,adjacent
corrected_reduced_board_default_fixed_r2,mcts,adjacent
corrected_reduced_board_default_fixed_r2,mcts,adjacent
corrected_reduced_board_default_fixed_r2,mcts,adjacent
corrected_reduced_board_default_fixed_r2,greedy,adjacent
corrected_reduced_board_default_fixed_r2,greedy,adjacent
corrected_reduced_board_default_fixed_r2,mcts,adjacent
corrected_reduced_board_default_fixed_r2,greedy,adjacent
corrected_reduced_board_default_fixed_r2,greedy,adjacent
corrected_reduced_board_default_fixed_r2,greedy,adjacent
corrected_reduced_board_default_fixed_r2,greedy,adjacent
corrected_reduced_board_default_fixed_r2,greedy,adjacent
corrected_reduced_board_default_fixed_r2,mcts,adjacent
corrected_reduced_board_default_fixed_r2,greedy,net
corrected_reduced_board_default_fixed_r2,mcts,adjacent
corrected_reduced_board_default_fixed_r2,greedy,adjacent
corrected_reduced_board_default_fixed_r2,greedy,adjacent
corrected_reduced_board_default_fixed_r2,mcts,adjacent
corrected_reduced_board_default_fixed_r2,greedy,adjacent
corrected_reduced_board_default_fixed_r2,greedy,adjacent
corrected_reduced_board_default_fixed_r2,greedy,adjacent
corrected_reduced_board_default_fixed_r2,mcts,adjacent
corrected_reduced_board_default_fixed_r2,greedy,adjacent
corrected_reduced_board_default_fixed_r2,greedy,net
corrected_reduced_board_default_fixed_r2,greedy,adjacent
corrected_reduced_board_default_fixed_r2,greedy,adjacent
corrected_reduced_board_default_fixed_r2,greedy,adjacent
corrected_reduced_board_default_fixed_r2,greedy,net
corrected_reduced_board_default_fixed_r2,greedy,adjacent
corrected_reduced_board_default_fixed_r2,greedy,net
corrected_reduced_board_default_fixed_r2,greedy,net
corrected_reduced_board_default_fixed_r2,greedy,net
corrected_reduced_board_default_fixed_r2,greedy,adjacent
corrected_reduced_board_default_fixed_r2,greedy,adjacent
corrected_reduced_board_default_fixed_r2,greedy,adjacent
corrected_reduced_board_default_fixed_r2,greedy,adjacent
corrected_reduced_board_default_fixed_r2,greedy,net
corrected_reduced_board_default_fixed_r2,greedy,adjacent
corrected_reduced_board_default_fixed_r2,greedy,adjacent
corrected_reduced_board_default_fixed_r2,greedy,adjacent
corrected_reduced_board_default_fixed_r2,greedy,adjacent
corrected_reduced_board_default_fixed_r2,greedy,net
corrected_reduced_board_default_fixed_r2,greedy,adjacent
corrected_reduced_board_default_fixed_r2,random,adjacent
corrected_reduced_board_default_fixed_r2,greedy,adjacent
corrected_reduced_board_default_fixed_r2,greedy,adjacent
corrected_reduced_board_default_fixed_r2,greedy,net
corrected_reduced_board_default_fixed_r2,greedy,net
corrected_reduced_board_default_fixed_r2,greedy,adjacent
corrected_reduced_board_default_fixed_r2,greedy,net
corrected_reduced_board_default_fixed_r2,greedy,net
corrected_reduced_board_default_fixed_r2,rule,adjacent
corrected_reduced_board_default_fixed_r2,rule,adjacent
corrected_reduced_board_default_fixed_r2,rule,adjacent
corrected_reduced_board_default_fixed_r2,rule,adjacent
corrected_reduced_board_default_fixed_r2,rule,adjacent
corrected_reduced_board_default_fixed_r2,rule,adjacent
corrected_reduced_board_default_fixed_r2,greedy,adjacent
corrected_reduced_board_default_fixed_r2,greedy,adjacent
corrected_reduced_board_default_fixed_r2,greedy,adjacent
corrected_reduced_board_default_fixed_r2,greedy,net
corrected_reduced_board_default_fixed_r2,greedy,net
corrected_reduced_board_default_fixed_r2,rule,adjacent
corrected_reduced_board_default_fixed_r2,greedy,adjacent
corrected_reduced_board_default_fixed_r2,greedy,adjacent
corrected_reduced_board_default_fixed_r2,greedy,adjacent
corrected_reduced_board_default_fixed_r2,greedy,adjacent
corrected_reduced_board_default_fixed_r2,greedy,adjacent
corrected_reduced_board_default_fixed_r2,rule,adjacent
corrected_reduced_board_default_fixed_r2,greedy,adjacent
corrected_reduced_board_default_fixed_r2,greedy,adjacent
corrected_reduced_board_default_fixed_r2,rule,adjacent
corrected_reduced_board_default_fixed_r2,greedy,net
corrected_reduced_board_default_fixed_r2,rule,adjacent
corrected_reduced_board_default_fixed_r2,greedy,adjacent
corrected_reduced_board_default_fixed_r2,rule,adjacent
corrected_reduced_board_default_fixed_r2,rule,adjacent
corrected_reduced_board_default_fixed_r2,rule,adjacent
corrected_reduced_board_default_fixed_r2,rule,adjacent
corrected_reduced_board_default_fixed_r2,expectimax_d2,adjacent
corrected_reduced_board_default_fixed_r2,expectimax_d2,net
corrected_reduced_board_default_fixed_r2,expectimax_d2,adjacent
corrected_reduced_board_default_fixed_r2,mcts,adjacent
corrected_reduced_board_default_fixed_r2,expectimax_d2,net
corrected_reduced_board_default_fixed_r2,expectimax_d2,adjacent
corrected_reduced_board_default_fixed_r2,mcts,adjacent
corrected_reduced_board_default_fixed_r2,expectimax_d2,adjacent
corrected_reduced_board_default_fixed_r2,mcts,net
corrected_reduced_board_default_fixed_r2,expectimax_d2,adjacent
corrected_reduced_board_default_fixed_r2,mcts,adjacent
corrected_reduced_board_default_fixed_r2,expectimax_d2,adjacent
corrected_reduced_board_default_fixed_r2,expectimax_d2,adjacent
corrected_reduced_board_default_fixed_r2,mcts,adjacent
corrected_reduced_board_default_fixed_r2,mcts,adjacent
corrected_reduced_board_default_fixed_r2,expectimax_d2,adjacent
corrected_reduced_board_default_fixed_r2,mcts,adjacent
corrected_reduced_board_default_fixed_r2,mcts,adjacent
corrected_reduced_board_default_fixed_r2,mcts,adjacent
corrected_reduced_board_default_fixed_r2,mcts,adjacent
corrected_reduced_board_default_fixed_r2,mcts,adjacent
corrected_reduced_board_default_fixed_r2,expectimax_d2,adjacent
corrected_reduced_board_default_fixed_r2,mcts,adjacent
corrected_reduced_board_default_fixed_r2,expectimax_d2,adjacent
corrected_reduced_board_default_fixed_r2,mcts,adjacent
corrected_reduced_board_default_fixed_r2,expectimax_d2,adjacent
corrected_reduced_board_default_fixed_r2,mcts,adjacent
corrected_reduced_board_default_fixed_r2,expectimax_d2,adjacent
corrected_reduced_board_default_fixed_r2,expectimax_d3,adjacent
corrected_reduced_board_default_fixed_r2,expectimax_d3,adjacent
corrected_reduced_board_default_fixed_r2,expectimax_d3,net
corrected_reduced_board_default_fixed_r2,expectimax_d3,adjacent
corrected_reduced_board_default_fixed_r2,expectimax_d3,adjacent
corrected_reduced_board_default_fixed_r2,expectimax_d3,adjacent
corrected_reduced_board_default_fixed_r2,mcts,adjacent
corrected_reduced_board_default_fixed_r2,expectimax_d3,adjacent
corrected_reduced_board_default_fixed_r2,expectimax_d3,adjacent
corrected_reduced_board_default_fixed_r2,expectimax_d3,adjacent
corrected_reduced_board_default_fixed_r2,mcts,adjacent
corrected_reduced_board_default_fixed_r2,expectimax_d3,adjacent
corrected_reduced_board_default_fixed_r2,expectimax_d3,adjacent
corrected_reduced_board_default_fixed_r2,mcts,adjacent
corrected_reduced_board_default_fixed_r2,mcts,adjacent
corrected_reduced_board_default_fixed_r2,expectimax_d3,adjacent
corrected_reduced_board_default_fixed_r2,mcts,adjacent
corrected_reduced_board_default_fixed_r2,mcts,adjacent
corrected_reduced_board_default_fixed_r2,mcts,adjacent
corrected_reduced_board_default_fixed_r2,mcts,adjacent
corrected_reduced_board_default_fixed_r2,expectimax_d3,adjacent
corrected_reduced_board_default_fixed_r2,mcts,adjacent
corrected_reduced_board_default_fixed_r2,expectimax_d3,adjacent
corrected_reduced_board_default_fixed_r2,mcts,adjacent
corrected_reduced_board_default_fixed_r2,expectimax_d3,adjacent
corrected_reduced_board_default_fixed_r2,mcts,adjacent
corrected_reduced_board_default_fixed_r2,mcts,adjacent
corrected_reduced_board_default_fixed_r2,mcts,adjacent
corrected_reduced_board_default_fixed_r2,expectimax_d3,adjacent
corrected_reduced_board_default_fixed_r2,greedy,adjacent
corrected_reduced_board_default_fixed_r2,greedy,adjacent
corrected_reduced_board_default_fixed_r2,greedy,net
corrected_reduced_board_default_fixed_r2,greedy,adjacent
corrected_reduced_board_default_fixed_r2,greedy,adjacent
corrected_reduced_board_default_fixed_r2,greedy,adjacent
corrected_reduced_board_default_fixed_r2,mcts,adjacent
corrected_reduced_board_default_fixed_r2,greedy,adjacent
corrected_reduced_board_default_fixed_r2,mcts,net
corrected_reduced_board_default_fixed_r2,mcts,adjacent
corrected_reduced_board_default_fixed_r2,greedy,adjacent
corrected_reduced_board_default_fixed_r2,mcts,adjacent
corrected_reduced_board_default_fixed_r2,greedy,adjacent
corrected_reduced_board_default_fixed_r2,mcts,adjacent
corrected_reduced_board_default_fixed_r2,greedy,adjacent
corrected_reduced_board_default_fixed_r2,mcts,adjacent
corrected_reduced_board_default_fixed_r2,mcts,net
corrected_reduced_board_default_fixed_r2,mcts,adjacent
corrected_reduced_board_default_fixed_r2,greedy,adjacent
corrected_reduced_board_default_fixed_r2,mcts,adjacent
corrected_reduced_board_default_fixed_r2,mcts,adjacent
corrected_reduced_board_default_fixed_r2,mcts,adjacent
corrected_reduced_board_default_fixed_r2,mcts,adjacent
corrected_reduced_board_default_fixed_r2,mcts,adjacent
corrected_reduced_board_default_fixed_r2,greedy,adjacent
corrected_reduced_board_default_fixed_r2,greedy,adjacent
corrected_reduced_board_default_fixed_r2,greedy,adjacent
corrected_reduced_board_default_fixed_r2,greedy,adjacent
corrected_reduced_board_default_fixed_r2,mcts,adjacent
corrected_reduced_board_default_fixed_r2,mcts,adjacent
corrected_reduced_board_default_fixed_r2,mcts,adjacent
corrected_reduced_board_default_fixed_r2,mcts,adjacent
corrected_reduced_board_default_fixed_r2,mcts,adjacent
corrected_reduced_board_default_fixed_r2,mcts,net
corrected_reduced_board_default_fixed_r2,mcts,net
corrected_reduced_board_default_fixed_r2,mcts,net
corrected_reduced_board_default_fixed_r2,mcts,net
corrected_reduced_board_default_fixed_r2,mcts,net
corrected_reduced_board_default_fixed_r2,mcts,net
corrected_reduced_board_default_fixed_r2,mcts,net
corrected_reduced_board_default_fixed_r2,mcts,adjacent
corrected_reduced_board_default_fixed_r2,mcts,adjacent
corrected_reduced_board_default_fixed_r2,mcts,adjacent
corrected_reduced_board_default_fixed_r2,mcts,adjacent
corrected_reduced_board_default_fixed_r2,mcts,adjacent
corrected_reduced_board_default_fixed_r2,mcts,net
corrected_reduced_board_default_fixed_r2,mcts,adjacent
corrected_reduced_board_default_fixed_r2,mcts,net
corrected_reduced_board_default_fixed_r2,mcts,adjacent
corrected_reduced_board_default_fixed_r2,mcts,net
corrected_reduced_board_default_fixed_r2,mcts,net
corrected_reduced_board_default_fixed_r2,mcts,adjacent
corrected_reduced_board_default_fixed_r2,mcts,adjacent
corrected_reduced_board_default_fixed_r2,mcts,adjacent
corrected_reduced_board_default_fixed_r2,mcts,adjacent
corrected_reduced_board_default_fixed_r2,mcts,adjacent
corrected_reduced_board_default_fixed_r2,rule,adjacent
corrected_reduced_board_default_fixed_r2,mcts,adjacent
corrected_reduced_board_default_fixed_r2,rule,net
corrected_reduced_board_default_fixed_r2,mcts,adjacent
corrected_reduced_board_default_fixed_r2,mcts,adjacent
corrected_reduced_board_default_fixed_r2,rule,net
corrected_reduced_board_default_fixed_r2,mcts,adjacent
corrected_reduced_board_default_fixed_r2,mcts,adjacent
corrected_reduced_board_default_fixed_r2,mcts,net
corrected_reduced_board_default_fixed_r2,mcts,adjacent
corrected_reduced_board_default_fixed_r2,mcts,adjacent
corrected_reduced_board_default_fixed_r2,rule,adjacent
corrected_reduced_board_default_fixed_r2,mcts,adjacent
corrected_reduced_board_default_fixed_r2,mcts,adjacent
corrected_reduced_board_default_fixed_r2,mcts,adjacent
corrected_reduced_board_default_fixed_r2,mcts,adjacent
corrected_reduced_board_default_fixed_r2,mcts,adjacent
corrected_reduced_board_default_fixed_r2,rule,adjacent
corrected_reduced_board_default_fixed_r2,rule,adjacent
corrected_reduced_board_default_fixed_r2,rule,adjacent
corrected_reduced_board_default_fixed_r2,rule,adjacent
corrected_reduced_board_default_fixed_r2,mcts,adjacent
corrected_reduced_board_default_fixed_r2,rule,net
corrected_reduced_board_default_fixed_r2,mcts,adjacent
corrected_reduced_board_default_fixed_r2,mcts,adjacent
corrected_reduced_board_default_fixed_r2,rule,adjacent
corrected_reduced_board_default_fixed_r2,rule,net
corrected_reduced_board_default_fixed_r2,mcts,adjacent
corrected_reduced_board_default_fixed_r2,expectimax_d2,net
corrected_reduced_board_default_fixed_r2,expectimax_d2,adjacent
corrected_reduced_board_default_fixed_r2,expectimax_d2,adjacent
corrected_reduced_board_default_fixed_r2,expectimax_d2,net
corrected_reduced_board_default_fixed_r2,expectimax_d2,adjacent
corrected_reduced_board_default_fixed_r2,expectimax_d2,adjacent
corrected_reduced_board_default_fixed_r2,expectimax_d2,adjacent
corrected_reduced_board_default_fixed_r2,expectimax_d2,adjacent
corrected_reduced_board_default_fixed_r2,expectimax_d2,adjacent
corrected_reduced_board_default_fixed_r2,expectimax_d2,adjacent
corrected_reduced_board_default_fixed_r2,expectimax_d2,adjacent
corrected_reduced_board_default_fixed_r2,expectimax_d2,net
corrected_reduced_board_default_fixed_r2,expectimax_d2,net
corrected_reduced_board_default_fixed_r2,expectimax_d2,adjacent
corrected_reduced_board_default_fixed_r2,expectimax_d2,adjacent
corrected_reduced_board_default_fixed_r2,expectimax_d2,adjacent
corrected_reduced_board_default_fixed_r2,expectimax_d2,adjacent
corrected_reduced_board_default_fixed_r2,expectimax_d2,adjacent
corrected_reduced_board_default_fixed_r2,random,adjacent
corrected_reduced_board_default_fixed_r2,expectimax_d2,adjacent
corrected_reduced_board_default_fixed_r2,expectimax_d2,adjacent
corrected_reduced_board_default_fixed_r2,expectimax_d2,adjacent
corrected_reduced_board_default_fixed_r2,expectimax_d2,adjacent
corrected_reduced_board_default_fixed_r2,expectimax_d2,adjacent
corrected_reduced_board_default_fixed_r2,expectimax_d2,adjacent
corrected_reduced_board_default_fixed_r2,expectimax_d2,adjacent
corrected_reduced_board_default_fixed_r2,expectimax_d2,adjacent
corrected_reduced_board_default_fixed_r2,expectimax_d2,adjacent
corrected_reduced_board_default_fixed_r2,expectimax_d2,adjacent
corrected_reduced_board_default_fixed_r2,expectimax_d3,net
corrected_reduced_board_default_fixed_r2,expectimax_d3,adjacent
corrected_reduced_board_default_fixed_r2,expectimax_d3,net
corrected_reduced_board_default_fixed_r2,expectimax_d3,adjacent
corrected_reduced_board_default_fixed_r2,expectimax_d3,net
corrected_reduced_board_default_fixed_r2,expectimax_d3,adjacent
corrected_reduced_board_default_fixed_r2,expectimax_d3,adjacent
corrected_reduced_board_default_fixed_r2,random,adjacent
corrected_reduced_board_default_fixed_r2,expectimax_d3,adjacent
corrected_reduced_board_default_fixed_r2,expectimax_d3,adjacent
corrected_reduced_board_default_fixed_r2,expectimax_d3,adjacent
corrected_reduced_board_default_fixed_r2,expectimax_d3,adjacent
corrected_reduced_board_default_fixed_r2,expectimax_d3,adjacent
corrected_reduced_board_default_fixed_r2,expectimax_d3,adjacent
corrected_reduced_board_default_fixed_r2,expectimax_d3,adjacent
corrected_reduced_board_default_fixed_r2,expectimax_d3,net
corrected_reduced_board_default_fixed_r2,expectimax_d3,adjacent
corrected_reduced_board_default_fixed_r2,expectimax_d3,adjacent
corrected_reduced_board_default_fixed_r2,expectimax_d3,adjacent
corrected_reduced_board_default_fixed_r2,expectimax_d3,adjacent
corrected_reduced_board_default_fixed_r2,expectimax_d3,adjacent
corrected_reduced_board_default_fixed_r2,expectimax_d3,net
corrected_reduced_board_default_fixed_r2,expectimax_d3,adjacent
corrected_reduced_board_default_fixed_r2,expectimax_d3,adjacent
corrected_reduced_board_default_fixed_r2,expectimax_d3,adjacent
corrected_reduced_board_default_fixed_r2,expectimax_d3,adjacent
corrected_reduced_board_default_fixed_r2,random,adjacent
corrected_reduced_board_default_fixed_r2,expectimax_d3,adjacent
corrected_reduced_board_default_fixed_r2,expectimax_d3,adjacent
corrected_reduced_board_default_fixed_r2,greedy,net
corrected_reduced_board_default_fixed_r2,greedy,adjacent
corrected_reduced_board_default_fixed_r2,greedy,adjacent
corrected_reduced_board_default_fixed_r2,greedy,adjacent
corrected_reduced_board_default_fixed_r2,greedy,adjacent
corrected_reduced_board_default_fixed_r2,greedy,adjacent
corrected_reduced_board_default_fixed_r2,greedy,adjacent
corrected_reduced_board_default_fixed_r2,greedy,adjacent
corrected_reduced_board_default_fixed_r2,greedy,adjacent
corrected_reduced_board_default_fixed_r2,greedy,adjacent
corrected_reduced_board_default_fixed_r2,greedy,net
corrected_reduced_board_default_fixed_r2,greedy,net
corrected_reduced_board_default_fixed_r2,greedy,adjacent
corrected_reduced_board_default_fixed_r2,greedy,adjacent
corrected_reduced_board_default_fixed_r2,greedy,net
corrected_reduced_board_default_fixed_r2,greedy,net
corrected_reduced_board_default_fixed_r2,greedy,adjacent
corrected_reduced_board_default_fixed_r2,random,adjacent
corrected_reduced_board_default_fixed_r2,greedy,adjacent
corrected_reduced_board_default_fixed_r2,greedy,adjacent
corrected_reduced_board_default_fixed_r2,greedy,adjacent
corrected_reduced_board_default_fixed_r2,greedy,net
corrected_reduced_board_default_fixed_r2,greedy,adjacent
corrected_reduced_board_default_fixed_r2,greedy,adjacent
corrected_reduced_board_default_fixed_r2,greedy,adjacent
corrected_reduced_board_default_fixed_r2,greedy,net
corrected_reduced_board_default_fixed_r2,greedy,adjacent
corrected_reduced_board_default_fixed_r2,greedy,adjacent
corrected_reduced_board_default_fixed_r2,mcts,adjacent
corrected_reduced_board_default_fixed_r2,mcts,adjacent
corrected_reduced_board_default_fixed_r2,mcts,net
corrected_reduced_board_default_fixed_r2,mcts,adjacent
corrected_reduced_board_default_fixed_r2,mcts,adjacent
corrected_reduced_board_default_fixed_r2,mcts,adjacent
corrected_reduced_board_default_fixed_r2,mcts,adjacent
corrected_reduced_board_default_fixed_r2,mcts,net
corrected_reduced_board_default_fixed_r2,mcts,adjacent
corrected_reduced_board_default_fixed_r2,mcts,adjacent
corrected_reduced_board_default_fixed_r2,mcts,adjacent
corrected_reduced_board_default_fixed_r2,mcts,adjacent
corrected_reduced_board_default_fixed_r2,mcts,adjacent
corrected_reduced_board_default_fixed_r2,mcts,adjacent
corrected_reduced_board_default_fixed_r2,mcts,adjacent
corrected_reduced_board_default_fixed_r2,mcts,adjacent
corrected_reduced_board_default_fixed_r2,mcts,adjacent
corrected_reduced_board_default_fixed_r2,mcts,adjacent
corrected_reduced_board_default_fixed_r2,random,net
corrected_reduced_board_default_fixed_r2,mcts,adjacent
corrected_reduced_board_default_fixed_r2,mcts,adjacent
corrected_reduced_board_default_fixed_r2,random,net
corrected_reduced_board_default_fixed_r2,mcts,adjacent
corrected_reduced_board_default_fixed_r2,mcts,adjacent
corrected_reduced_board_default_fixed_r2,mcts,adjacent
corrected_reduced_board_default_fixed_r2,mcts,adjacent
corrected_reduced_board_default_fixed_r2,mcts,adjacent
corrected_reduced_board_default_fixed_r2,rule,adjacent
corrected_reduced_board_default_fixed_r2,random,net
corrected_reduced_board_default_fixed_r2,rule,adjacent
corrected_reduced_board_default_fixed_r2,rule,adjacent
corrected_reduced_board_default_fixed_r2,rule,adjacent
corrected_reduced_board_default_fixed_r2,rule,adjacent
corrected_reduced_board_default_fixed_r2,rule,adjacent
corrected_reduced_board_default_fixed_r2,rule,adjacent
corrected_reduced_board_default_fixed_r2,rule,net
corrected_reduced_board_default_fixed_r2,rule,net
corrected_reduced_board_default_fixed_r2,rule,adjacent
corrected_reduced_board_default_fixed_r2,rule,net
corrected_reduced_board_default_fixed_r2,rule,adjacent
corrected_reduced_board_default_fixed_r2,rule,adjacent
corrected_reduced_board_default_fixed_r2,rule,adjacent
corrected_reduced_board_default_fixed_r2,rule,adjacent
corrected_reduced_board_default_fixed_r2,random,adjacent
corrected_reduced_board_default_fixed_r2,rule,adjacent
corrected_reduced_board_default_fixed_r2,rule,adjacent
corrected_reduced_board_default_fixed_r2,rule,adjacent
corrected_reduced_board_default_fixed_r2,rule,adjacent
corrected_reduced_board_default_fixed_r2,rule,adjacent
corrected_reduced_board_default_fixed_r2,random,adjacent
corrected_reduced_board_default_fixed_r2,rule,adjacent
corrected_reduced_board_default_fixed_r2,rule,adjacent
corrected_reduced_board_default_fixed_r2,expectimax_d2,adjacent
corrected_reduced_board_default_fixed_r2,expectimax_d2,adjacent
corrected_reduced_board_default_fixed_r2,expectimax_d2,net
corrected_reduced_board_default_fixed_r2,rule,adjacent
corrected_reduced_board_default_fixed_r2,expectimax_d2,adjacent
corrected_reduced_board_default_fixed_r2,expectimax_d2,adjacent
corrected_reduced_board_default_fixed_r2,rule,adjacent
corrected_reduced_board_default_fixed_r2,expectimax_d2,adjacent
corrected_reduced_board_default_fixed_r2,expectimax_d2,adjacent
corrected_reduced_board_default_fixed_r2,expectimax_d2,net
corrected_reduced_board_default_fixed_r2,rule,adjacent
corrected_reduced_board_default_fixed_r2,rule,adjacent
corrected_reduced_board_default_fixed_r2,expectimax_d2,adjacent
corrected_reduced_board_default_fixed_r2,expectimax_d2,adjacent
corrected_reduced_board_default_fixed_r2,rule,adjacent
corrected_reduced_board_default_fixed_r2,expectimax_d2,adjacent
corrected_reduced_board_default_fixed_r2,rule,adjacent
corrected_reduced_board_default_fixed_r2,rule,adjacent
corrected_reduced_board_default_fixed_r2,rule,adjacent
corrected_reduced_board_default_fixed_r2,expectimax_d2,adjacent
corrected_reduced_board_default_fixed_r2,rule,adjacent
corrected_reduced_board_default_fixed_r2,rule,adjacent
corrected_reduced_board_default_fixed_r2,expectimax_d2,adjacent
corrected_reduced_board_default_fixed_r2,rule,adjacent
corrected_reduced_board_default_fixed_r2,expectimax_d2,adjacent
corrected_reduced_board_default_fixed_r2,rule,adjacent
corrected_reduced_board_default_fixed_r2,rule,adjacent
corrected_reduced_board_default_fixed_r2,expectimax_d2,adjacent
corrected_reduced_board_default_fixed_r2,expectimax_d2,adjacent
corrected_reduced_board_default_fixed_r2,expectimax_d2,adjacent
corrected_reduced_board_default_fixed_r2,expectimax_d3,adjacent
corrected_reduced_board_default_fixed_r2,expectimax_d3,adjacent
corrected_reduced_board_default_fixed_r2,expectimax_d3,net
corrected_reduced_board_default_fixed_r2,rule,adjacent
corrected_reduced_board_default_fixed_r2,expectimax_d3,adjacent
corrected_reduced_board_default_fixed_r2,expectimax_d3,adjacent
corrected_reduced_board_default_fixed_r2,rule,adjacent
corrected_reduced_board_default_fixed_r2,expectimax_d3,adjacent
corrected_reduced_board_default_fixed_r2,expectimax_d3,adjacent
corrected_reduced_board_default_fixed_r2,rule,adjacent
corrected_reduced_board_default_fixed_r2,rule,adjacent
corrected_reduced_board_default_fixed_r2,rule,adjacent
corrected_reduced_board_default_fixed_r2,expectimax_d3,adjacent
corrected_reduced_board_default_fixed_r2,expectimax_d3,adjacent
corrected_reduced_board_default_fixed_r2,rule,adjacent
corrected_reduced_board_default_fixed_r2,expectimax_d3,adjacent
corrected_reduced_board_default_fixed_r2,rule,adjacent
corrected_reduced_board_default_fixed_r2,rule,adjacent
corrected_reduced_board_default_fixed_r2,rule,adjacent
corrected_reduced_board_default_fixed_r2,rule,adjacent
corrected_reduced_board_default_fixed_r2,rule,adjacent
corrected_reduced_board_default_fixed_r2,rule,adjacent
corrected_reduced_board_default_fixed_r2,expectimax_d3,adjacent
corrected_reduced_board_default_fixed_r2,rule,adjacent
corrected_reduced_board_default_fixed_r2,expectimax_d3,adjacent
corrected_reduced_board_default_fixed_r2,rule,adjacent
corrected_reduced_board_default_fixed_r2,rule,adjacent
corrected_reduced_board_default_fixed_r2,expectimax_d3,adjacent
corrected_reduced_board_default_fixed_r2,rule,adjacent
corrected_reduced_board_default_fixed_r2,expectimax_d3,adjacent
corrected_reduced_board_default_fixed_r2,greedy,adjacent
corrected_reduced_board_default_fixed_r2,greedy,adjacent
corrected_reduced_board_default_fixed_r2,greedy,net
corrected_reduced_board_default_fixed_r2,greedy,net
corrected_reduced_board_default_fixed_r2,greedy,adjacent
corrected_reduced_board_default_fixed_r2,greedy,adjacent
corrected_reduced_board_default_fixed_r2,rule,adjacent
corrected_reduced_board_default_fixed_r2,greedy,net
corrected_reduced_board_default_fixed_r2,rule,adjacent
corrected_reduced_board_default_fixed_r2,rule,adjacent
corrected_reduced_board_default_fixed_r2,rule,adjacent
corrected_reduced_board_default_fixed_r2,rule,adjacent
corrected_reduced_board_default_fixed_r2,greedy,adjacent
corrected_reduced_board_default_fixed_r2,rule,adjacent
corrected_reduced_board_default_fixed_r2,rule,adjacent
corrected_reduced_board_default_fixed_r2,rule,adjacent
corrected_reduced_board_default_fixed_r2,rule,adjacent
corrected_reduced_board_default_fixed_r2,rule,adjacent
corrected_reduced_board_default_fixed_r2,greedy,adjacent
corrected_reduced_board_default_fixed_r2,rule,adjacent
corrected_reduced_board_default_fixed_r2,rule,adjacent
corrected_reduced_board_default_fixed_r2,greedy,adjacent
corrected_reduced_board_default_fixed_r2,rule,adjacent
corrected_reduced_board_default_fixed_r2,rule,adjacent
corrected_reduced_board_default_fixed_r2,rule,adjacent
corrected_reduced_board_default_fixed_r2,greedy,adjacent
corrected_reduced_board_default_fixed_r2,rule,adjacent
corrected_reduced_board_default_fixed_r2,greedy,adjacent
corrected_reduced_board_default_fixed_r2,greedy,adjacent
corrected_reduced_board_default_fixed_r2,rule,adjacent
corrected_reduced_board_default_fixed_r2,rule,adjacent
corrected_reduced_board_default_fixed_r2,rule,adjacent
corrected_reduced_board_default_fixed_r2,rule,adjacent
corrected_reduced_board_default_fixed_r2,rule,adjacent
corrected_reduced_board_default_fixed_r2,rule,adjacent
corrected_reduced_board_default_fixed_r2,mcts,adjacent
corrected_reduced_board_default_fixed_r2,rule,adjacent
corrected_reduced_board_default_fixed_r2,rule,adjacent
corrected_reduced_board_default_fixed_r2,mcts,adjacent
corrected_reduced_board_default_fixed_r2,rule,adjacent
corrected_reduced_board_default_fixed_r2,mcts,adjacent
corrected_reduced_board_default_fixed_r2,rule,adjacent
corrected_reduced_board_default_fixed_r2,mcts,adjacent
corrected_reduced_board_default_fixed_r2,rule,adjacent
corrected_reduced_board_default_fixed_r2,rule,adjacent
corrected_reduced_board_default_fixed_r2,rule,adjacent
corrected_reduced_board_default_fixed_r2,rule,adjacent
corrected_reduced_board_default_fixed_r2,rule,adjacent
corrected_reduced_board_default_fixed_r2,mcts,adjacent
corrected_reduced_board_default_fixed_r2,rule,adjacent
corrected_reduced_board_default_fixed_r2,rule,adjacent
corrected_reduced_board_default_fixed_r2,rule,adjacent
corrected_reduced_board_default_fixed_r2,mcts,net
corrected_reduced_board_default_fixed_r2,mcts,net
corrected_reduced_board_default_fixed_r2,mcts,adjacent
corrected_reduced_board_default_fixed_r2,mcts,adjacent
corrected_reduced_board_default_fixed_r2,rule,adjacent
corrected_reduced_board_default_fixed_r2,rule,adjacent
corrected_reduced_board_default_fixed_r2,rule,adjacent
corrected_reduced_board_default_fixed_r2,rule,net
corrected_reduced_board_default_fixed_r2,rule,adjacent
corrected_reduced_board_default_fixed_r2,rule,net
corrected_reduced_board_default_fixed_r2,rule,adjacent
corrected_reduced_board_default_fixed_r2,random,adjacent
corrected_reduced_board_default_fixed_r2,rule,adjacent
corrected_reduced_board_default_fixed_r2,rule,adjacent
corrected_reduced_board_default_fixed_r2,random,adjacent
corrected_reduced_board_default_fixed_r2,rule,adjacent
corrected_reduced_board_default_fixed_r2,rule,adjacent
corrected_reduced_board_default_fixed_r2,rule,adjacent
corrected_reduced_board_default_fixed_r2,rule,adjacent
corrected_reduced_board_default_fixed_r2,rule,adjacent
corrected_reduced_board_default_fixed_r2,rule,adjacent
corrected_reduced_board_default_fixed_r2,rule,adjacent
corrected_reduced_board_default_fixed_r2,random,adjacent
corrected_reduced_board_default_fixed_r2,rule,adjacent
corrected_reduced_board_default_fixed_r2,rule,adjacent
corrected_reduced_board_default_fixed_r2,rule,adjacent
corrected_reduced_board_default_fixed_r2,rule,adjacent
corrected_reduced_board_default_fixed_r2,random,adjacent
corrected_reduced_board_default_fixed_r2,rule,adjacent
corrected_reduced_board_default_fixed_r2,rule,adjacent
corrected_reduced_board_default_fixed_r2,rule,adjacent
corrected_reduced_board_default_fixed_r2,rule,adjacent
corrected_reduced_board_default_goal10_r2,expectimax_d3,net
corrected_reduced_board_default_goal10_r2,expectimax_d2,net
corrected_reduced_board_default_goal10_r2,expectimax_d3,adjacent
corrected_reduced_board_default_goal10_r2,expectimax_d3,adjacent
corrected_reduced_board_default_goal10_r2,expectimax_d2,net
corrected_reduced_board_default_goal10_r2,expectimax_d2,adjacent
corrected_reduced_board_default_goal10_r2,expectimax_d2,adjacent
corrected_reduced_board_default_goal10_r2,expectimax_d3,adjacent
corrected_reduced_board_default_goal10_r2,expectimax_d2,adjacent
corrected_reduced_board_default_goal10_r2,expectimax_d2,adjacent
corrected_reduced_board_default_goal10_r2,expectimax_d2,adjacent
corrected_reduced_board_default_goal10_r2,expectimax_d3,adjacent
corrected_reduced_board_default_goal10_r2,expectimax_d2,net
corrected_reduced_board_default_goal10_r2,expectimax_d3,adjacent
corrected_reduced_board_default_goal10_r2,greedy,net
corrected_reduced_board_default_goal10_r2,greedy,net
corrected_reduced_board_default_goal10_r2,expectimax_d2,net
corrected_reduced_board_default_goal10_r2,expectimax_d2,net
corrected_reduced_board_default_goal10_r2,greedy,adjacent
corrected_reduced_board_default_goal10_r2,expectimax_d2,net
corrected_reduced_board_default_goal10_r2,expectimax_d2,adjacent
corrected_reduced_board_default_goal10_r2,expectimax_d2,adjacent
corrected_reduced_board_default_goal10_r2,greedy,net
corrected_reduced_board_default_goal10_r2,expectimax_d2,adjacent
corrected_reduced_board_default_goal10_r2,expectimax_d2,adjacent
corrected_reduced_board_default_goal10_r2,greedy,adjacent
corrected_reduced_board_default_goal10_r2,expectimax_d2,adjacent
corrected_reduced_board_default_goal10_r2,mcts,adjacent
corrected_reduced_board_default_goal10_r2,expectimax_d2,adjacent
corrected_reduced_board_default_goal10_r2,expectimax_d2,adjacent
corrected_reduced_board_default_goal10_r2,expectimax_d2,adjacent
corrected_reduced_board_default_goal10_r2,expectimax_d2,net
corrected_reduced_board_default_goal10_r2,mcts,adjacent
corrected_reduced_board_default_goal10_r2,expectimax_d2,adjacent
corrected_reduced_board_default_goal10_r2,expectimax_d2,adjacent
corrected_reduced_board_default_goal10_r2,mcts,adjacent
corrected_reduced_board_default_goal10_r2,mcts,adjacent
corrected_reduced_board_default_goal10_r2,expectimax_d2,adjacent
corrected_reduced_board_default_goal10_r2,expectimax_d2,net
corrected_reduced_board_default_goal10_r2,expectimax_d2,net
corrected_reduced_board_default_goal10_r2,expectimax_d2,adjacent
corrected_reduced_board_default_goal10_r2,expectimax_d2,net
corrected_reduced_board_default_goal10_r2,expectimax_d2,net
corrected_reduced_board_default_goal10_r2,expectimax_d2,adjacent
corrected_reduced_board_default_goal10_r2,expectimax_d2,net
corrected_reduced_board_default_goal10_r2,expectimax_d2,net
corrected_reduced_board_default_goal10_r2,random,adjacent
corrected_reduced_board_default_goal10_r2,expectimax_d2,adjacent
corrected_reduced_board_default_goal10_r2,expectimax_d2,net
corrected_reduced_board_default_goal10_r2,rule,adjacent
corrected_reduced_board_default_goal10_r2,rule,adjacent
corrected_reduced_board_default_goal10_r2,expectimax_d2,adjacent
corrected_reduced_board_default_goal10_r2,expectimax_d2,net
corrected_reduced_board_default_goal10_r2,expectimax_d2,net
corrected_reduced_board_default_goal10_r2,rule,adjacent
corrected_reduced_board_default_goal10_r2,rule,adjacent
corrected_reduced_board_default_goal10_r2,expectimax_d2,adjacent
corrected_reduced_board_default_goal10_r2,expectimax_d2,adjacent
corrected_reduced_board_default_goal10_r2,expectimax_d2,net
corrected_reduced_board_default_goal10_r2,expectimax_d2,adjacent
corrected_reduced_board_default_goal10_r2,expectimax_d2,net
corrected_reduced_board_default_goal10_r2,expectimax_d2,net
corrected_reduced_board_default_goal10_r2,expectimax_d3,net
corrected_reduced_board_default_goal10_r2,expectimax_d3,net
corrected_reduced_board_default_goal10_r2,expectimax_d2,adjacent
corrected_reduced_board_default_goal10_r2,expectimax_d3,net
corrected_reduced_board_default_goal10_r2,expectimax_d3,adjacent
corrected_reduced_board_default_goal10_r2,expectimax_d3,adjacent
corrected_reduced_board_default_goal10_r2,expectimax_d2,net
corrected_reduced_board_default_goal10_r2,expectimax_d3,adjacent
corrected_reduced_board_default_goal10_r2,expectimax_d3,adjacent
corrected_reduced_board_default_goal10_r2,expectimax_d2,adjacent
corrected_reduced_board_default_goal10_r2,expectimax_d3,adjacent
corrected_reduced_board_default_goal10_r2,greedy,net
corrected_reduced_board_default_goal10_r2,greedy,net
corrected_reduced_board_default_goal10_r2,expectimax_d3,net
corrected_reduced_board_default_goal10_r2,expectimax_d3,net
corrected_reduced_board_default_goal10_r2,greedy,adjacent
corrected_reduced_board_default_goal10_r2,expectimax_d3,net
corrected_reduced_board_default_goal10_r2,expectimax_d3,adjacent
corrected_reduced_board_default_goal10_r2,expectimax_d3,adjacent
corrected_reduced_board_default_goal10_r2,greedy,net
corrected_reduced_board_default_goal10_r2,expectimax_d3,adjacent
corrected_reduced_board_default_goal10_r2,expectimax_d3,adjacent
corrected_reduced_board_default_goal10_r2,greedy,adjacent
corrected_reduced_board_default_goal10_r2,expectimax_d3,adjacent
corrected_reduced_board_default_goal10_r2,mcts,adjacent
corrected_reduced_board_default_goal10_r2,expectimax_d3,adjacent
corrected_reduced_board_default_goal10_r2,expectimax_d3,adjacent
corrected_reduced_board_default_goal10_r2,expectimax_d3,adjacent
corrected_reduced_board_default_goal10_r2,expectimax_d3,net
corrected_reduced_board_default_goal10_r2,mcts,adjacent
corrected_reduced_board_default_goal10_r2,expectimax_d3,adjacent
corrected_reduced_board_default_goal10_r2,expectimax_d3,adjacent
corrected_reduced_board_default_goal10_r2,mcts,adjacent
corrected_reduced_board_default_goal10_r2,expectimax_d3,adjacent
corrected_reduced_board_default_goal10_r2,expectimax_d3,net
corrected_reduced_board_default_goal10_r2,expectimax_d3,net
corrected_reduced_board_default_goal10_r2,expectimax_d3,adjacent
corrected_reduced_board_default_goal10_r2,expectimax_d3,net
corrected_reduced_board_default_goal10_r2,expectimax_d3,net
corrected_reduced_board_default_goal10_r2,expectimax_d3,adjacent
corrected_reduced_board_default_goal10_r2,expectimax_d3,net
corrected_reduced_board_default_goal10_r2,expectimax_d3,net
corrected_reduced_board_default_goal10_r2,expectimax_d3,adjacent
corrected_reduced_board_default_goal10_r2,expectimax_d3,adjacent
corrected_reduced_board_default_goal10_r2,rule,adjacent
corrected_reduced_board_default_goal10_r2,rule,adjacent
corrected_reduced_board_default_goal10_r2,expectimax_d3,adjacent
corrected_reduced_board_default_goal10_r2,expectimax_d3,net
corrected_reduced_board_default_goal10_r2,expectimax_d3,net
corrected_reduced_board_default_goal10_r2,rule,adjacent
corrected_reduced_board_default_goal10_r2,expectimax_d3,adjacent
corrected_reduced_board_default_goal10_r2,expectimax_d3,adjacent
corrected_reduced_board_default_goal10_r2,expectimax_d3,adjacent
corrected_reduced_board_default_goal10_r2,expectimax_d3,net
corrected_reduced_board_default_goal10_r2,expectimax_d3,adjacent
corrected_reduced_board_default_goal10_r2,expectimax_d2,net
corrected_reduced_board_default_goal10_r2,expectimax_d2,net
corrected_reduced_board_default_goal10_r2,expectimax_d2,net
corrected_reduced_board_default_goal10_r2,greedy,net
corrected_reduced_board_default_goal10_r2,greedy,adjacent
corrected_reduced_board_default_goal10_r2,greedy,adjacent
corrected_reduced_board_default_goal10_r2,expectimax_d2,net
corrected_reduced_board_default_goal10_r2,expectimax_d2,net
corrected_reduced_board_default_goal10_r2,greedy,adjacent
corrected_reduced_board_default_goal10_r2,greedy,net
corrected_reduced_board_default_goal10_r2,greedy,net
corrected_reduced_board_default_goal10_r2,expectimax_d3,net
corrected_reduced_board_default_goal10_r2,greedy,net
corrected_reduced_board_default_goal10_r2,expectimax_d3,adjacent
corrected_reduced_board_default_goal10_r2,expectimax_d3,adjacent
corrected_reduced_board_default_goal10_r2,greedy,net
corrected_reduced_board_default_goal10_r2,greedy,adjacent
corrected_reduced_board_default_goal10_r2,greedy,adjacent
corrected_reduced_board_default_goal10_r2,expectimax_d3,adjacent
corrected_reduced_board_default_goal10_r2,greedy,adjacent
corrected_reduced_board_default_goal10_r2,greedy,adjacent
corrected_reduced_board_default_goal10_r2,greedy,net
corrected_reduced_board_default_goal10_r2,greedy,net
corrected_reduced_board_default_goal10_r2,mcts,adjacent
corrected_reduced_board_default_goal10_r2,greedy,adjacent
corrected_reduced_board_default_goal10_r2,greedy,adjacent
corrected_reduced_board_default_goal10_r2,greedy,adjacent
corrected_reduced_board_default_goal10_r2,greedy,net
corrected_reduced_board_default_goal10_r2,mcts,adjacent
corrected_reduced_board_default_goal10_r2,greedy,adjacent
corrected_reduced_board_default_goal10_r2,greedy,adjacent
corrected_reduced_board_default_goal10_r2,mcts,adjacent
corrected_reduced_board_default_goal10_r2,greedy,adjacent
corrected_reduced_board_default_goal10_r2,greedy,adjacent
corrected_reduced_board_default_goal10_r2,greedy,net
corrected_reduced_board_default_goal10_r2,greedy,adjacent
corrected_reduced_board_default_goal10_r2,greedy,net
corrected_reduced_board_default_goal10_r2,greedy,net
corrected_reduced_board_default_goal10_r2,greedy,adjacent
corrected_reduced_board_default_goal10_r2,greedy,adjacent
corrected_reduced_board_default_goal10_r2,greedy,net
corrected_reduced_board_default_goal10_r2,greedy,adjacent
corrected_reduced_board_default_goal10_r2,random,adjacent
corrected_reduced_board_default_goal10_r2,greedy,adjacent
corrected_reduced_board_default_goal10_r2,rule,adjacent
corrected_reduced_board_default_goal10_r2,rule,adjacent
corrected_reduced_board_default_goal10_r2,greedy,adjacent
corrected_reduced_board_default_goal10_r2,greedy,net
corrected_reduced_board_default_goal10_r2,greedy,net
corrected_reduced_board_default_goal10_r2,rule,adjacent
corrected_reduced_board_default_goal10_r2,greedy,adjacent
corrected_reduced_board_default_goal10_r2,greedy,adjacent
corrected_reduced_board_default_goal10_r2,greedy,adjacent
corrected_reduced_board_default_goal10_r2,rule,adjacent
corrected_reduced_board_default_goal10_r2,greedy,net
corrected_reduced_board_default_goal10_r2,expectimax_d2,adjacent
corrected_reduced_board_default_goal10_r2,expectimax_d2,net
corrected_reduced_board_default_goal10_r2,mcts,adjacent
corrected_reduced_board_default_goal10_r2,mcts,adjacent
corrected_reduced_board_default_goal10_r2,expectimax_d2,adjacent
corrected_reduced_board_default_goal10_r2,mcts,adjacent
corrected_reduced_board_default_goal10_r2,expectimax_d2,net
corrected_reduced_board_default_goal10_r2,expectimax_d2,adjacent
corrected_reduced_board_default_goal10_r2,expectimax_d2,adjacent
corrected_reduced_board_default_goal10_r2,mcts,adjacent
corrected_reduced_board_default_goal10_r2,mcts,adjacent
corrected_reduced_board_default_goal10_r2,expectimax_d3,adjacent
corrected_reduced_board_default_goal10_r2,expectimax_d3,net
corrected_reduced_board_default_goal10_r2,expectimax_d3,adjacent
corrected_reduced_board_default_goal10_r2,mcts,net
corrected_reduced_board_default_goal10_r2,expectimax_d3,adjacent
corrected_reduced_board_default_goal10_r2,expectimax_d3,adjacent
corrected_reduced_board_default_goal10_r2,mcts,adjacent
corrected_reduced_board_default_goal10_r2,expectimax_d3,net
corrected_reduced_board_default_goal10_r2,expectimax_d3,adjacent
corrected_reduced_board_default_goal10_r2,mcts,adjacent
corrected_reduced_board_default_goal10_r2,mcts,adjacent
corrected_reduced_board_default_goal10_r2,expectimax_d3,adjacent
corrected_reduced_board_default_goal10_r2,expectimax_d3,net
corrected_reduced_board_default_goal10_r2,greedy,adjacent
corrected_reduced_board_default_goal10_r2,greedy,net
corrected_reduced_board_default_goal10_r2,greedy,adjacent
corrected_reduced_board_default_goal10_r2,mcts,net
corrected_reduced_board_default_goal10_r2,greedy,adjacent
corrected_reduced_board_default_goal10_r2,mcts,adjacent
corrected_reduced_board_default_goal10_r2,greedy,adjacent
corrected_reduced_board_default_goal10_r2,mcts,adjacent
corrected_reduced_board_default_goal10_r2,greedy,adjacent
corrected_reduced_board_default_goal10_r2,mcts,adjacent
corrected_reduced_board_default_goal10_r2,mcts,adjacent
corrected_reduced_board_default_goal10_r2,greedy,adjacent
corrected_reduced_board_default_goal10_r2,greedy,net
corrected_reduced_board_default_goal10_r2,mcts,adjacent
corrected_reduced_board_default_goal10_r2,mcts,net
corrected_reduced_board_default_goal10_r2,mcts,net
corrected_reduced_board_default_goal10_r2,mcts,net
corrected_reduced_board_default_goal10_r2,mcts,net
corrected_reduced_board_default_goal10_r2,mcts,adjacent
corrected_reduced_board_default_goal10_r2,mcts,adjacent
corrected_reduced_board_default_goal10_r2,rule,adjacent
corrected_reduced_board_default_goal10_r2,rule,adjacent
corrected_reduced_board_default_goal10_r2,mcts,adjacent
corrected_reduced_board_default_goal10_r2,mcts,adjacent
corrected_reduced_board_default_goal10_r2,mcts,net
corrected_reduced_board_default_goal10_r2,mcts,adjacent
corrected_reduced_board_default_goal10_r2,rule,adjacent
corrected_reduced_board_default_goal10_r2,rule,adjacent
corrected_reduced_board_default_goal10_r2,rule,adjacent
corrected_reduced_board_default_goal10_r2,rule,adjacent
corrected_reduced_board_default_goal10_r2,mcts,adjacent
corrected_reduced_board_default_goal10_r2,mcts,adjacent
corrected_reduced_board_default_goal10_r2,expectimax_d2,net
corrected_reduced_board_default_goal10_r2,expectimax_d2,adjacent
corrected_reduced_board_default_goal10_r2,expectimax_d2,adjacent
corrected_reduced_board_default_goal10_r2,expectimax_d2,adjacent
corrected_reduced_board_default_goal10_r2,expectimax_d2,adjacent
corrected_reduced_board_default_goal10_r2,expectimax_d2,net
corrected_reduced_board_default_goal10_r2,expectimax_d2,adjacent
corrected_reduced_board_default_goal10_r2,expectimax_d2,adjacent
corrected_reduced_board_default_goal10_r2,expectimax_d2,adjacent
corrected_reduced_board_default_goal10_r2,expectimax_d3,net
corrected_reduced_board_default_goal10_r2,expectimax_d3,adjacent
corrected_reduced_board_default_goal10_r2,expectimax_d3,net
corrected_reduced_board_default_goal10_r2,expectimax_d3,adjacent
corrected_reduced_board_default_goal10_r2,expectimax_d3,adjacent
corrected_reduced_board_default_goal10_r2,expectimax_d3,adjacent
corrected_reduced_board_default_goal10_r2,expectimax_d3,adjacent
corrected_reduced_board_default_goal10_r2,expectimax_d3,adjacent
corrected_reduced_board_default_goal10_r2,expectimax_d3,adjacent
corrected_reduced_board_default_goal10_r2,greedy,net
corrected_reduced_board_default_goal10_r2,greedy,adjacent
corrected_reduced_board_default_goal10_r2,greedy,adjacent
corrected_reduced_board_default_goal10_r2,greedy,adjacent
corrected_reduced_board_default_goal10_r2,greedy,adjacent
corrected_reduced_board_default_goal10_r2,greedy,net
corrected_reduced_board_default_goal10_r2,greedy,adjacent
corrected_reduced_board_default_goal10_r2,greedy,adjacent
corrected_reduced_board_default_goal10_r2,greedy,net
corrected_reduced_board_default_goal10_r2,mcts,adjacent
corrected_reduced_board_default_goal10_r2,mcts,adjacent
corrected_reduced_board_default_goal10_r2,mcts,net
corrected_reduced_board_default_goal10_r2,mcts,adjacent
corrected_reduced_board_default_goal10_r2,mcts,adjacent
corrected_reduced_board_default_goal10_r2,mcts,adjacent
corrected_reduced_board_default_goal10_r2,mcts,adjacent
corrected_reduced_board_default_goal10_r2,random,adjacent
corrected_reduced_board_default_goal10_r2,mcts,adjacent
corrected_reduced_board_default_goal10_r2,rule,adjacent
corrected_reduced_board_default_goal10_r2,random,net
corrected_reduced_board_default_goal10_r2,rule,adjacent
corrected_reduced_board_default_goal10_r2,rule,adjacent
corrected_reduced_board_default_goal10_r2,rule,adjacent
corrected_reduced_board_default_goal10_r2,rule,adjacent
corrected_reduced_board_default_goal10_r2,random,adjacent
corrected_reduced_board_default_goal10_r2,rule,adjacent
corrected_reduced_board_default_goal10_r2,expectimax_d2,adjacent
corrected_reduced_board_default_goal10_r2,expectimax_d2,adjacent
corrected_reduced_board_default_goal10_r2,expectimax_d2,net
corrected_reduced_board_default_goal10_r2,rule,adjacent
corrected_reduced_board_default_goal10_r2,rule,adjacent
corrected_reduced_board_default_goal10_r2,rule,adjacent
corrected_reduced_board_default_goal10_r2,rule,adjacent
corrected_reduced_board_default_goal10_r2,rule,adjacent
corrected_reduced_board_default_goal10_r2,expectimax_d3,adjacent
corrected_reduced_board_default_goal10_r2,expectimax_d3,adjacent
corrected_reduced_board_default_goal10_r2,expectimax_d3,net
corrected_reduced_board_default_goal10_r2,rule,adjacent
corrected_reduced_board_default_goal10_r2,rule,adjacent
corrected_reduced_board_default_goal10_r2,rule,adjacent
corrected_reduced_board_default_goal10_r2,rule,adjacent
corrected_reduced_board_default_goal10_r2,rule,adjacent
corrected_reduced_board_default_goal10_r2,greedy,adjacent
corrected_reduced_board_default_goal10_r2,greedy,adjacent
corrected_reduced_board_default_goal10_r2,greedy,net
corrected_reduced_board_default_goal10_r2,greedy,net
corrected_reduced_board_default_goal10_r2,rule,adjacent
corrected_reduced_board_default_goal10_r2,rule,adjacent
corrected_reduced_board_default_goal10_r2,rule,adjacent
corrected_reduced_board_default_goal10_r2,rule,adjacent
corrected_reduced_board_default_goal10_r2,rule,adjacent
corrected_reduced_board_default_goal10_r2,rule,adjacent
corrected_reduced_board_default_goal10_r2,rule,adjacent
corrected_reduced_board_default_goal10_r2,rule,adjacent
corrected_reduced_board_default_goal10_r2,mcts,adjacent
corrected_reduced_board_default_goal10_r2,rule,adjacent
corrected_reduced_board_default_goal10_r2,rule,adjacent
corrected_reduced_board_default_goal10_r2,rule,adjacent
corrected_reduced_board_default_goal10_r2,mcts,net
corrected_reduced_board_default_goal10_r2,rule,adjacent
corrected_reduced_board_default_goal10_r2,rule,net
corrected_reduced_board_default_goal10_r2,rule,adjacent
corrected_reduced_board_default_goal10_r2,rule,adjacent
corrected_reduced_board_default_goal10_r2,rule,adjacent
corrected_reduced_board_default_goal10_r2,rule,adjacent
corrected_reduced_board_default_goal10_r2,rule,adjacent
corrected_reduced_board_default_goal40_r2,expectimax_d3,net
corrected_reduced_board_default_goal40_r2,expectimax_d2,net
corrected_reduced_board_default_goal40_r2,expectimax_d3,adjacent
corrected_reduced_board_default_goal40_r2,expectimax_d3,adjacent
corrected_reduced_board_default_goal40_r2,expectimax_d3,adjacent
corrected_reduced_board_default_goal40_r2,expectimax_d3,adjacent
corrected_reduced_board_default_goal40_r2,expectimax_d2,adjacent
corrected_reduced_board_default_goal40_r2,expectimax_d2,adjacent
corrected_reduced_board_default_goal40_r2,expectimax_d2,adjacent
corrected_reduced_board_default_goal40_r2,expectimax_d2,adjacent
corrected_reduced_board_default_goal40_r2,expectimax_d3,adjacent
corrected_reduced_board_default_goal40_r2,expectimax_d2,net
corrected_reduced_board_default_goal40_r2,expectimax_d2,adjacent
corrected_reduced_board_default_goal40_r2,expectimax_d2,adjacent
corrected_reduced_board_default_goal40_r2,expectimax_d3,adjacent
corrected_reduced_board_default_goal40_r2,expectimax_d3,adjacent
corrected_reduced_board_default_goal40_r2,expectimax_d2,adjacent
corrected_reduced_board_default_goal40_r2,expectimax_d2,adjacent
corrected_reduced_board_default_goal40_r2,expectimax_d2,adjacent
corrected_reduced_board_default_goal40_r2,expectimax_d2,adjacent
corrected_reduced_board_default_goal40_r2,expectimax_d3,adjacent
corrected_reduced_board_default_goal40_r2,expectimax_d2,adjacent
corrected_reduced_board_default_goal40_r2,expectimax_d2,adjacent
corrected_reduced_board_default_goal40_r2,expectimax_d2,adjacent
corrected_reduced_board_default_goal40_r2,expectimax_d3,adjacent
corrected_reduced_board_default_goal40_r2,expectimax_d2,net
corrected_reduced_board_default_goal40_r2,expectimax_d3,adjacent
corrected_reduced_board_default_goal40_r2,expectimax_d2,adjacent
corrected_reduced_board_default_goal40_r2,expectimax_d2,adjacent
corrected_reduced_board_default_goal40_r2,expectimax_d3,adjacent
corrected_reduced_board_default_goal40_r2,expectimax_d3,adjacent
corrected_reduced_board_default_goal40_r2,expectimax_d3,adjacent
corrected_reduced_board_default_goal40_r2,expectimax_d2,adjacent
corrected_reduced_board_default_goal40_r2,expectimax_d2,adjacent
corrected_reduced_board_default_goal40_r2,expectimax_d2,adjacent
corrected_reduced_board_default_goal40_r2,expectimax_d3,adjacent
corrected_reduced_board_default_goal40_r2,greedy,net
corrected_reduced_board_default_goal40_r2,greedy,net
corrected_reduced_board_default_goal40_r2,expectimax_d2,net
corrected_reduced_board_default_goal40_r2,expectimax_d2,net
corrected_reduced_board_default_goal40_r2,greedy,adjacent
corrected_reduced_board_default_goal40_r2,greedy,adjacent
corrected_reduced_board_default_goal40_r2,greedy,adjacent
corrected_reduced_board_default_goal40_r2,greedy,adjacent
corrected_reduced_board_default_goal40_r2,greedy,adjacent
corrected_reduced_board_default_goal40_r2,expectimax_d2,adjacent
corrected_reduced_board_default_goal40_r2,greedy,adjacent
corrected_reduced_board_default_goal40_r2,greedy,adjacent
corrected_reduced_board_default_goal40_r2,greedy,adjacent
corrected_reduced_board_default_goal40_r2,expectimax_d2,net
corrected_reduced_board_default_goal40_r2,expectimax_d2,adjacent
corrected_reduced_board_default_goal40_r2,expectimax_d2,adjacent
corrected_reduced_board_default_goal40_r2,greedy,net
corrected_reduced_board_default_goal40_r2,expectimax_d2,adjacent
corrected_reduced_board_default_goal40_r2,expectimax_d2,adjacent
corrected_reduced_board_default_goal40_r2,expectimax_d2,adjacent
corrected_reduced_board_default_goal40_r2,expectimax_d2,adjacent
corrected_reduced_board_default_goal40_r2,expectimax_d2,adjacent
corrected_reduced_board_default_goal40_r2,greedy,adjacent
corrected_reduced_board_default_goal40_r2,expectimax_d2,adjacent
corrected_reduced_board_default_goal40_r2,expectimax_d2,adjacent
corrected_reduced_board_default_goal40_r2,expectimax_d2,adjacent
corrected_reduced_board_default_goal40_r2,greedy,adjacent
corrected_reduced_board_default_goal40_r2,expectimax_d2,adjacent
corrected_reduced_board_default_goal40_r2,greedy,adjacent
corrected_reduced_board_default_goal40_r2,greedy,adjacent
corrected_reduced_board_default_goal40_r2,greedy,adjacent
corrected_reduced_board_default_goal40_r2,greedy,adjacent
corrected_reduced_board_default_goal40_r2,greedy,adjacent
corrected_reduced_board_default_goal40_r2,greedy,adjacent
corrected_reduced_board_default_goal40_r2,greedy,adjacent
corrected_reduced_board_default_goal40_r2,expectimax_d2,adjacent
corrected_reduced_board_default_goal40_r2,greedy,adjacent
corrected_reduced_board_default_goal40_r2,greedy,adjacent
corrected_reduced_board_default_goal40_r2,greedy,adjacent
corrected_reduced_board_default_goal40_r2,mcts,adjacent
corrected_reduced_board_default_goal40_r2,expectimax_d2,adjacent
corrected_reduced_board_default_goal40_r2,expectimax_d2,adjacent
corrected_reduced_board_default_goal40_r2,expectimax_d2,net
corrected_reduced_board_default_goal40_r2,mcts,adjacent
corrected_reduced_board_default_goal40_r2,expectimax_d2,adjacent
corrected_reduced_board_default_goal40_r2,mcts,adjacent
corrected_reduced_board_default_goal40_r2,mcts,adjacent
corrected_reduced_board_default_goal40_r2,expectimax_d2,adjacent
corrected_reduced_board_default_goal40_r2,expectimax_d2,net
corrected_reduced_board_default_goal40_r2,mcts,adjacent
corrected_reduced_board_default_goal40_r2,expectimax_d2,net
corrected_reduced_board_default_goal40_r2,expectimax_d2,adjacent
corrected_reduced_board_default_goal40_r2,expectimax_d2,net
corrected_reduced_board_default_goal40_r2,expectimax_d2,adjacent
corrected_reduced_board_default_goal40_r2,expectimax_d2,adjacent
corrected_reduced_board_default_goal40_r2,expectimax_d2,net
corrected_reduced_board_default_goal40_r2,mcts,adjacent
corrected_reduced_board_default_goal40_r2,expectimax_d2,adjacent
corrected_reduced_board_default_goal40_r2,expectimax_d2,adjacent
corrected_reduced_board_default_goal40_r2,mcts,adjacent
corrected_reduced_board_default_goal40_r2,expectimax_d2,adjacent
corrected_reduced_board_default_goal40_r2,expectimax_d2,adjacent
corrected_reduced_board_default_goal40_r2,expectimax_d2,adjacent
corrected_reduced_board_default_goal40_r2,expectimax_d2,adjacent
corrected_reduced_board_default_goal40_r2,expectimax_d2,adjacent
corrected_reduced_board_default_goal40_r2,mcts,adjacent
corrected_reduced_board_default_goal40_r2,expectimax_d2,adjacent
corrected_reduced_board_default_goal40_r2,mcts,adjacent
corrected_reduced_board_default_goal40_r2,mcts,adjacent
corrected_reduced_board_default_goal40_r2,mcts,adjacent
corrected_reduced_board_default_goal40_r2,expectimax_d2,adjacent
corrected_reduced_board_default_goal40_r2,expectimax_d2,adjacent
corrected_reduced_board_default_goal40_r2,expectimax_d2,adjacent
corrected_reduced_board_default_goal40_r2,mcts,adjacent
corrected_reduced_board_default_goal40_r2,mcts,adjacent
corrected_reduced_board_default_goal40_r2,mcts,adjacent
corrected_reduced_board_default_goal40_r2,mcts,adjacent
corrected_reduced_board_default_goal40_r2,expectimax_d2,adjacent
corrected_reduced_board_default_goal40_r2,mcts,adjacent
corrected_reduced_board_default_goal40_r2,mcts,adjacent
corrected_reduced_board_default_goal40_r2,expectimax_d2,adjacent
corrected_reduced_board_default_goal40_r2,expectimax_d2,net
corrected_reduced_board_default_goal40_r2,expectimax_d2,adjacent
corrected_reduced_board_default_goal40_r2,expectimax_d2,adjacent
corrected_reduced_board_default_goal40_r2,expectimax_d2,net
corrected_reduced_board_default_goal40_r2,expectimax_d2,adjacent
corrected_reduced_board_default_goal40_r2,expectimax_d2,adjacent
corrected_reduced_board_default_goal40_r2,expectimax_d2,net
corrected_reduced_board_default_goal40_r2,expectimax_d2,adjacent
corrected_reduced_board_default_goal40_r2,expectimax_d2,net
corrected_reduced_board_default_goal40_r2,expectimax_d2,adjacent
corrected_reduced_board_default_goal40_r2,expectimax_d2,adjacent
corrected_reduced_board_default_goal40_r2,expectimax_d2,adjacent
corrected_reduced_board_default_goal40_r2,expectimax_d2,adjacent
corrected_reduced_board_default_goal40_r2,expectimax_d2,adjacent
corrected_reduced_board_default_goal40_r2,expectimax_d2,adjacent
corrected_reduced_board_default_goal40_r2,expectimax_d2,net
corrected_reduced_board_default_goal40_r2,random,adjacent
corrected_reduced_board_default_goal40_r2,expectimax_d2,adjacent
corrected_reduced_board_default_goal40_r2,expectimax_d2,net
corrected_reduced_board_default_goal40_r2,expectimax_d2,adjacent
corrected_reduced_board_default_goal40_r2,expectimax_d2,net
corrected_reduced_board_default_goal40_r2,expectimax_d2,adjacent
corrected_reduced_board_default_goal40_r2,expectimax_d2,adjacent
corrected_reduced_board_default_goal40_r2,expectimax_d2,adjacent
corrected_reduced_board_default_goal40_r2,expectimax_d2,adjacent
corrected_reduced_board_default_goal40_r2,expectimax_d2,adjacent
corrected_reduced_board_default_goal40_r2,rule,adjacent
corrected_reduced_board_default_goal40_r2,rule,adjacent
corrected_reduced_board_default_goal40_r2,rule,adjacent
corrected_reduced_board_default_goal40_r2,expectimax_d2,adjacent
corrected_reduced_board_default_goal40_r2,rule,adjacent
corrected_reduced_board_default_goal40_r2,rule,adjacent
corrected_reduced_board_default_goal40_r2,expectimax_d2,adjacent
corrected_reduced_board_default_goal40_r2,rule,adjacent
corrected_reduced_board_default_goal40_r2,expectimax_d2,adjacent
corrected_reduced_board_default_goal40_r2,expectimax_d2,adjacent
corrected_reduced_board_default_goal40_r2,expectimax_d2,net
corrected_reduced_board_default_goal40_r2,expectimax_d2,net
corrected_reduced_board_default_goal40_r2,rule,adjacent
corrected_reduced_board_default_goal40_r2,rule,adjacent
corrected_reduced_board_default_goal40_r2,expectimax_d2,adjacent
corrected_reduced_board_default_goal40_r2,rule,adjacent
corrected_reduced_board_default_goal40_r2,expectimax_d2,adjacent
corrected_reduced_board_default_goal40_r2,rule,adjacent
corrected_reduced_board_default_goal40_r2,expectimax_d2,adjacent
corrected_reduced_board_default_goal40_r2,expectimax_d2,adjacent
corrected_reduced_board_default_goal40_r2,rule,adjacent
corrected_reduced_board_default_goal40_r2,expectimax_d2,adjacent
corrected_reduced_board_default_goal40_r2,expectimax_d2,adjacent
corrected_reduced_board_default_goal40_r2,expectimax_d2,net
corrected_reduced_board_default_goal40_r2,expectimax_d2,adjacent
corrected_reduced_board_default_goal40_r2,rule,adjacent
corrected_reduced_board_default_goal40_r2,expectimax_d2,adjacent
corrected_reduced_board_default_goal40_r2,rule,adjacent
corrected_reduced_board_default_goal40_r2,rule,adjacent
corrected_reduced_board_default_goal40_r2,rule,adjacent
corrected_reduced_board_default_goal40_r2,rule,adjacent
corrected_reduced_board_default_goal40_r2,expectimax_d2,net
corrected_reduced_board_default_goal40_r2,expectimax_d2,net
corrected_reduced_board_default_goal40_r2,expectimax_d3,net
corrected_reduced_board_default_goal40_r2,expectimax_d3,net
corrected_reduced_board_default_goal40_r2,expectimax_d2,adjacent
corrected_reduced_board_default_goal40_r2,expectimax_d2,adjacent
corrected_reduced_board_default_goal40_r2,expectimax_d2,adjacent
corrected_reduced_board_default_goal40_r2,expectimax_d2,adjacent
corrected_reduced_board_default_goal40_r2,expectimax_d2,adjacent
corrected_reduced_board_default_goal40_r2,expectimax_d2,adjacent
corrected_reduced_board_default_goal40_r2,expectimax_d2,adjacent
corrected_reduced_board_default_goal40_r2,expectimax_d3,adjacent
corrected_reduced_board_default_goal40_r2,expectimax_d2,adjacent
corrected_reduced_board_default_goal40_r2,expectimax_d3,net
corrected_reduced_board_default_goal40_r2,expectimax_d3,adjacent
corrected_reduced_board_default_goal40_r2,expectimax_d3,adjacent
corrected_reduced_board_default_goal40_r2,expectimax_d2,net
corrected_reduced_board_default_goal40_r2,expectimax_d3,adjacent
corrected_reduced_board_default_goal40_r2,expectimax_d3,adjacent
corrected_reduced_board_default_goal40_r2,expectimax_d3,adjacent
corrected_reduced_board_default_goal40_r2,expectimax_d3,adjacent
corrected_reduced_board_default_goal40_r2,expectimax_d3,adjacent
corrected_reduced_board_default_goal40_r2,expectimax_d2,adjacent
corrected_reduced_board_default_goal40_r2,expectimax_d3,adjacent
corrected_reduced_board_default_goal40_r2,expectimax_d2,adjacent
corrected_reduced_board_default_goal40_r2,expectimax_d3,net
corrected_reduced_board_default_goal40_r2,expectimax_d3,adjacent
corrected_reduced_board_default_goal40_r2,expectimax_d3,adjacent
corrected_reduced_board_default_goal40_r2,expectimax_d2,adjacent
corrected_reduced_board_default_goal40_r2,expectimax_d3,adjacent
corrected_reduced_board_default_goal40_r2,expectimax_d2,adjacent
corrected_reduced_board_default_goal40_r2,expectimax_d2,adjacent
corrected_reduced_board_default_goal40_r2,expectimax_d2,adjacent
corrected_reduced_board_default_goal40_r2,expectimax_d2,adjacent
corrected_reduced_board_default_goal40_r2,expectimax_d2,adjacent
corrected_reduced_board_default_goal40_r2,expectimax_d2,adjacent
corrected_reduced_board_default_goal40_r2,expectimax_d2,adjacent
corrected_reduced_board_default_goal40_r2,expectimax_d3,adjacent
corrected_reduced_board_default_goal40_r2,expectimax_d2,adjacent
corrected_reduced_board_default_goal40_r2,expectimax_d2,adjacent
corrected_reduced_board_default_goal40_r2,expectimax_d2,adjacent
corrected_reduced_board_default_goal40_r2,expectimax_d3,adjacent
corrected_reduced_board_default_goal40_r2,greedy,net
corrected_reduced_board_default_goal40_r2,greedy,net
corrected_reduced_board_default_goal40_r2,expectimax_d3,net
corrected_reduced_board_default_goal40_r2,expectimax_d3,net
corrected_reduced_board_default_goal40_r2,greedy,adjacent
corrected_reduced_board_default_goal40_r2,greedy,adjacent
corrected_reduced_board_default_goal40_r2,greedy,adjacent
corrected_reduced_board_default_goal40_r2,greedy,adjacent
corrected_reduced_board_default_goal40_r2,greedy,adjacent
corrected_reduced_board_default_goal40_r2,expectimax_d3,adjacent
corrected_reduced_board_default_goal40_r2,greedy,adjacent
corrected_reduced_board_default_goal40_r2,greedy,adjacent
corrected_reduced_board_default_goal40_r2,greedy,adjacent
corrected_reduced_board_default_goal40_r2,expectimax_d3,net
corrected_reduced_board_default_goal40_r2,expectimax_d3,adjacent
corrected_reduced_board_default_goal40_r2,expectimax_d3,adjacent
corrected_reduced_board_default_goal40_r2,greedy,net
corrected_reduced_board_default_goal40_r2,expectimax_d3,adjacent
corrected_reduced_board_default_goal40_r2,expectimax_d3,adjacent
corrected_reduced_board_default_goal40_r2,expectimax_d3,adjacent
corrected_reduced_board_default_goal40_r2,expectimax_d3,adjacent
corrected_reduced_board_default_goal40_r2,expectimax_d3,adjacent
corrected_reduced_board_default_goal40_r2,greedy,adjacent
corrected_reduced_board_default_goal40_r2,expectimax_d3,adjacent
corrected_reduced_board_default_goal40_r2,expectimax_d3,adjacent
corrected_reduced_board_default_goal40_r2,greedy,adjacent
corrected_reduced_board_default_goal40_r2,expectimax_d3,adjacent
corrected_reduced_board_default_goal40_r2,greedy,adjacent
corrected_reduced_board_default_goal40_r2,greedy,adjacent
corrected_reduced_board_default_goal40_r2,greedy,adjacent
corrected_reduced_board_default_goal40_r2,greedy,adjacent
corrected_reduced_board_default_goal40_r2,greedy,adjacent
corrected_reduced_board_default_goal40_r2,greedy,adjacent
corrected_reduced_board_default_goal40_r2,greedy,adjacent
corrected_reduced_board_default_goal40_r2,expectimax_d3,adjacent
corrected_reduced_board_default_goal40_r2,greedy,adjacent
corrected_reduced_board_default_goal40_r2,greedy,adjacent
corrected_reduced_board_default_goal40_r2,greedy,adjacent
corrected_reduced_board_default_goal40_r2,expectimax_d3,adjacent
corrected_reduced_board_default_goal40_r2,mcts,adjacent
corrected_reduced_board_default_goal40_r2,expectimax_d3,adjacent
corrected_reduced_board_default_goal40_r2,expectimax_d3,adjacent
corrected_reduced_board_default_goal40_r2,expectimax_d3,net
corrected_reduced_board_default_goal40_r2,mcts,adjacent
corrected_reduced_board_default_goal40_r2,expectimax_d3,adjacent
corrected_reduced_board_default_goal40_r2,mcts,adjacent
corrected_reduced_board_default_goal40_r2,expectimax_d3,adjacent
corrected_reduced_board_default_goal40_r2,expectimax_d3,adjacent
corrected_reduced_board_default_goal40_r2,expectimax_d3,adjacent
corrected_reduced_board_default_goal40_r2,expectimax_d3,adjacent
corrected_reduced_board_default_goal40_r2,mcts,net
corrected_reduced_board_default_goal40_r2,mcts,adjacent
corrected_reduced_board_default_goal40_r2,mcts,adjacent
corrected_reduced_board_default_goal40_r2,expectimax_d3,adjacent
corrected_reduced_board_default_goal40_r2,expectimax_d3,adjacent
corrected_reduced_board_default_goal40_r2,mcts,adjacent
corrected_reduced_board_default_goal40_r2,expectimax_d3,adjacent
corrected_reduced_board_default_goal40_r2,expectimax_d3,adjacent
corrected_reduced_board_default_goal40_r2,expectimax_d3,adjacent
corrected_reduced_board_default_goal40_r2,expectimax_d3,adjacent
corrected_reduced_board_default_goal40_r2,expectimax_d3,adjacent
corrected_reduced_board_default_goal40_r2,mcts,adjacent
corrected_reduced_board_default_goal40_r2,expectimax_d3,adjacent
corrected_reduced_board_default_goal40_r2,expectimax_d3,net
corrected_reduced_board_default_goal40_r2,mcts,adjacent
corrected_reduced_board_default_goal40_r2,mcts,adjacent
corrected_reduced_board_default_goal40_r2,expectimax_d3,adjacent
corrected_reduced_board_default_goal40_r2,expectimax_d3,net
corrected_reduced_board_default_goal40_r2,expectimax_d3,net
corrected_reduced_board_default_goal40_r2,expectimax_d3,adjacent
corrected_reduced_board_default_goal40_r2,mcts,net
corrected_reduced_board_default_goal40_r2,mcts,adjacent
corrected_reduced_board_default_goal40_r2,expectimax_d3,adjacent
corrected_reduced_board_default_goal40_r2,mcts,adjacent
corrected_reduced_board_default_goal40_r2,mcts,adjacent
corrected_reduced_board_default_goal40_r2,expectimax_d3,adjacent
corrected_reduced_board_default_goal40_r2,mcts,adjacent
corrected_reduced_board_default_goal40_r2,expectimax_d3,adjacent
corrected_reduced_board_default_goal40_r2,expectimax_d3,adjacent
corrected_reduced_board_default_goal40_r2,expectimax_d3,net
corrected_reduced_board_default_goal40_r2,expectimax_d3,adjacent
corrected_reduced_board_default_goal40_r2,expectimax_d3,adjacent
corrected_reduced_board_default_goal40_r2,expectimax_d3,adjacent
corrected_reduced_board_default_goal40_r2,expectimax_d3,adjacent
corrected_reduced_board_default_goal40_r2,expectimax_d3,adjacent
corrected_reduced_board_default_goal40_r2,expectimax_d3,adjacent
corrected_reduced_board_default_goal40_r2,expectimax_d3,net
corrected_reduced_board_default_goal40_r2,expectimax_d3,adjacent
corrected_reduced_board_default_goal40_r2,expectimax_d3,net
corrected_reduced_board_default_goal40_r2,expectimax_d3,net
corrected_reduced_board_default_goal40_r2,expectimax_d3,adjacent
corrected_reduced_board_default_goal40_r2,expectimax_d3,adjacent
corrected_reduced_board_default_goal40_r2,expectimax_d3,adjacent
corrected_reduced_board_default_goal40_r2,expectimax_d3,adjacent
corrected_reduced_board_default_goal40_r2,expectimax_d3,adjacent
corrected_reduced_board_default_goal40_r2,expectimax_d3,net
corrected_reduced_board_default_goal40_r2,expectimax_d3,adjacent
corrected_reduced_board_default_goal40_r2,expectimax_d3,adjacent
corrected_reduced_board_default_goal40_r2,expectimax_d3,adjacent
corrected_reduced_board_default_goal40_r2,expectimax_d3,adjacent
corrected_reduced_board_default_goal40_r2,expectimax_d3,adjacent
corrected_reduced_board_default_goal40_r2,expectimax_d3,adjacent
corrected_reduced_board_default_goal40_r2,expectimax_d3,adjacent
corrected_reduced_board_default_goal40_r2,rule,adjacent
corrected_reduced_board_default_goal40_r2,rule,adjacent
corrected_reduced_board_default_goal40_r2,rule,adjacent
corrected_reduced_board_default_goal40_r2,expectimax_d3,adjacent
corrected_reduced_board_default_goal40_r2,rule,adjacent
corrected_reduced_board_default_goal40_r2,rule,adjacent
corrected_reduced_board_default_goal40_r2,expectimax_d3,adjacent
corrected_reduced_board_default_goal40_r2,rule,adjacent
corrected_reduced_board_default_goal40_r2,expectimax_d3,adjacent
corrected_reduced_board_default_goal40_r2,expectimax_d3,adjacent
corrected_reduced_board_default_goal40_r2,expectimax_d3,net
corrected_reduced_board_default_goal40_r2,expectimax_d3,net
corrected_reduced_board_default_goal40_r2,rule,adjacent
corrected_reduced_board_default_goal40_r2,expectimax_d3,adjacent
corrected_reduced_board_default_goal40_r2,expectimax_d3,adjacent
corrected_reduced_board_default_goal40_r2,expectimax_d3,adjacent
corrected_reduced_board_default_goal40_r2,expectimax_d3,adjacent
corrected_reduced_board_default_goal40_r2,expectimax_d3,adjacent
corrected_reduced_board_default_goal40_r2,rule,adjacent
corrected_reduced_board_default_goal40_r2,expectimax_d3,adjacent
corrected_reduced_board_default_goal40_r2,rule,adjacent
corrected_reduced_board_default_goal40_r2,expectimax_d3,adjacent
corrected_reduced_board_default_goal40_r2,rule,adjacent
corrected_reduced_board_default_goal40_r2,expectimax_d3,adjacent
corrected_reduced_board_default_goal40_r2,expectimax_d3,adjacent
corrected_reduced_board_default_goal40_r2,expectimax_d3,net
corrected_reduced_board_default_goal40_r2,expectimax_d3,adjacent
corrected_reduced_board_default_goal40_r2,expectimax_d3,adjacent
corrected_reduced_board_default_goal40_r2,rule,adjacent
corrected_reduced_board_default_goal40_r2,expectimax_d3,adjacent
corrected_reduced_board_default_goal40_r2,rule,adjacent
corrected_reduced_board_default_goal40_r2,rule,adjacent
corrected_reduced_board_default_goal40_r2,rule,adjacent
corrected_reduced_board_default_goal40_r2,rule,adjacent
corrected_reduced_board_default_goal40_r2,expectimax_d3,adjacent
corrected_reduced_board_default_goal40_r2,rule,adjacent
corrected_reduced_board_default_goal40_r2,expectimax_d3,adjacent
corrected_reduced_board_default_goal40_r2,expectimax_d2,net
corrected_reduced_board_default_goal40_r2,expectimax_d2,net
corrected_reduced_board_default_goal40_r2,expectimax_d2,net
corrected_reduced_board_default_goal40_r2,expectimax_d2,adjacent
corrected_reduced_board_default_goal40_r2,expectimax_d2,adjacent
corrected_reduced_board_default_goal40_r2,expectimax_d2,adjacent
corrected_reduced_board_default_goal40_r2,greedy,adjacent
corrected_reduced_board_default_goal40_r2,expectimax_d2,adjacent
corrected_reduced_board_default_goal40_r2,greedy,adjacent
corrected_reduced_board_default_goal40_r2,greedy,net
corrected_reduced_board_default_goal40_r2,greedy,adjacent
corrected_reduced_board_default_goal40_r2,greedy,adjacent
corrected_reduced_board_default_goal40_r2,expectimax_d2,net
corrected_reduced_board_default_goal40_r2,expectimax_d2,net
corrected_reduced_board_default_goal40_r2,greedy,adjacent
corrected_reduced_board_default_goal40_r2,greedy,adjacent
corrected_reduced_board_default_goal40_r2,greedy,adjacent
corrected_reduced_board_default_goal40_r2,expectimax_d2,adjacent
corrected_reduced_board_default_goal40_r2,greedy,adjacent
corrected_reduced_board_default_goal40_r2,greedy,adjacent
corrected_reduced_board_default_goal40_r2,expectimax_d2,adjacent
corrected_reduced_board_default_goal40_r2,greedy,adjacent
corrected_reduced_board_default_goal40_r2,expectimax_d2,adjacent
corrected_reduced_board_default_goal40_r2,expectimax_d2,adjacent
corrected_reduced_board_default_goal40_r2,greedy,adjacent
corrected_reduced_board_default_goal40_r2,greedy,adjacent
corrected_reduced_board_default_goal40_r2,greedy,net
corrected_reduced_board_default_goal40_r2,greedy,net
corrected_reduced_board_default_goal40_r2,greedy,adjacent
corrected_reduced_board_default_goal40_r2,expectimax_d2,adjacent
corrected_reduced_board_default_goal40_r2,greedy,adjacent
corrected_reduced_board_default_goal40_r2,expectimax_d2,adjacent
corrected_reduced_board_default_goal40_r2,expectimax_d2,adjacent
corrected_reduced_board_default_goal40_r2,expectimax_d2,adjacent
corrected_reduced_board_default_goal40_r2,expectimax_d2,adjacent
corrected_reduced_board_default_goal40_r2,greedy,adjacent
corrected_reduced_board_default_goal40_r2,expectimax_d2,adjacent
corrected_reduced_board_default_goal40_r2,expectimax_d2,adjacent
corrected_reduced_board_default_goal40_r2,expectimax_d3,net
corrected_reduced_board_default_goal40_r2,greedy,net
corrected_reduced_board_default_goal40_r2,expectimax_d3,adjacent
corrected_reduced_board_default_goal40_r2,expectimax_d3,adjacent
corrected_reduced_board_default_goal40_r2,expectimax_d3,adjacent
corrected_reduced_board_default_goal40_r2,expectimax_d3,adjacent
corrected_reduced_board_default_goal40_r2,greedy,adjacent
corrected_reduced_board_default_goal40_r2,greedy,adjacent
corrected_reduced_board_default_goal40_r2,greedy,adjacent
corrected_reduced_board_default_goal40_r2,greedy,adjacent
corrected_reduced_board_default_goal40_r2,expectimax_d3,adjacent
corrected_reduced_board_default_goal40_r2,expectimax_d3,adjacent
corrected_reduced_board_default_goal40_r2,greedy,net
corrected_reduced_board_default_goal40_r2,greedy,adjacent
corrected_reduced_board_default_goal40_r2,greedy,adjacent
corrected_reduced_board_default_goal40_r2,expectimax_d3,adjacent
corrected_reduced_board_default_goal40_r2,greedy,adjacent
corrected_reduced_board_default_goal40_r2,greedy,adjacent
corrected_reduced_board_default_goal40_r2,greedy,adjacent
corrected_reduced_board_default_goal40_r2,greedy,adjacent
corrected_reduced_board_default_goal40_r2,greedy,adjacent
corrected_reduced_board_default_goal40_r2,expectimax_d3,adjacent
corrected_reduced_board_default_goal40_r2,greedy,adjacent
corrected_reduced_board_default_goal40_r2,expectimax_d3,adjacent
corrected_reduced_board_default_goal40_r2,greedy,adjacent
corrected_reduced_board_default_goal40_r2,expectimax_d3,adjacent
corrected_reduced_board_default_goal40_r2,expectimax_d3,adjacent
corrected_reduced_board_default_goal40_r2,greedy,adjacent
corrected_reduced_board_default_goal40_r2,greedy,net
corrected_reduced_board_default_goal40_r2,greedy,net
corrected_reduced_board_default_goal40_r2,greedy,adjacent
corrected_reduced_board_default_goal40_r2,expectimax_d3,adjacent
corrected_reduced_board_default_goal40_r2,greedy,adjacent
corrected_reduced_board_default_goal40_r2,expectimax_d3,adjacent
corrected_reduced_board_default_goal40_r2,expectimax_d3,adjacent
corrected_reduced_board_default_goal40_r2,greedy,adjacent
corrected_reduced_board_default_goal40_r2,expectimax_d3,adjacent
corrected_reduced_board_default_goal40_r2,greedy,adjacent
corrected_reduced_board_default_goal40_r2,expectimax_d3,net
corrected_reduced_board_default_goal40_r2,expectimax_d3,net
corrected_reduced_board_default_goal40_r2,expectimax_d3,net
corrected_reduced_board_default_goal40_r2,expectimax_d3,adjacent
corrected_reduced_board_default_goal40_r2,mcts,adjacent
corrected_reduced_board_default_goal40_r2,greedy,adjacent
corrected_reduced_board_default_goal40_r2,greedy,adjacent
corrected_reduced_board_default_goal40_r2,greedy,net
corrected_reduced_board_default_goal40_r2,mcts,adjacent
corrected_reduced_board_default_goal40_r2,greedy,adjacent
corrected_reduced_board_default_goal40_r2,mcts,adjacent
corrected_reduced_board_default_goal40_r2,mcts,adjacent
corrected_reduced_board_default_goal40_r2,greedy,adjacent
corrected_reduced_board_default_goal40_r2,greedy,net
corrected_reduced_board_default_goal40_r2,mcts,adjacent
corrected_reduced_board_default_goal40_r2,mcts,adjacent
corrected_reduced_board_default_goal40_r2,mcts,adjacent
corrected_reduced_board_default_goal40_r2,greedy,adjacent
corrected_reduced_board_default_goal40_r2,greedy,adjacent
corrected_reduced_board_default_goal40_r2,mcts,adjacent
corrected_reduced_board_default_goal40_r2,greedy,adjacent
corrected_reduced_board_default_goal40_r2,greedy,adjacent
corrected_reduced_board_default_goal40_r2,greedy,adjacent
corrected_reduced_board_default_goal40_r2,greedy,net
corrected_reduced_board_default_goal40_r2,greedy,adjacent
corrected_reduced_board_default_goal40_r2,mcts,adjacent
corrected_reduced_board_default_goal40_r2,greedy,adjacent
corrected_reduced_board_default_goal40_r2,greedy,net
corrected_reduced_board_default_goal40_r2,mcts,adjacent
corrected_reduced_board_default_goal40_r2,mcts,adjacent
corrected_reduced_board_default_goal40_r2,greedy,net
corrected_reduced_board_default_goal40_r2,mcts,adjacent
corrected_reduced_board_default_goal40_r2,greedy,adjacent
corrected_reduced_board_default_goal40_r2,greedy,adjacent
corrected_reduced_board_default_goal40_r2,mcts,adjacent
corrected_reduced_board_default_goal40_r2,greedy,adjacent
corrected_reduced_board_default_goal40_r2,greedy,adjacent
corrected_reduced_board_default_goal40_r2,greedy,adjacent
corrected_reduced_board_default_goal40_r2,mcts,adjacent
corrected_reduced_board_default_goal40_r2,mcts,adjacent
corrected_reduced_board_default_goal40_r2,greedy,adjacent
corrected_reduced_board_default_goal40_r2,greedy,adjacent
corrected_reduced_board_default_goal40_r2,mcts,adjacent
corrected_reduced_board_default_goal40_r2,greedy,adjacent
corrected_reduced_board_default_goal40_r2,greedy,adjacent
corrected_reduced_board_default_goal40_r2,greedy,net
corrected_reduced_board_default_goal40_r2,greedy,adjacent
corrected_reduced_board_default_goal40_r2,greedy,adjacent
corrected_reduced_board_default_goal40_r2,greedy,adjacent
corrected_reduced_board_default_goal40_r2,greedy,net
corrected_reduced_board_default_goal40_r2,greedy,adjacent
corrected_reduced_board_default_goal40_r2,greedy,net
corrected_reduced_board_default_goal40_r2,greedy,net
corrected_reduced_board_default_goal40_r2,greedy,net
corrected_reduced_board_default_goal40_r2,greedy,net
corrected_reduced_board_default_goal40_r2,greedy,adjacent
corrected_reduced_board_default_goal40_r2,greedy,adjacent
corrected_reduced_board_default_goal40_r2,greedy,adjacent
corrected_reduced_board_default_goal40_r2,greedy,adjacent
corrected_reduced_board_default_goal40_r2,greedy,net
corrected_reduced_board_default_goal40_r2,greedy,adjacent
corrected_reduced_board_default_goal40_r2,greedy,adjacent
corrected_reduced_board_default_goal40_r2,greedy,net
corrected_reduced_board_default_goal40_r2,greedy,adjacent
corrected_reduced_board_default_goal40_r2,random,adjacent
corrected_reduced_board_default_goal40_r2,greedy,adjacent
corrected_reduced_board_default_goal40_r2,greedy,adjacent
corrected_reduced_board_default_goal40_r2,greedy,net
corrected_reduced_board_default_goal40_r2,greedy,net
corrected_reduced_board_default_goal40_r2,greedy,adjacent
corrected_reduced_board_default_goal40_r2,greedy,net
corrected_reduced_board_default_goal40_r2,greedy,net
corrected_reduced_board_default_goal40_r2,greedy,net
corrected_reduced_board_default_goal40_r2,rule,adjacent
corrected_reduced_board_default_goal40_r2,rule,adjacent
corrected_reduced_board_default_goal40_r2,rule,adjacent
corrected_reduced_board_default_goal40_r2,rule,adjacent
corrected_reduced_board_default_goal40_r2,rule,adjacent
corrected_reduced_board_default_goal40_r2,rule,adjacent
corrected_reduced_board_default_goal40_r2,greedy,adjacent
corrected_reduced_board_default_goal40_r2,greedy,adjacent
corrected_reduced_board_default_goal40_r2,greedy,adjacent
corrected_reduced_board_default_goal40_r2,greedy,net
corrected_reduced_board_default_goal40_r2,greedy,net
corrected_reduced_board_default_goal40_r2,rule,adjacent
corrected_reduced_board_default_goal40_r2,greedy,adjacent
corrected_reduced_board_default_goal40_r2,greedy,adjacent
corrected_reduced_board_default_goal40_r2,greedy,adjacent
corrected_reduced_board_default_goal40_r2,greedy,adjacent
corrected_reduced_board_default_goal40_r2,greedy,adjacent
corrected_reduced_board_default_goal40_r2,rule,adjacent
corrected_reduced_board_default_goal40_r2,greedy,adjacent
corrected_reduced_board_default_goal40_r2,rule,adjacent
corrected_reduced_board_default_goal40_r2,greedy,adjacent
corrected_reduced_board_default_goal40_r2,greedy,adjacent
corrected_reduced_board_default_goal40_r2,rule,adjacent
corrected_reduced_board_default_goal40_r2,greedy,net
corrected_reduced_board_default_goal40_r2,rule,adjacent
corrected_reduced_board_default_goal40_r2,greedy,adjacent
corrected_reduced_board_default_goal40_r2,rule,adjacent
corrected_reduced_board_default_goal40_r2,rule,adjacent
corrected_reduced_board_default_goal40_r2,rule,adjacent
corrected_reduced_board_default_goal40_r2,rule,adjacent
corrected_reduced_board_default_goal40_r2,greedy,adjacent
corrected_reduced_board_default_goal40_r2,greedy,adjacent
corrected_reduced_board_default_goal40_r2,expectimax_d2,adjacent
corrected_reduced_board_default_goal40_r2,expectimax_d2,net
corrected_reduced_board_default_goal40_r2,expectimax_d2,adjacent
corrected_reduced_board_default_goal40_r2,mcts,adjacent
corrected_reduced_board_default_goal40_r2,expectimax_d2,net
corrected_reduced_board_default_goal40_r2,expectimax_d2,adjacent
corrected_reduced_board_default_goal40_r2,mcts,adjacent
corrected_reduced_board_default_goal40_r2,expectimax_d2,adjacent
corrected_reduced_board_default_goal40_r2,mcts,adjacent
corrected_reduced_board_default_goal40_r2,expectimax_d2,adjacent
corrected_reduced_board_default_goal40_r2,mcts,adjacent
corrected_reduced_board_default_goal40_r2,expectimax_d2,adjacent
corrected_reduced_board_default_goal40_r2,expectimax_d2,adjacent
corrected_reduced_board_default_goal40_r2,expectimax_d2,adjacent
corrected_reduced_board_default_goal40_r2,mcts,adjacent
corrected_reduced_board_default_goal40_r2,expectimax_d2,adjacent
corrected_reduced_board_default_goal40_r2,expectimax_d2,adjacent
corrected_reduced_board_default_goal40_r2,mcts,adjacent
corrected_reduced_board_default_goal40_r2,mcts,adjacent
corrected_reduced_board_default_goal40_r2,expectimax_d2,adjacent
corrected_reduced_board_default_goal40_r2,mcts,adjacent
corrected_reduced_board_default_goal40_r2,mcts,adjacent
corrected_reduced_board_default_goal40_r2,mcts,adjacent
corrected_reduced_board_default_goal40_r2,mcts,adjacent
corrected_reduced_board_default_goal40_r2,mcts,adjacent
corrected_reduced_board_default_goal40_r2,mcts,adjacent
corrected_reduced_board_default_goal40_r2,expectimax_d2,adjacent
corrected_reduced_board_default_goal40_r2,mcts,adjacent
corrected_reduced_board_default_goal40_r2,expectimax_d2,adjacent
corrected_reduced_board_default_goal40_r2,mcts,adjacent
corrected_reduced_board_default_goal40_r2,expectimax_d2,adjacent
corrected_reduced_board_default_goal40_r2,mcts,adjacent
corrected_reduced_board_default_goal40_r2,mcts,adjacent
corrected_reduced_board_default_goal40_r2,expectimax_d2,adjacent
corrected_reduced_board_default_goal40_r2,expectimax_d3,adjacent
corrected_reduced_board_default_goal40_r2,expectimax_d3,adjacent
corrected_reduced_board_default_goal40_r2,expectimax_d3,net
corrected_reduced_board_default_goal40_r2,expectimax_d3,adjacent
corrected_reduced_board_default_goal40_r2,expectimax_d3,adjacent
corrected_reduced_board_default_goal40_r2,expectimax_d3,adjacent
corrected_reduced_board_default_goal40_r2,mcts,adjacent
corrected_reduced_board_default_goal40_r2,expectimax_d3,adjacent
corrected_reduced_board_default_goal40_r2,mcts,adjacent
corrected_reduced_board_default_goal40_r2,mcts,adjacent
corrected_reduced_board_default_goal40_r2,expectimax_d3,adjacent
corrected_reduced_board_default_goal40_r2,expectimax_d3,adjacent
corrected_reduced_board_default_goal40_r2,expectimax_d3,net
corrected_reduced_board_default_goal40_r2,expectimax_d3,adjacent
corrected_reduced_board_default_goal40_r2,mcts,adjacent
corrected_reduced_board_default_goal40_r2,expectimax_d3,adjacent
corrected_reduced_board_default_goal40_r2,expectimax_d3,adjacent
corrected_reduced_board_default_goal40_r2,mcts,adjacent
corrected_reduced_board_default_goal40_r2,mcts,adjacent
corrected_reduced_board_default_goal40_r2,expectimax_d3,adjacent
corrected_reduced_board_default_goal40_r2,mcts,adjacent
corrected_reduced_board_default_goal40_r2,mcts,adjacent
corrected_reduced_board_default_goal40_r2,mcts,adjacent
corrected_reduced_board_default_goal40_r2,mcts,adjacent
corrected_reduced_board_default_goal40_r2,mcts,adjacent
corrected_reduced_board_default_goal40_r2,expectimax_d3,adjacent
corrected_reduced_board_default_goal40_r2,mcts,adjacent
corrected_reduced_board_default_goal40_r2,expectimax_d3,adjacent
corrected_reduced_board_default_goal40_r2,mcts,adjacent
corrected_reduced_board_default_goal40_r2,expectimax_d3,adjacent
corrected_reduced_board_default_goal40_r2,mcts,adjacent
corrected_reduced_board_default_goal40_r2,mcts,adjacent
corrected_reduced_board_default_goal40_r2,mcts,adjacent
corrected_reduced_board_default_goal40_r2,greedy,adjacent
corrected_reduced_board_default_goal40_r2,greedy,adjacent
corrected_reduced_board_default_goal40_r2,greedy,net
corrected_reduced_board_default_goal40_r2,greedy,adjacent
corrected_reduced_board_default_goal40_r2,greedy,adjacent
corrected_reduced_board_default_goal40_r2,greedy,adjacent
corrected_reduced_board_default_goal40_r2,mcts,adjacent
corrected_reduced_board_default_goal40_r2,greedy,adjacent
corrected_reduced_board_default_goal40_r2,mcts,adjacent
corrected_reduced_board_default_goal40_r2,mcts,adjacent
corrected_reduced_board_default_goal40_r2,greedy,adjacent
corrected_reduced_board_default_goal40_r2,greedy,adjacent
corrected_reduced_board_default_goal40_r2,greedy,adjacent
corrected_reduced_board_default_goal40_r2,greedy,adjacent
corrected_reduced_board_default_goal40_r2,mcts,adjacent
corrected_reduced_board_default_goal40_r2,greedy,adjacent
corrected_reduced_board_default_goal40_r2,mcts,adjacent
corrected_reduced_board_default_goal40_r2,greedy,adjacent
corrected_reduced_board_default_goal40_r2,mcts,adjacent
corrected_reduced_board_default_goal40_r2,greedy,adjacent
corrected_reduced_board_default_goal40_r2,mcts,adjacent
corrected_reduced_board_default_goal40_r2,mcts,adjacent
corrected_reduced_board_default_goal40_r2,mcts,adjacent
corrected_reduced_board_default_goal40_r2,greedy,adjacent
corrected_reduced_board_default_goal40_r2,greedy,adjacent
corrected_reduced_board_default_goal40_r2,mcts,adjacent
corrected_reduced_board_default_goal40_r2,mcts,adjacent
corrected_reduced_board_default_goal40_r2,mcts,adjacent
corrected_reduced_board_default_goal40_r2,mcts,adjacent
corrected_reduced_board_default_goal40_r2,mcts,adjacent
corrected_reduced_board_default_goal40_r2,mcts,adjacent
corrected_reduced_board_default_goal40_r2,greedy,adjacent
corrected_reduced_board_default_goal40_r2,greedy,adjacent
corrected_reduced_board_default_goal40_r2,greedy,adjacent
corrected_reduced_board_default_goal40_r2,greedy,adjacent
corrected_reduced_board_default_goal40_r2,greedy,adjacent
corrected_reduced_board_default_goal40_r2,greedy,adjacent
corrected_reduced_board_default_goal40_r2,greedy,adjacent
corrected_reduced_board_default_goal40_r2,mcts,adjacent
corrected_reduced_board_default_goal40_r2,mcts,adjacent
corrected_reduced_board_default_goal40_r2,mcts,adjacent
corrected_reduced_board_default_goal40_r2,mcts,adjacent
corrected_reduced_board_default_goal40_r2,mcts,adjacent
corrected_reduced_board_default_goal40_r2,mcts,adjacent
corrected_reduced_board_default_goal40_r2,random,adjacent
corrected_reduced_board_default_goal40_r2,mcts,net
corrected_reduced_board_default_goal40_r2,mcts,net
corrected_reduced_board_default_goal40_r2,mcts,net
corrected_reduced_board_default_goal40_r2,mcts,net
corrected_reduced_board_default_goal40_r2,mcts,adjacent
corrected_reduced_board_default_goal40_r2,mcts,adjacent
corrected_reduced_board_default_goal40_r2,mcts,adjacent
corrected_reduced_board_default_goal40_r2,mcts,adjacent
corrected_reduced_board_default_goal40_r2,mcts,adjacent
corrected_reduced_board_default_goal40_r2,mcts,adjacent
corrected_reduced_board_default_goal40_r2,mcts,net
corrected_reduced_board_default_goal40_r2,mcts,adjacent
corrected_reduced_board_default_goal40_r2,mcts,net
corrected_reduced_board_default_goal40_r2,mcts,net
corrected_reduced_board_default_goal40_r2,mcts,adjacent
corrected_reduced_board_default_goal40_r2,mcts,adjacent
corrected_reduced_board_default_goal40_r2,mcts,adjacent
corrected_reduced_board_default_goal40_r2,mcts,adjacent
corrected_reduced_board_default_goal40_r2,mcts,adjacent
corrected_reduced_board_default_goal40_r2,rule,adjacent
corrected_reduced_board_default_goal40_r2,mcts,adjacent
corrected_reduced_board_default_goal40_r2,rule,net
corrected_reduced_board_default_goal40_r2,mcts,adjacent
corrected_reduced_board_default_goal40_r2,mcts,adjacent
corrected_reduced_board_default_goal40_r2,rule,net
corrected_reduced_board_default_goal40_r2,mcts,adjacent
corrected_reduced_board_default_goal40_r2,rule,adjacent
corrected_reduced_board_default_goal40_r2,mcts,adjacent
corrected_reduced_board_default_goal40_r2,rule,net
corrected_reduced_board_default_goal40_r2,mcts,adjacent
corrected_reduced_board_default_goal40_r2,rule,net
corrected_reduced_board_default_goal40_r2,mcts,net
corrected_reduced_board_default_goal40_r2,mcts,adjacent
corrected_reduced_board_default_goal40_r2,mcts,adjacent
corrected_reduced_board_default_goal40_r2,rule,adjacent
corrected_reduced_board_default_goal40_r2,mcts,adjacent
corrected_reduced_board_default_goal40_r2,mcts,adjacent
corrected_reduced_board_default_goal40_r2,mcts,adjacent
corrected_reduced_board_default_goal40_r2,mcts,adjacent
corrected_reduced_board_default_goal40_r2,mcts,adjacent
corrected_reduced_board_default_goal40_r2,rule,adjacent
corrected_reduced_board_default_goal40_r2,mcts,adjacent
corrected_reduced_board_default_goal40_r2,rule,adjacent
corrected_reduced_board_default_goal40_r2,rule,adjacent
corrected_reduced_board_default_goal40_r2,rule,adjacent
corrected_reduced_board_default_goal40_r2,rule,adjacent
corrected_reduced_board_default_goal40_r2,mcts,adjacent
corrected_reduced_board_default_goal40_r2,rule,net
corrected_reduced_board_default_goal40_r2,mcts,adjacent
corrected_reduced_board_default_goal40_r2,mcts,adjacent
corrected_reduced_board_default_goal40_r2,rule,adjacent
corrected_reduced_board_default_goal40_r2,rule,net
corrected_reduced_board_default_goal40_r2,rule,adjacent
corrected_reduced_board_default_goal40_r2,mcts,adjacent
corrected_reduced_board_default_goal40_r2,mcts,adjacent
corrected_reduced_board_default_goal40_r2,rule,adjacent
corrected_reduced_board_default_goal40_r2,expectimax_d2,net
corrected_reduced_board_default_goal40_r2,expectimax_d2,adjacent
corrected_reduced_board_default_goal40_r2,expectimax_d2,adjacent
corrected_reduced_board_default_goal40_r2,expectimax_d2,net
corrected_reduced_board_default_goal40_r2,expectimax_d2,adjacent
corrected_reduced_board_default_goal40_r2,expectimax_d2,adjacent
corrected_reduced_board_default_goal40_r2,expectimax_d2,adjacent
corrected_reduced_board_default_goal40_r2,expectimax_d2,adjacent
corrected_reduced_board_default_goal40_r2,expectimax_d2,adjacent
corrected_reduced_board_default_goal40_r2,expectimax_d2,adjacent
corrected_reduced_board_default_goal40_r2,expectimax_d2,adjacent
corrected_reduced_board_default_goal40_r2,expectimax_d2,net
corrected_reduced_board_default_goal40_r2,expectimax_d2,net
corrected_reduced_board_default_goal40_r2,expectimax_d2,adjacent
corrected_reduced_board_default_goal40_r2,expectimax_d2,adjacent
corrected_reduced_board_default_goal40_r2,expectimax_d2,adjacent
corrected_reduced_board_default_goal40_r2,expectimax_d2,adjacent
corrected_reduced_board_default_goal40_r2,expectimax_d2,adjacent
corrected_reduced_board_default_goal40_r2,expectimax_d2,adjacent
corrected_reduced_board_default_goal40_r2,expectimax_d2,adjacent
corrected_reduced_board_default_goal40_r2,expectimax_d2,adjacent
corrected_reduced_board_default_goal40_r2,expectimax_d2,adjacent
corrected_reduced_board_default_goal40_r2,expectimax_d2,adjacent
corrected_reduced_board_default_goal40_r2,expectimax_d2,adjacent
corrected_reduced_board_default_goal40_r2,expectimax_d2,adjacent
corrected_reduced_board_default_goal40_r2,expectimax_d2,adjacent
corrected_reduced_board_default_goal40_r2,expectimax_d2,adjacent
corrected_reduced_board_default_goal40_r2,expectimax_d3,net
corrected_reduced_board_default_goal40_r2,expectimax_d3,adjacent
corrected_reduced_board_default_goal40_r2,expectimax_d3,net
corrected_reduced_board_default_goal40_r2,expectimax_d3,adjacent
corrected_reduced_board_default_goal40_r2,expectimax_d3,net
corrected_reduced_board_default_goal40_r2,expectimax_d3,adjacent
corrected_reduced_board_default_goal40_r2,expectimax_d3,adjacent
corrected_reduced_board_default_goal40_r2,random,adjacent
corrected_reduced_board_default_goal40_r2,expectimax_d3,adjacent
corrected_reduced_board_default_goal40_r2,expectimax_d3,adjacent
corrected_reduced_board_default_goal40_r2,expectimax_d3,adjacent
corrected_reduced_board_default_goal40_r2,expectimax_d3,adjacent
corrected_reduced_board_default_goal40_r2,expectimax_d3,adjacent
corrected_reduced_board_default_goal40_r2,expectimax_d3,adjacent
corrected_reduced_board_default_goal40_r2,expectimax_d3,adjacent
corrected_reduced_board_default_goal40_r2,expectimax_d3,adjacent
corrected_reduced_board_default_goal40_r2,expectimax_d3,net
corrected_reduced_board_default_goal40_r2,expectimax_d3,adjacent
corrected_reduced_board_default_goal40_r2,expectimax_d3,adjacent
corrected_reduced_board_default_goal40_r2,expectimax_d3,adjacent
corrected_reduced_board_default_goal40_r2,expectimax_d3,net
corrected_reduced_board_default_goal40_r2,expectimax_d3,adjacent
corrected_reduced_board_default_goal40_r2,expectimax_d3,adjacent
corrected_reduced_board_default_goal40_r2,expectimax_d3,adjacent
corrected_reduced_board_default_goal40_r2,expectimax_d3,adjacent
corrected_reduced_board_default_goal40_r2,random,adjacent
corrected_reduced_board_default_goal40_r2,expectimax_d3,adjacent
corrected_reduced_board_default_goal40_r2,expectimax_d3,adjacent
corrected_reduced_board_default_goal40_r2,greedy,net
corrected_reduced_board_default_goal40_r2,greedy,adjacent
corrected_reduced_board_default_goal40_r2,greedy,adjacent
corrected_reduced_board_default_goal40_r2,greedy,adjacent
corrected_reduced_board_default_goal40_r2,greedy,adjacent
corrected_reduced_board_default_goal40_r2,greedy,adjacent
corrected_reduced_board_default_goal40_r2,greedy,adjacent
corrected_reduced_board_default_goal40_r2,greedy,adjacent
corrected_reduced_board_default_goal40_r2,greedy,adjacent
corrected_reduced_board_default_goal40_r2,greedy,adjacent
corrected_reduced_board_default_goal40_r2,greedy,adjacent
corrected_reduced_board_default_goal40_r2,greedy,adjacent
corrected_reduced_board_default_goal40_r2,greedy,net
corrected_reduced_board_default_goal40_r2,greedy,net
corrected_reduced_board_default_goal40_r2,greedy,adjacent
corrected_reduced_board_default_goal40_r2,greedy,adjacent
corrected_reduced_board_default_goal40_r2,greedy,net
corrected_reduced_board_default_goal40_r2,greedy,net
corrected_reduced_board_default_goal40_r2,greedy,adjacent
corrected_reduced_board_default_goal40_r2,greedy,adjacent
corrected_reduced_board_default_goal40_r2,greedy,adjacent
corrected_reduced_board_default_goal40_r2,greedy,net
corrected_reduced_board_default_goal40_r2,greedy,adjacent
corrected_reduced_board_default_goal40_r2,greedy,adjacent
corrected_reduced_board_default_goal40_r2,greedy,adjacent
corrected_reduced_board_default_goal40_r2,greedy,net
corrected_reduced_board_default_goal40_r2,greedy,adjacent
corrected_reduced_board_default_goal40_r2,greedy,adjacent
corrected_reduced_board_default_goal40_r2,greedy,adjacent
corrected_reduced_board_default_goal40_r2,mcts,adjacent
corrected_reduced_board_default_goal40_r2,mcts,adjacent
corrected_reduced_board_default_goal40_r2,mcts,net
corrected_reduced_board_default_goal40_r2,mcts,adjacent
corrected_reduced_board_default_goal40_r2,mcts,adjacent
corrected_reduced_board_default_goal40_r2,mcts,adjacent
corrected_reduced_board_default_goal40_r2,mcts,net
corrected_reduced_board_default_goal40_r2,mcts,adjacent
corrected_reduced_board_default_goal40_r2,mcts,adjacent
corrected_reduced_board_default_goal40_r2,mcts,adjacent
corrected_reduced_board_default_goal40_r2,mcts,adjacent
corrected_reduced_board_default_goal40_r2,mcts,adjacent
corrected_reduced_board_default_goal40_r2,mcts,adjacent
corrected_reduced_board_default_goal40_r2,mcts,net
corrected_reduced_board_default_goal40_r2,mcts,adjacent
corrected_reduced_board_default_goal40_r2,mcts,adjacent
corrected_reduced_board_default_goal40_r2,random,net
corrected_reduced_board_default_goal40_r2,mcts,adjacent
corrected_reduced_board_default_goal40_r2,mcts,adjacent
corrected_reduced_board_default_goal40_r2,random,net
corrected_reduced_board_default_goal40_r2,random,adjacent
corrected_reduced_board_default_goal40_r2,mcts,adjacent
corrected_reduced_board_default_goal40_r2,mcts,adjacent
corrected_reduced_board_default_goal40_r2,mcts,adjacent
corrected_reduced_board_default_goal40_r2,mcts,adjacent
corrected_reduced_board_default_goal40_r2,mcts,adjacent
corrected_reduced_board_default_goal40_r2,rule,adjacent
corrected_reduced_board_default_goal40_r2,random,net
corrected_reduced_board_default_goal40_r2,rule,adjacent
corrected_reduced_board_default_goal40_r2,rule,adjacent
corrected_reduced_board_default_goal40_r2,rule,adjacent
corrected_reduced_board_default_goal40_r2,rule,net
corrected_reduced_board_default_goal40_r2,rule,net
corrected_reduced_board_default_goal40_r2,rule,adjacent
corrected_reduced_board_default_goal40_r2,rule,adjacent
corrected_reduced_board_default_goal40_r2,rule,adjacent
corrected_reduced_board_default_goal40_r2,rule,adjacent
corrected_reduced_board_default_goal40_r2,rule,net
corrected_reduced_board_default_goal40_r2,rule,net
corrected_reduced_board_default_goal40_r2,rule,adjacent
corrected_reduced_board_default_goal40_r2,rule,net
corrected_reduced_board_default_goal40_r2,rule,adjacent
corrected_reduced_board_default_goal40_r2,rule,adjacent
corrected_reduced_board_default_goal40_r2,random,adjacent
corrected_reduced_board_default_goal40_r2,rule,adjacent
corrected_reduced_board_default_goal40_r2,rule,adjacent
corrected_reduced_board_default_goal40_r2,rule,adjacent
corrected_reduced_board_default_goal40_r2,rule,adjacent
corrected_reduced_board_default_goal40_r2,rule,adjacent
corrected_reduced_board_default_goal40_r2,random,adjacent
corrected_reduced_board_default_goal40_r2,rule,adjacent
corrected_reduced_board_default_goal40_r2,expectimax_d2,adjacent
corrected_reduced_board_default_goal40_r2,expectimax_d2,adjacent
corrected_reduced_board_default_goal40_r2,expectimax_d2,net
corrected_reduced_board_default_goal40_r2,rule,adjacent
corrected_reduced_board_default_goal40_r2,expectimax_d2,adjacent
corrected_reduced_board_default_goal40_r2,expectimax_d2,adjacent
corrected_reduced_board_default_goal40_r2,rule,adjacent
corrected_reduced_board_default_goal40_r2,expectimax_d2,adjacent
corrected_reduced_board_default_goal40_r2,expectimax_d2,adjacent
corrected_reduced_board_default_goal40_r2,expectimax_d2,net
corrected_reduced_board_default_goal40_r2,expectimax_d2,adjacent
corrected_reduced_board_default_goal40_r2,rule,adjacent
corrected_reduced_board_default_goal40_r2,expectimax_d2,net
corrected_reduced_board_default_goal40_r2,rule,adjacent
corrected_reduced_board_default_goal40_r2,rule,adjacent
corrected_reduced_board_default_goal40_r2,expectimax_d2,adjacent
corrected_reduced_board_default_goal40_r2,expectimax_d2,adjacent
corrected_reduced_board_default_goal40_r2,rule,adjacent
corrected_reduced_board_default_goal40_r2,expectimax_d2,adjacent
corrected_reduced_board_default_goal40_r2,rule,adjacent
corrected_reduced_board_default_goal40_r2,rule,adjacent
corrected_reduced_board_default_goal40_r2,rule,adjacent
corrected_reduced_board_default_goal40_r2,expectimax_d2,adjacent
corrected_reduced_board_default_goal40_r2,rule,adjacent
corrected_reduced_board_default_goal40_r2,rule,adjacent
corrected_reduced_board_default_goal40_r2,expectimax_d2,adjacent
corrected_reduced_board_default_goal40_r2,rule,adjacent
corrected_reduced_board_default_goal40_r2,expectimax_d2,adjacent
corrected_reduced_board_default_goal40_r2,rule,adjacent
corrected_reduced_board_default_goal40_r2,rule,adjacent
corrected_reduced_board_default_goal40_r2,expectimax_d2,adjacent
corrected_reduced_board_default_goal40_r2,expectimax_d2,adjacent
corrected_reduced_board_default_goal40_r2,expectimax_d2,adjacent
corrected_reduced_board_default_goal40_r2,expectimax_d3,adjacent
corrected_reduced_board_default_goal40_r2,expectimax_d3,adjacent
corrected_reduced_board_default_goal40_r2,expectimax_d3,net
corrected_reduced_board_default_goal40_r2,rule,adjacent
corrected_reduced_board_default_goal40_r2,expectimax_d3,adjacent
corrected_reduced_board_default_goal40_r2,expectimax_d3,adjacent
corrected_reduced_board_default_goal40_r2,rule,adjacent
corrected_reduced_board_default_goal40_r2,expectimax_d3,adjacent
corrected_reduced_board_default_goal40_r2,expectimax_d3,adjacent
corrected_reduced_board_default_goal40_r2,rule,adjacent
corrected_reduced_board_default_goal40_r2,expectimax_d3,adjacent
corrected_reduced_board_default_goal40_r2,expectimax_d3,adjacent
corrected_reduced_board_default_goal40_r2,rule,adjacent
corrected_reduced_board_default_goal40_r2,rule,adjacent
corrected_reduced_board_default_goal40_r2,expectimax_d3,adjacent
corrected_reduced_board_default_goal40_r2,expectimax_d3,adjacent
corrected_reduced_board_default_goal40_r2,rule,adjacent
corrected_reduced_board_default_goal40_r2,expectimax_d3,adjacent
corrected_reduced_board_default_goal40_r2,rule,adjacent
corrected_reduced_board_default_goal40_r2,rule,adjacent
corrected_reduced_board_default_goal40_r2,rule,adjacent
corrected_reduced_board_default_goal40_r2,rule,adjacent
corrected_reduced_board_default_goal40_r2,rule,adjacent
corrected_reduced_board_default_goal40_r2,rule,adjacent
corrected_reduced_board_default_goal40_r2,expectimax_d3,adjacent
corrected_reduced_board_default_goal40_r2,rule,adjacent
corrected_reduced_board_default_goal40_r2,expectimax_d3,adjacent
corrected_reduced_board_default_goal40_r2,rule,adjacent
corrected_reduced_board_default_goal40_r2,rule,adjacent
corrected_reduced_board_default_goal40_r2,expectimax_d3,adjacent
corrected_reduced_board_default_goal40_r2,rule,adjacent
corrected_reduced_board_default_goal40_r2,expectimax_d3,adjacent
corrected_reduced_board_default_goal40_r2,greedy,adjacent
corrected_reduced_board_default_goal40_r2,greedy,adjacent
corrected_reduced_board_default_goal40_r2,greedy,net
corrected_reduced_board_default_goal40_r2,greedy,net
corrected_reduced_board_default_goal40_r2,greedy,adjacent
corrected_reduced_board_default_goal40_r2,greedy,adjacent
corrected_reduced_board_default_goal40_r2,rule,adjacent
corrected_reduced_board_default_goal40_r2,greedy,net
corrected_reduced_board_default_goal40_r2,rule,adjacent
corrected_reduced_board_default_goal40_r2,rule,adjacent
corrected_reduced_board_default_goal40_r2,greedy,adjacent
corrected_reduced_board_default_goal40_r2,rule,adjacent
corrected_reduced_board_default_goal40_r2,rule,adjacent
corrected_reduced_board_default_goal40_r2,rule,adjacent
corrected_reduced_board_default_goal40_r2,greedy,adjacent
corrected_reduced_board_default_goal40_r2,rule,adjacent
corrected_reduced_board_default_goal40_r2,rule,adjacent
corrected_reduced_board_default_goal40_r2,rule,adjacent
corrected_reduced_board_default_goal40_r2,rule,adjacent
corrected_reduced_board_default_goal40_r2,rule,adjacent
corrected_reduced_board_default_goal40_r2,rule,adjacent
corrected_reduced_board_default_goal40_r2,greedy,adjacent
corrected_reduced_board_default_goal40_r2,rule,adjacent
corrected_reduced_board_default_goal40_r2,rule,adjacent
corrected_reduced_board_default_goal40_r2,rule,adjacent
corrected_reduced_board_default_goal40_r2,greedy,adjacent
corrected_reduced_board_default_goal40_r2,rule,adjacent
corrected_reduced_board_default_goal40_r2,greedy,adjacent
corrected_reduced_board_default_goal40_r2,greedy,adjacent
corrected_reduced_board_default_goal40_r2,rule,adjacent
corrected_reduced_board_default_goal40_r2,rule,adjacent
corrected_reduced_board_default_goal40_r2,rule,adjacent
corrected_reduced_board_default_goal40_r2,rule,adjacent
corrected_reduced_board_default_goal40_r2,rule,adjacent
corrected_reduced_board_default_goal40_r2,rule,adjacent
corrected_reduced_board_default_goal40_r2,mcts,adjacent
corrected_reduced_board_default_goal40_r2,rule,adjacent
corrected_reduced_board_default_goal40_r2,rule,adjacent
corrected_reduced_board_default_goal40_r2,rule,adjacent
corrected_reduced_board_default_goal40_r2,mcts,adjacent
corrected_reduced_board_default_goal40_r2,rule,adjacent
corrected_reduced_board_default_goal40_r2,mcts,adjacent
corrected_reduced_board_default_goal40_r2,rule,adjacent
corrected_reduced_board_default_goal40_r2,rule,adjacent
corrected_reduced_board_default_goal40_r2,rule,adjacent
corrected_reduced_board_default_goal40_r2,rule,adjacent
corrected_reduced_board_default_goal40_r2,rule,adjacent
corrected_reduced_board_default_goal40_r2,mcts,adjacent
corrected_reduced_board_default_goal40_r2,mcts,adjacent
corrected_reduced_board_default_goal40_r2,rule,adjacent
corrected_reduced_board_default_goal40_r2,rule,adjacent
corrected_reduced_board_default_goal40_r2,rule,adjacent
corrected_reduced_board_default_goal40_r2,rule,adjacent
corrected_reduced_board_default_goal40_r2,mcts,net
corrected_reduced_board_default_goal40_r2,mcts,net
corrected_reduced_board_default_goal40_r2,mcts,adjacent
corrected_reduced_board_default_goal40_r2,rule,adjacent
corrected_reduced_board_default_goal40_r2,mcts,adjacent
corrected_reduced_board_default_goal40_r2,rule,adjacent
corrected_reduced_board_default_goal40_r2,rule,adjacent
corrected_reduced_board_default_goal40_r2,rule,adjacent
corrected_reduced_board_default_goal40_r2,rule,net
corrected_reduced_board_default_goal40_r2,rule,adjacent
corrected_reduced_board_default_goal40_r2,rule,net
corrected_reduced_board_default_goal40_r2,rule,adjacent
corrected_reduced_board_default_goal40_r2,random,adjacent
corrected_reduced_board_default_goal40_r2,rule,adjacent
corrected_reduced_board_default_goal40_r2,rule,adjacent
corrected_reduced_board_default_goal40_r2,rule,adjacent
corrected_reduced_board_default_goal40_r2,rule,adjacent
corrected_reduced_board_default_goal40_r2,rule,adjacent
corrected_reduced_board_default_goal40_r2,rule,adjacent
corrected_reduced_board_default_goal40_r2,rule,adjacent
corrected_reduced_board_default_goal40_r2,rule,adjacent
corrected_reduced_board_default_goal40_r2,random,adjacent
corrected_reduced_board_default_goal40_r2,rule,adjacent
corrected_reduced_board_default_goal40_r2,rule,adjacent
corrected_reduced_board_default_goal40_r2,rule,adjacent
corrected_reduced_board_default_goal40_r2,random,adjacent
corrected_reduced_board_default_goal40_r2,rule,adjacent
corrected_reduced_board_default_goal40_r2,rule,adjacent
corrected_reduced_board_default_goal40_r2,rule,adjacent
corrected_reduced_board_default_goal40_r2,rule,adjacent
corrected_reduced_board_bottleneck_7x7_fixed_r2,expectimax_d2,net
corrected_reduced_board_bottleneck_7x7_fixed_r2,expectimax_d3,net
corrected_reduced_board_bottleneck_7x7_fixed_r2,expectimax_d3,net
corrected_reduced_board_bottleneck_7x7_fixed_r2,expectimax_d2,adjacent
corrected_reduced_board_bottleneck_7x7_fixed_r2,expectimax_d3,net
corrected_reduced_board_bottleneck_7x7_fixed_r2,expectimax_d3,net
corrected_reduced_board_bottleneck_7x7_fixed_r2,expectimax_d3,adjacent
corrected_reduced_board_bottleneck_7x7_fixed_r2,expectimax_d3,net
corrected_reduced_board_bottleneck_7x7_fixed_r2,expectimax_d2,adjacent
corrected_reduced_board_bottleneck_7x7_fixed_r2,expectimax_d3,net
corrected_reduced_board_bottleneck_7x7_fixed_r2,expectimax_d3,adjacent
corrected_reduced_board_bottleneck_7x7_fixed_r2,expectimax_d3,adjacent
corrected_reduced_board_bottleneck_7x7_fixed_r2,expectimax_d2,adjacent
corrected_reduced_board_bottleneck_7x7_fixed_r2,expectimax_d2,net
corrected_reduced_board_bottleneck_7x7_fixed_r2,expectimax_d2,adjacent
corrected_reduced_board_bottleneck_7x7_fixed_r2,expectimax_d2,adjacent
corrected_reduced_board_bottleneck_7x7_fixed_r2,expectimax_d3,adjacent
corrected_reduced_board_bottleneck_7x7_fixed_r2,expectimax_d2,adjacent
corrected_reduced_board_bottleneck_7x7_fixed_r2,expectimax_d2,adjacent
corrected_reduced_board_bottleneck_7x7_fixed_r2,expectimax_d3,adjacent
corrected_reduced_board_bottleneck_7x7_fixed_r2,expectimax_d2,adjacent
corrected_reduced_board_bottleneck_7x7_fixed_r2,expectimax_d3,adjacent
corrected_reduced_board_bottleneck_7x7_fixed_r2,expectimax_d3,adjacent
corrected_reduced_board_bottleneck_7x7_fixed_r2,expectimax_d2,adjacent
corrected_reduced_board_bottleneck_7x7_fixed_r2,expectimax_d2,net
corrected_reduced_board_bottleneck_7x7_fixed_r2,expectimax_d2,adjacent
corrected_reduced_board_bottleneck_7x7_fixed_r2,expectimax_d2,adjacent
corrected_reduced_board_bottleneck_7x7_fixed_r2,expectimax_d2,adjacent
corrected_reduced_board_bottleneck_7x7_fixed_r2,greedy,net
corrected_reduced_board_bottleneck_7x7_fixed_r2,greedy,net
corrected_reduced_board_bottleneck_7x7_fixed_r2,expectimax_d2,adjacent
corrected_reduced_board_bottleneck_7x7_fixed_r2,greedy,net
corrected_reduced_board_bottleneck_7x7_fixed_r2,greedy,adjacent
corrected_reduced_board_bottleneck_7x7_fixed_r2,greedy,adjacent
corrected_reduced_board_bottleneck_7x7_fixed_r2,expectimax_d2,adjacent
corrected_reduced_board_bottleneck_7x7_fixed_r2,greedy,adjacent
corrected_reduced_board_bottleneck_7x7_fixed_r2,greedy,adjacent
corrected_reduced_board_bottleneck_7x7_fixed_r2,expectimax_d2,adjacent
corrected_reduced_board_bottleneck_7x7_fixed_r2,expectimax_d2,adjacent
corrected_reduced_board_bottleneck_7x7_fixed_r2,greedy,adjacent
corrected_reduced_board_bottleneck_7x7_fixed_r2,expectimax_d2,adjacent
corrected_reduced_board_bottleneck_7x7_fixed_r2,greedy,adjacent
corrected_reduced_board_bottleneck_7x7_fixed_r2,expectimax_d2,adjacent
corrected_reduced_board_bottleneck_7x7_fixed_r2,greedy,adjacent
corrected_reduced_board_bottleneck_7x7_fixed_r2,expectimax_d2,adjacent
corrected_reduced_board_bottleneck_7x7_fixed_r2,greedy,adjacent
corrected_reduced_board_bottleneck_7x7_fixed_r2,greedy,adjacent
corrected_reduced_board_bottleneck_7x7_fixed_r2,mcts,adjacent
corrected_reduced_board_bottleneck_7x7_fixed_r2,expectimax_d2,adjacent
corrected_reduced_board_bottleneck_7x7_fixed_r2,expectimax_d2,adjacent
corrected_reduced_board_bottleneck_7x7_fixed_r2,expectimax_d2,net
corrected_reduced_board_bottleneck_7x7_fixed_r2,expectimax_d2,net
corrected_reduced_board_bottleneck_7x7_fixed_r2,mcts,adjacent
corrected_reduced_board_bottleneck_7x7_fixed_r2,mcts,adjacent
corrected_reduced_board_bottleneck_7x7_fixed_r2,expectimax_d2,adjacent
corrected_reduced_board_bottleneck_7x7_fixed_r2,mcts,adjacent
corrected_reduced_board_bottleneck_7x7_fixed_r2,expectimax_d2,adjacent
corrected_reduced_board_bottleneck_7x7_fixed_r2,expectimax_d2,adjacent
corrected_reduced_board_bottleneck_7x7_fixed_r2,expectimax_d2,net
corrected_reduced_board_bottleneck_7x7_fixed_r2,expectimax_d2,net
corrected_reduced_board_bottleneck_7x7_fixed_r2,mcts,adjacent
corrected_reduced_board_bottleneck_7x7_fixed_r2,expectimax_d2,adjacent
corrected_reduced_board_bottleneck_7x7_fixed_r2,expectimax_d2,net
corrected_reduced_board_bottleneck_7x7_fixed_r2,expectimax_d2,net
corrected_reduced_board_bottleneck_7x7_fixed_r2,expectimax_d2,net
corrected_reduced_board_bottleneck_7x7_fixed_r2,expectimax_d2,net
corrected_reduced_board_bottleneck_7x7_fixed_r2,expectimax_d2,net
corrected_reduced_board_bottleneck_7x7_fixed_r2,expectimax_d2,net
corrected_reduced_board_bottleneck_7x7_fixed_r2,expectimax_d2,adjacent
corrected_reduced_board_bottleneck_7x7_fixed_r2,expectimax_d2,adjacent
corrected_reduced_board_bottleneck_7x7_fixed_r2,expectimax_d2,adjacent
corrected_reduced_board_bottleneck_7x7_fixed_r2,random,adjacent
corrected_reduced_board_bottleneck_7x7_fixed_r2,expectimax_d2,adjacent
corrected_reduced_board_bottleneck_7x7_fixed_r2,expectimax_d2,adjacent
corrected_reduced_board_bottleneck_7x7_fixed_r2,rule,adjacent
corrected_reduced_board_bottleneck_7x7_fixed_r2,expectimax_d2,net
corrected_reduced_board_bottleneck_7x7_fixed_r2,expectimax_d2,adjacent
corrected_reduced_board_bottleneck_7x7_fixed_r2,expectimax_d2,adjacent
corrected_reduced_board_bottleneck_7x7_fixed_r2,expectimax_d2,adjacent
corrected_reduced_board_bottleneck_7x7_fixed_r2,expectimax_d2,adjacent
corrected_reduced_board_bottleneck_7x7_fixed_r2,rule,adjacent
corrected_reduced_board_bottleneck_7x7_fixed_r2,expectimax_d2,net
corrected_reduced_board_bottleneck_7x7_fixed_r2,expectimax_d2,net
corrected_reduced_board_bottleneck_7x7_fixed_r2,expectimax_d2,adjacent
corrected_reduced_board_bottleneck_7x7_fixed_r2,expectimax_d2,adjacent
corrected_reduced_board_bottleneck_7x7_fixed_r2,expectimax_d2,adjacent
corrected_reduced_board_bottleneck_7x7_fixed_r2,rule,adjacent
corrected_reduced_board_bottleneck_7x7_fixed_r2,rule,adjacent
corrected_reduced_board_bottleneck_7x7_fixed_r2,expectimax_d2,adjacent
corrected_reduced_board_bottleneck_7x7_fixed_r2,expectimax_d2,adjacent
corrected_reduced_board_bottleneck_7x7_fixed_r2,rule,adjacent
corrected_reduced_board_bottleneck_7x7_fixed_r2,rule,adjacent
corrected_reduced_board_bottleneck_7x7_fixed_r2,rule,adjacent
corrected_reduced_board_bottleneck_7x7_fixed_r2,expectimax_d2,adjacent
corrected_reduced_board_bottleneck_7x7_fixed_r2,rule,adjacent
corrected_reduced_board_bottleneck_7x7_fixed_r2,expectimax_d2,adjacent
corrected_reduced_board_bottleneck_7x7_fixed_r2,rule,adjacent
corrected_reduced_board_bottleneck_7x7_fixed_r2,expectimax_d2,net
corrected_reduced_board_bottleneck_7x7_fixed_r2,rule,adjacent
corrected_reduced_board_bottleneck_7x7_fixed_r2,expectimax_d2,net
corrected_reduced_board_bottleneck_7x7_fixed_r2,expectimax_d3,net
corrected_reduced_board_bottleneck_7x7_fixed_r2,expectimax_d3,net
corrected_reduced_board_bottleneck_7x7_fixed_r2,expectimax_d2,adjacent
corrected_reduced_board_bottleneck_7x7_fixed_r2,expectimax_d3,adjacent
corrected_reduced_board_bottleneck_7x7_fixed_r2,expectimax_d3,adjacent
corrected_reduced_board_bottleneck_7x7_fixed_r2,expectimax_d2,adjacent
corrected_reduced_board_bottleneck_7x7_fixed_r2,expectimax_d2,net
corrected_reduced_board_bottleneck_7x7_fixed_r2,expectimax_d3,adjacent
corrected_reduced_board_bottleneck_7x7_fixed_r2,expectimax_d2,net
corrected_reduced_board_bottleneck_7x7_fixed_r2,expectimax_d2,adjacent
corrected_reduced_board_bottleneck_7x7_fixed_r2,expectimax_d2,adjacent
corrected_reduced_board_bottleneck_7x7_fixed_r2,expectimax_d3,adjacent
corrected_reduced_board_bottleneck_7x7_fixed_r2,expectimax_d2,adjacent
corrected_reduced_board_bottleneck_7x7_fixed_r2,expectimax_d2,adjacent
corrected_reduced_board_bottleneck_7x7_fixed_r2,expectimax_d2,adjacent
corrected_reduced_board_bottleneck_7x7_fixed_r2,expectimax_d3,adjacent
corrected_reduced_board_bottleneck_7x7_fixed_r2,expectimax_d2,net
corrected_reduced_board_bottleneck_7x7_fixed_r2,expectimax_d3,net
corrected_reduced_board_bottleneck_7x7_fixed_r2,expectimax_d2,net
corrected_reduced_board_bottleneck_7x7_fixed_r2,expectimax_d3,adjacent
corrected_reduced_board_bottleneck_7x7_fixed_r2,expectimax_d2,adjacent
corrected_reduced_board_bottleneck_7x7_fixed_r2,expectimax_d3,adjacent
corrected_reduced_board_bottleneck_7x7_fixed_r2,greedy,net
corrected_reduced_board_bottleneck_7x7_fixed_r2,expectimax_d3,adjacent
corrected_reduced_board_bottleneck_7x7_fixed_r2,greedy,adjacent
corrected_reduced_board_bottleneck_7x7_fixed_r2,greedy,adjacent
corrected_reduced_board_bottleneck_7x7_fixed_r2,greedy,adjacent
corrected_reduced_board_bottleneck_7x7_fixed_r2,greedy,adjacent
corrected_reduced_board_bottleneck_7x7_fixed_r2,expectimax_d3,adjacent
corrected_reduced_board_bottleneck_7x7_fixed_r2,greedy,adjacent
corrected_reduced_board_bottleneck_7x7_fixed_r2,greedy,net
corrected_reduced_board_bottleneck_7x7_fixed_r2,expectimax_d3,adjacent
corrected_reduced_board_bottleneck_7x7_fixed_r2,greedy,net
corrected_reduced_board_bottleneck_7x7_fixed_r2,greedy,adjacent
corrected_reduced_board_bottleneck_7x7_fixed_r2,greedy,adjacent
corrected_reduced_board_bottleneck_7x7_fixed_r2,expectimax_d3,adjacent
corrected_reduced_board_bottleneck_7x7_fixed_r2,greedy,adjacent
corrected_reduced_board_bottleneck_7x7_fixed_r2,greedy,adjacent
corrected_reduced_board_bottleneck_7x7_fixed_r2,greedy,net
corrected_reduced_board_bottleneck_7x7_fixed_r2,greedy,net
corrected_reduced_board_bottleneck_7x7_fixed_r2,expectimax_d3,adjacent
corrected_reduced_board_bottleneck_7x7_fixed_r2,greedy,adjacent
corrected_reduced_board_bottleneck_7x7_fixed_r2,expectimax_d3,adjacent
corrected_reduced_board_bottleneck_7x7_fixed_r2,greedy,adjacent
corrected_reduced_board_bottleneck_7x7_fixed_r2,greedy,adjacent
corrected_reduced_board_bottleneck_7x7_fixed_r2,greedy,adjacent
corrected_reduced_board_bottleneck_7x7_fixed_r2,expectimax_d3,adjacent
corrected_reduced_board_bottleneck_7x7_fixed_r2,mcts,adjacent
corrected_reduced_board_bottleneck_7x7_fixed_r2,expectimax_d3,adjacent
corrected_reduced_board_bottleneck_7x7_fixed_r2,mcts,adjacent
corrected_reduced_board_bottleneck_7x7_fixed_r2,expectimax_d3,adjacent
corrected_reduced_board_bottleneck_7x7_fixed_r2,expectimax_d3,net
corrected_reduced_board_bottleneck_7x7_fixed_r2,expectimax_d3,net
corrected_reduced_board_bottleneck_7x7_fixed_r2,expectimax_d3,net
corrected_reduced_board_bottleneck_7x7_fixed_r2,mcts,adjacent
corrected_reduced_board_bottleneck_7x7_fixed_r2,expectimax_d3,adjacent
corrected_reduced_board_bottleneck_7x7_fixed_r2,mcts,adjacent
corrected_reduced_board_bottleneck_7x7_fixed_r2,mcts,adjacent
corrected_reduced_board_bottleneck_7x7_fixed_r2,mcts,adjacent
corrected_reduced_board_bottleneck_7x7_fixed_r2,expectimax_d3,adjacent
corrected_reduced_board_bottleneck_7x7_fixed_r2,expectimax_d3,net
corrected_reduced_board_bottleneck_7x7_fixed_r2,expectimax_d3,adjacent
corrected_reduced_board_bottleneck_7x7_fixed_r2,expectimax_d3,adjacent
corrected_reduced_board_bottleneck_7x7_fixed_r2,expectimax_d3,adjacent
corrected_reduced_board_bottleneck_7x7_fixed_r2,expectimax_d3,adjacent
corrected_reduced_board_bottleneck_7x7_fixed_r2,expectimax_d3,adjacent
corrected_reduced_board_bottleneck_7x7_fixed_r2,expectimax_d3,adjacent
corrected_reduced_board_bottleneck_7x7_fixed_r2,expectimax_d3,net
corrected_reduced_board_bottleneck_7x7_fixed_r2,expectimax_d3,net
corrected_reduced_board_bottleneck_7x7_fixed_r2,expectimax_d3,net
corrected_reduced_board_bottleneck_7x7_fixed_r2,expectimax_d3,net
corrected_reduced_board_bottleneck_7x7_fixed_r2,expectimax_d3,net
corrected_reduced_board_bottleneck_7x7_fixed_r2,expectimax_d3,net
corrected_reduced_board_bottleneck_7x7_fixed_r2,expectimax_d3,net
corrected_reduced_board_bottleneck_7x7_fixed_r2,expectimax_d3,net
corrected_reduced_board_bottleneck_7x7_fixed_r2,expectimax_d3,adjacent
corrected_reduced_board_bottleneck_7x7_fixed_r2,expectimax_d3,net
corrected_reduced_board_bottleneck_7x7_fixed_r2,expectimax_d3,adjacent
corrected_reduced_board_bottleneck_7x7_fixed_r2,rule,adjacent
corrected_reduced_board_bottleneck_7x7_fixed_r2,expectimax_d3,net
corrected_reduced_board_bottleneck_7x7_fixed_r2,expectimax_d3,net
corrected_reduced_board_bottleneck_7x7_fixed_r2,expectimax_d3,net
corrected_reduced_board_bottleneck_7x7_fixed_r2,rule,adjacent
corrected_reduced_board_bottleneck_7x7_fixed_r2,rule,adjacent
corrected_reduced_board_bottleneck_7x7_fixed_r2,expectimax_d3,adjacent
corrected_reduced_board_bottleneck_7x7_fixed_r2,expectimax_d3,adjacent
corrected_reduced_board_bottleneck_7x7_fixed_r2,rule,adjacent
corrected_reduced_board_bottleneck_7x7_fixed_r2,expectimax_d3,adjacent
corrected_reduced_board_bottleneck_7x7_fixed_r2,expectimax_d3,net
corrected_reduced_board_bottleneck_7x7_fixed_r2,expectimax_d3,net
corrected_reduced_board_bottleneck_7x7_fixed_r2,expectimax_d3,adjacent
corrected_reduced_board_bottleneck_7x7_fixed_r2,expectimax_d3,adjacent
corrected_reduced_board_bottleneck_7x7_fixed_r2,expectimax_d3,adjacent
corrected_reduced_board_bottleneck_7x7_fixed_r2,rule,adjacent
corrected_reduced_board_bottleneck_7x7_fixed_r2,expectimax_d3,adjacent
corrected_reduced_board_bottleneck_7x7_fixed_r2,rule,adjacent
corrected_reduced_board_bottleneck_7x7_fixed_r2,rule,adjacent
corrected_reduced_board_bottleneck_7x7_fixed_r2,expectimax_d3,net
corrected_reduced_board_bottleneck_7x7_fixed_r2,expectimax_d3,adjacent
corrected_reduced_board_bottleneck_7x7_fixed_r2,expectimax_d3,adjacent
corrected_reduced_board_bottleneck_7x7_fixed_r2,expectimax_d3,adjacent
corrected_reduced_board_bottleneck_7x7_fixed_r2,rule,adjacent
corrected_reduced_board_bottleneck_7x7_fixed_r2,expectimax_d3,adjacent
corrected_reduced_board_bottleneck_7x7_fixed_r2,rule,adjacent
corrected_reduced_board_bottleneck_7x7_fixed_r2,greedy,net
corrected_reduced_board_bottleneck_7x7_fixed_r2,expectimax_d2,net
corrected_reduced_board_bottleneck_7x7_fixed_r2,expectimax_d2,net
corrected_reduced_board_bottleneck_7x7_fixed_r2,greedy,adjacent
corrected_reduced_board_bottleneck_7x7_fixed_r2,expectimax_d2,net
corrected_reduced_board_bottleneck_7x7_fixed_r2,expectimax_d2,net
corrected_reduced_board_bottleneck_7x7_fixed_r2,expectimax_d2,net
corrected_reduced_board_bottleneck_7x7_fixed_r2,expectimax_d2,adjacent
corrected_reduced_board_bottleneck_7x7_fixed_r2,greedy,adjacent
corrected_reduced_board_bottleneck_7x7_fixed_r2,expectimax_d2,adjacent
corrected_reduced_board_bottleneck_7x7_fixed_r2,expectimax_d2,adjacent
corrected_reduced_board_bottleneck_7x7_fixed_r2,expectimax_d2,adjacent
corrected_reduced_board_bottleneck_7x7_fixed_r2,expectimax_d2,net
corrected_reduced_board_bottleneck_7x7_fixed_r2,expectimax_d2,net
corrected_reduced_board_bottleneck_7x7_fixed_r2,expectimax_d2,net
corrected_reduced_board_bottleneck_7x7_fixed_r2,greedy,net
corrected_reduced_board_bottleneck_7x7_fixed_r2,expectimax_d2,net
corrected_reduced_board_bottleneck_7x7_fixed_r2,greedy,adjacent
corrected_reduced_board_bottleneck_7x7_fixed_r2,expectimax_d2,net
corrected_reduced_board_bottleneck_7x7_fixed_r2,greedy,net
corrected_reduced_board_bottleneck_7x7_fixed_r2,expectimax_d2,adjacent
corrected_reduced_board_bottleneck_7x7_fixed_r2,greedy,adjacent
corrected_reduced_board_bottleneck_7x7_fixed_r2,greedy,net
corrected_reduced_board_bottleneck_7x7_fixed_r2,expectimax_d3,net
corrected_reduced_board_bottleneck_7x7_fixed_r2,expectimax_d3,net
corrected_reduced_board_bottleneck_7x7_fixed_r2,greedy,adjacent
corrected_reduced_board_bottleneck_7x7_fixed_r2,greedy,net
corrected_reduced_board_bottleneck_7x7_fixed_r2,greedy,net
corrected_reduced_board_bottleneck_7x7_fixed_r2,expectimax_d3,adjacent
corrected_reduced_board_bottleneck_7x7_fixed_r2,expectimax_d3,net
corrected_reduced_board_bottleneck_7x7_fixed_r2,expectimax_d3,net
corrected_reduced_board_bottleneck_7x7_fixed_r2,expectimax_d3,net
corrected_reduced_board_bottleneck_7x7_fixed_r2,expectimax_d3,adjacent
corrected_reduced_board_bottleneck_7x7_fixed_r2,expectimax_d3,adjacent
corrected_reduced_board_bottleneck_7x7_fixed_r2,greedy,adjacent
corrected_reduced_board_bottleneck_7x7_fixed_r2,greedy,adjacent
corrected_reduced_board_bottleneck_7x7_fixed_r2,expectimax_d3,adjacent
corrected_reduced_board_bottleneck_7x7_fixed_r2,expectimax_d3,net
corrected_reduced_board_bottleneck_7x7_fixed_r2,expectimax_d3,net
corrected_reduced_board_bottleneck_7x7_fixed_r2,expectimax_d3,net
corrected_reduced_board_bottleneck_7x7_fixed_r2,greedy,net
corrected_reduced_board_bottleneck_7x7_fixed_r2,greedy,adjacent
corrected_reduced_board_bottleneck_7x7_fixed_r2,expectimax_d3,adjacent
corrected_reduced_board_bottleneck_7x7_fixed_r2,greedy,adjacent
corrected_reduced_board_bottleneck_7x7_fixed_r2,expectimax_d3,adjacent
corrected_reduced_board_bottleneck_7x7_fixed_r2,greedy,adjacent
corrected_reduced_board_bottleneck_7x7_fixed_r2,greedy,adjacent
corrected_reduced_board_bottleneck_7x7_fixed_r2,mcts,adjacent
corrected_reduced_board_bottleneck_7x7_fixed_r2,mcts,adjacent
corrected_reduced_board_bottleneck_7x7_fixed_r2,greedy,adjacent
corrected_reduced_board_bottleneck_7x7_fixed_r2,greedy,adjacent
corrected_reduced_board_bottleneck_7x7_fixed_r2,mcts,adjacent
corrected_reduced_board_bottleneck_7x7_fixed_r2,greedy,adjacent
corrected_reduced_board_bottleneck_7x7_fixed_r2,greedy,adjacent
corrected_reduced_board_bottleneck_7x7_fixed_r2,greedy,adjacent
corrected_reduced_board_bottleneck_7x7_fixed_r2,mcts,adjacent
corrected_reduced_board_bottleneck_7x7_fixed_r2,mcts,adjacent
corrected_reduced_board_bottleneck_7x7_fixed_r2,greedy,adjacent
corrected_reduced_board_bottleneck_7x7_fixed_r2,greedy,net
corrected_reduced_board_bottleneck_7x7_fixed_r2,greedy,net
corrected_reduced_board_bottleneck_7x7_fixed_r2,mcts,net
corrected_reduced_board_bottleneck_7x7_fixed_r2,mcts,net
corrected_reduced_board_bottleneck_7x7_fixed_r2,mcts,net
corrected_reduced_board_bottleneck_7x7_fixed_r2,greedy,net
corrected_reduced_board_bottleneck_7x7_fixed_r2,greedy,adjacent
corrected_reduced_board_bottleneck_7x7_fixed_r2,mcts,net
corrected_reduced_board_bottleneck_7x7_fixed_r2,greedy,adjacent
corrected_reduced_board_bottleneck_7x7_fixed_r2,greedy,adjacent
corrected_reduced_board_bottleneck_7x7_fixed_r2,greedy,adjacent
corrected_reduced_board_bottleneck_7x7_fixed_r2,greedy,adjacent
corrected_reduced_board_bottleneck_7x7_fixed_r2,random,adjacent
corrected_reduced_board_bottleneck_7x7_fixed_r2,greedy,net
corrected_reduced_board_bottleneck_7x7_fixed_r2,greedy,net
corrected_reduced_board_bottleneck_7x7_fixed_r2,random,adjacent
corrected_reduced_board_bottleneck_7x7_fixed_r2,greedy,net
corrected_reduced_board_bottleneck_7x7_fixed_r2,greedy,net
corrected_reduced_board_bottleneck_7x7_fixed_r2,greedy,net
corrected_reduced_board_bottleneck_7x7_fixed_r2,greedy,net
corrected_reduced_board_bottleneck_7x7_fixed_r2,greedy,adjacent
corrected_reduced_board_bottleneck_7x7_fixed_r2,random,adjacent
corrected_reduced_board_bottleneck_7x7_fixed_r2,greedy,net
corrected_reduced_board_bottleneck_7x7_fixed_r2,greedy,adjacent
corrected_reduced_board_bottleneck_7x7_fixed_r2,greedy,adjacent
corrected_reduced_board_bottleneck_7x7_fixed_r2,greedy,adjacent
corrected_reduced_board_bottleneck_7x7_fixed_r2,greedy,adjacent
corrected_reduced_board_bottleneck_7x7_fixed_r2,greedy,net
corrected_reduced_board_bottleneck_7x7_fixed_r2,greedy,adjacent
corrected_reduced_board_bottleneck_7x7_fixed_r2,greedy,adjacent
corrected_reduced_board_bottleneck_7x7_fixed_r2,greedy,adjacent
corrected_reduced_board_bottleneck_7x7_fixed_r2,greedy,net
corrected_reduced_board_bottleneck_7x7_fixed_r2,greedy,adjacent
corrected_reduced_board_bottleneck_7x7_fixed_r2,greedy,adjacent
corrected_reduced_board_bottleneck_7x7_fixed_r2,rule,adjacent
corrected_reduced_board_bottleneck_7x7_fixed_r2,greedy,adjacent
corrected_reduced_board_bottleneck_7x7_fixed_r2,greedy,net
corrected_reduced_board_bottleneck_7x7_fixed_r2,greedy,net
corrected_reduced_board_bottleneck_7x7_fixed_r2,greedy,adjacent
corrected_reduced_board_bottleneck_7x7_fixed_r2,greedy,adjacent
corrected_reduced_board_bottleneck_7x7_fixed_r2,greedy,adjacent
corrected_reduced_board_bottleneck_7x7_fixed_r2,greedy,adjacent
corrected_reduced_board_bottleneck_7x7_fixed_r2,rule,adjacent
corrected_reduced_board_bottleneck_7x7_fixed_r2,rule,adjacent
corrected_reduced_board_bottleneck_7x7_fixed_r2,rule,adjacent
corrected_reduced_board_bottleneck_7x7_fixed_r2,greedy,adjacent
corrected_reduced_board_bottleneck_7x7_fixed_r2,greedy,adjacent
corrected_reduced_board_bottleneck_7x7_fixed_r2,rule,adjacent
corrected_reduced_board_bottleneck_7x7_fixed_r2,rule,adjacent
corrected_reduced_board_bottleneck_7x7_fixed_r2,greedy,adjacent
corrected_reduced_board_bottleneck_7x7_fixed_r2,rule,adjacent
corrected_reduced_board_bottleneck_7x7_fixed_r2,rule,adjacent
corrected_reduced_board_bottleneck_7x7_fixed_r2,rule,adjacent
corrected_reduced_board_bottleneck_7x7_fixed_r2,expectimax_d2,net
corrected_reduced_board_bottleneck_7x7_fixed_r2,mcts,net
corrected_reduced_board_bottleneck_7x7_fixed_r2,expectimax_d2,adjacent
corrected_reduced_board_bottleneck_7x7_fixed_r2,mcts,adjacent
corrected_reduced_board_bottleneck_7x7_fixed_r2,expectimax_d2,adjacent
corrected_reduced_board_bottleneck_7x7_fixed_r2,mcts,adjacent
corrected_reduced_board_bottleneck_7x7_fixed_r2,expectimax_d2,net
corrected_reduced_board_bottleneck_7x7_fixed_r2,expectimax_d2,net
corrected_reduced_board_bottleneck_7x7_fixed_r2,expectimax_d2,net
corrected_reduced_board_bottleneck_7x7_fixed_r2,mcts,adjacent
corrected_reduced_board_bottleneck_7x7_fixed_r2,expectimax_d2,adjacent
corrected_reduced_board_bottleneck_7x7_fixed_r2,mcts,adjacent
corrected_reduced_board_bottleneck_7x7_fixed_r2,expectimax_d2,adjacent
corrected_reduced_board_bottleneck_7x7_fixed_r2,expectimax_d2,net
corrected_reduced_board_bottleneck_7x7_fixed_r2,mcts,adjacent
corrected_reduced_board_bottleneck_7x7_fixed_r2,mcts,net
corrected_reduced_board_bottleneck_7x7_fixed_r2,mcts,net
corrected_reduced_board_bottleneck_7x7_fixed_r2,mcts,adjacent
corrected_reduced_board_bottleneck_7x7_fixed_r2,expectimax_d2,net
corrected_reduced_board_bottleneck_7x7_fixed_r2,expectimax_d3,net
corrected_reduced_board_bottleneck_7x7_fixed_r2,mcts,net
corrected_reduced_board_bottleneck_7x7_fixed_r2,expectimax_d3,adjacent
corrected_reduced_board_bottleneck_7x7_fixed_r2,mcts,adjacent
corrected_reduced_board_bottleneck_7x7_fixed_r2,expectimax_d3,adjacent
corrected_reduced_board_bottleneck_7x7_fixed_r2,mcts,adjacent
corrected_reduced_board_bottleneck_7x7_fixed_r2,mcts,adjacent
corrected_reduced_board_bottleneck_7x7_fixed_r2,expectimax_d3,net
corrected_reduced_board_bottleneck_7x7_fixed_r2,expectimax_d3,net
corrected_reduced_board_bottleneck_7x7_fixed_r2,expectimax_d3,adjacent
corrected_reduced_board_bottleneck_7x7_fixed_r2,expectimax_d3,adjacent
corrected_reduced_board_bottleneck_7x7_fixed_r2,mcts,adjacent
corrected_reduced_board_bottleneck_7x7_fixed_r2,expectimax_d3,adjacent
corrected_reduced_board_bottleneck_7x7_fixed_r2,expectimax_d3,net
corrected_reduced_board_bottleneck_7x7_fixed_r2,mcts,net
corrected_reduced_board_bottleneck_7x7_fixed_r2,expectimax_d3,adjacent
corrected_reduced_board_bottleneck_7x7_fixed_r2,expectimax_d3,adjacent
corrected_reduced_board_bottleneck_7x7_fixed_r2,expectimax_d3,adjacent
corrected_reduced_board_bottleneck_7x7_fixed_r2,expectimax_d3,adjacent
corrected_reduced_board_bottleneck_7x7_fixed_r2,mcts,adjacent
corrected_reduced_board_bottleneck_7x7_fixed_r2,expectimax_d3,adjacent
corrected_reduced_board_bottleneck_7x7_fixed_r2,expectimax_d3,adjacent
corrected_reduced_board_bottleneck_7x7_fixed_r2,mcts,adjacent
corrected_reduced_board_bottleneck_7x7_fixed_r2,expectimax_d3,adjacent
corrected_reduced_board_bottleneck_7x7_fixed_r2,greedy,net
corrected_reduced_board_bottleneck_7x7_fixed_r2,mcts,adjacent
corrected_reduced_board_bottleneck_7x7_fixed_r2,mcts,adjacent
corrected_reduced_board_bottleneck_7x7_fixed_r2,greedy,adjacent
corrected_reduced_board_bottleneck_7x7_fixed_r2,mcts,adjacent
corrected_reduced_board_bottleneck_7x7_fixed_r2,greedy,net
corrected_reduced_board_bottleneck_7x7_fixed_r2,greedy,net
corrected_reduced_board_bottleneck_7x7_fixed_r2,greedy,adjacent
corrected_reduced_board_bottleneck_7x7_fixed_r2,greedy,adjacent
corrected_reduced_board_bottleneck_7x7_fixed_r2,greedy,adjacent
corrected_reduced_board_bottleneck_7x7_fixed_r2,mcts,adjacent
corrected_reduced_board_bottleneck_7x7_fixed_r2,greedy,adjacent
corrected_reduced_board_bottleneck_7x7_fixed_r2,greedy,adjacent
corrected_reduced_board_bottleneck_7x7_fixed_r2,greedy,adjacent
corrected_reduced_board_bottleneck_7x7_fixed_r2,mcts,net
corrected_reduced_board_bottleneck_7x7_fixed_r2,greedy,adjacent
corrected_reduced_board_bottleneck_7x7_fixed_r2,greedy,adjacent
corrected_reduced_board_bottleneck_7x7_fixed_r2,greedy,adjacent
corrected_reduced_board_bottleneck_7x7_fixed_r2,mcts,adjacent
corrected_reduced_board_bottleneck_7x7_fixed_r2,mcts,adjacent
corrected_reduced_board_bottleneck_7x7_fixed_r2,mcts,adjacent
corrected_reduced_board_bottleneck_7x7_fixed_r2,random,adjacent
corrected_reduced_board_bottleneck_7x7_fixed_r2,mcts,net
corrected_reduced_board_bottleneck_7x7_fixed_r2,mcts,net
corrected_reduced_board_bottleneck_7x7_fixed_r2,random,adjacent
corrected_reduced_board_bottleneck_7x7_fixed_r2,mcts,adjacent
corrected_reduced_board_bottleneck_7x7_fixed_r2,mcts,adjacent
corrected_reduced_board_bottleneck_7x7_fixed_r2,random,adjacent
corrected_reduced_board_bottleneck_7x7_fixed_r2,random,adjacent
corrected_reduced_board_bottleneck_7x7_fixed_r2,mcts,adjacent
corrected_reduced_board_bottleneck_7x7_fixed_r2,mcts,adjacent
corrected_reduced_board_bottleneck_7x7_fixed_r2,mcts,adjacent
corrected_reduced_board_bottleneck_7x7_fixed_r2,random,adjacent
corrected_reduced_board_bottleneck_7x7_fixed_r2,rule,adjacent
corrected_reduced_board_bottleneck_7x7_fixed_r2,mcts,adjacent
corrected_reduced_board_bottleneck_7x7_fixed_r2,mcts,adjacent
corrected_reduced_board_bottleneck_7x7_fixed_r2,mcts,adjacent
corrected_reduced_board_bottleneck_7x7_fixed_r2,rule,adjacent
corrected_reduced_board_bottleneck_7x7_fixed_r2,rule,adjacent
corrected_reduced_board_bottleneck_7x7_fixed_r2,mcts,adjacent
corrected_reduced_board_bottleneck_7x7_fixed_r2,rule,adjacent
corrected_reduced_board_bottleneck_7x7_fixed_r2,mcts,adjacent
corrected_reduced_board_bottleneck_7x7_fixed_r2,rule,adjacent
corrected_reduced_board_bottleneck_7x7_fixed_r2,rule,adjacent
corrected_reduced_board_bottleneck_7x7_fixed_r2,mcts,adjacent
corrected_reduced_board_bottleneck_7x7_fixed_r2,mcts,adjacent
corrected_reduced_board_bottleneck_7x7_fixed_r2,rule,adjacent
corrected_reduced_board_bottleneck_7x7_fixed_r2,rule,adjacent
corrected_reduced_board_bottleneck_7x7_fixed_r2,mcts,adjacent
corrected_reduced_board_bottleneck_7x7_fixed_r2,mcts,adjacent
corrected_reduced_board_bottleneck_7x7_fixed_r2,rule,net
corrected_reduced_board_bottleneck_7x7_fixed_r2,mcts,net
corrected_reduced_board_bottleneck_7x7_fixed_r2,mcts,adjacent
corrected_reduced_board_bottleneck_7x7_fixed_r2,mcts,adjacent
corrected_reduced_board_bottleneck_7x7_fixed_r2,rule,adjacent
corrected_reduced_board_bottleneck_7x7_fixed_r2,mcts,adjacent
corrected_reduced_board_bottleneck_7x7_fixed_r2,rule,adjacent
corrected_reduced_board_bottleneck_7x7_fixed_r2,rule,adjacent
corrected_reduced_board_bottleneck_7x7_fixed_r2,rule,adjacent
corrected_reduced_board_bottleneck_7x7_fixed_r2,mcts,adjacent
corrected_reduced_board_bottleneck_7x7_fixed_r2,expectimax_d2,net
corrected_reduced_board_bottleneck_7x7_fixed_r2,expectimax_d2,net
corrected_reduced_board_bottleneck_7x7_fixed_r2,expectimax_d2,adjacent
corrected_reduced_board_bottleneck_7x7_fixed_r2,expectimax_d2,adjacent
corrected_reduced_board_bottleneck_7x7_fixed_r2,expectimax_d2,adjacent
corrected_reduced_board_bottleneck_7x7_fixed_r2,expectimax_d2,adjacent
corrected_reduced_board_bottleneck_7x7_fixed_r2,expectimax_d2,adjacent
corrected_reduced_board_bottleneck_7x7_fixed_r2,expectimax_d2,net
corrected_reduced_board_bottleneck_7x7_fixed_r2,expectimax_d2,adjacent
corrected_reduced_board_bottleneck_7x7_fixed_r2,expectimax_d2,adjacent
corrected_reduced_board_bottleneck_7x7_fixed_r2,expectimax_d2,adjacent
corrected_reduced_board_bottleneck_7x7_fixed_r2,expectimax_d2,net
corrected_reduced_board_bottleneck_7x7_fixed_r2,expectimax_d2,net
corrected_reduced_board_bottleneck_7x7_fixed_r2,expectimax_d2,net
corrected_reduced_board_bottleneck_7x7_fixed_r2,expectimax_d2,net
corrected_reduced_board_bottleneck_7x7_fixed_r2,expectimax_d2,adjacent
corrected_reduced_board_bottleneck_7x7_fixed_r2,expectimax_d3,net
corrected_reduced_board_bottleneck_7x7_fixed_r2,expectimax_d3,net
corrected_reduced_board_bottleneck_7x7_fixed_r2,expectimax_d3,adjacent
corrected_reduced_board_bottleneck_7x7_fixed_r2,expectimax_d3,adjacent
corrected_reduced_board_bottleneck_7x7_fixed_r2,expectimax_d3,adjacent
corrected_reduced_board_bottleneck_7x7_fixed_r2,expectimax_d3,adjacent
corrected_reduced_board_bottleneck_7x7_fixed_r2,random,adjacent
corrected_reduced_board_bottleneck_7x7_fixed_r2,expectimax_d3,adjacent
corrected_reduced_board_bottleneck_7x7_fixed_r2,expectimax_d3,adjacent
corrected_reduced_board_bottleneck_7x7_fixed_r2,expectimax_d3,adjacent
corrected_reduced_board_bottleneck_7x7_fixed_r2,expectimax_d3,net
corrected_reduced_board_bottleneck_7x7_fixed_r2,expectimax_d3,adjacent
corrected_reduced_board_bottleneck_7x7_fixed_r2,expectimax_d3,net
corrected_reduced_board_bottleneck_7x7_fixed_r2,expectimax_d3,net
corrected_reduced_board_bottleneck_7x7_fixed_r2,expectimax_d3,adjacent
corrected_reduced_board_bottleneck_7x7_fixed_r2,expectimax_d3,adjacent
corrected_reduced_board_bottleneck_7x7_fixed_r2,expectimax_d3,net
corrected_reduced_board_bottleneck_7x7_fixed_r2,expectimax_d3,net
corrected_reduced_board_bottleneck_7x7_fixed_r2,expectimax_d3,net
corrected_reduced_board_bottleneck_7x7_fixed_r2,expectimax_d3,net
corrected_reduced_board_bottleneck_7x7_fixed_r2,expectimax_d3,net
corrected_reduced_board_bottleneck_7x7_fixed_r2,expectimax_d3,adjacent
corrected_reduced_board_bottleneck_7x7_fixed_r2,greedy,net
corrected_reduced_board_bottleneck_7x7_fixed_r2,greedy,adjacent
corrected_reduced_board_bottleneck_7x7_fixed_r2,greedy,net
corrected_reduced_board_bottleneck_7x7_fixed_r2,greedy,adjacent
corrected_reduced_board_bottleneck_7x7_fixed_r2,greedy,adjacent
corrected_reduced_board_bottleneck_7x7_fixed_r2,greedy,net
corrected_reduced_board_bottleneck_7x7_fixed_r2,greedy,adjacent
corrected_reduced_board_bottleneck_7x7_fixed_r2,greedy,adjacent
corrected_reduced_board_bottleneck_7x7_fixed_r2,greedy,adjacent
corrected_reduced_board_bottleneck_7x7_fixed_r2,greedy,adjacent
corrected_reduced_board_bottleneck_7x7_fixed_r2,greedy,adjacent
corrected_reduced_board_bottleneck_7x7_fixed_r2,random,adjacent
corrected_reduced_board_bottleneck_7x7_fixed_r2,greedy,adjacent
corrected_reduced_board_bottleneck_7x7_fixed_r2,greedy,net
corrected_reduced_board_bottleneck_7x7_fixed_r2,greedy,adjacent
corrected_reduced_board_bottleneck_7x7_fixed_r2,greedy,adjacent
corrected_reduced_board_bottleneck_7x7_fixed_r2,greedy,net
corrected_reduced_board_bottleneck_7x7_fixed_r2,greedy,net
corrected_reduced_board_bottleneck_7x7_fixed_r2,greedy,adjacent
corrected_reduced_board_bottleneck_7x7_fixed_r2,greedy,net
corrected_reduced_board_bottleneck_7x7_fixed_r2,greedy,adjacent
corrected_reduced_board_bottleneck_7x7_fixed_r2,greedy,adjacent
corrected_reduced_board_bottleneck_7x7_fixed_r2,mcts,adjacent
corrected_reduced_board_bottleneck_7x7_fixed_r2,mcts,net
corrected_reduced_board_bottleneck_7x7_fixed_r2,random,net
corrected_reduced_board_bottleneck_7x7_fixed_r2,random,adjacent
corrected_reduced_board_bottleneck_7x7_fixed_r2,mcts,adjacent
corrected_reduced_board_bottleneck_7x7_fixed_r2,mcts,adjacent
corrected_reduced_board_bottleneck_7x7_fixed_r2,mcts,adjacent
corrected_reduced_board_bottleneck_7x7_fixed_r2,mcts,adjacent
corrected_reduced_board_bottleneck_7x7_fixed_r2,mcts,adjacent
corrected_reduced_board_bottleneck_7x7_fixed_r2,mcts,adjacent
corrected_reduced_board_bottleneck_7x7_fixed_r2,rule,adjacent
corrected_reduced_board_bottleneck_7x7_fixed_r2,rule,adjacent
corrected_reduced_board_bottleneck_7x7_fixed_r2,rule,adjacent
corrected_reduced_board_bottleneck_7x7_fixed_r2,rule,adjacent
corrected_reduced_board_bottleneck_7x7_fixed_r2,rule,net
corrected_reduced_board_bottleneck_7x7_fixed_r2,rule,net
corrected_reduced_board_bottleneck_7x7_fixed_r2,rule,net
corrected_reduced_board_bottleneck_7x7_fixed_r2,rule,adjacent
corrected_reduced_board_bottleneck_7x7_fixed_r2,rule,adjacent
corrected_reduced_board_bottleneck_7x7_fixed_r2,rule,adjacent
corrected_reduced_board_bottleneck_7x7_fixed_r2,rule,adjacent
corrected_reduced_board_bottleneck_7x7_fixed_r2,rule,adjacent
corrected_reduced_board_bottleneck_7x7_fixed_r2,rule,adjacent
corrected_reduced_board_bottleneck_7x7_fixed_r2,rule,adjacent
corrected_reduced_board_bottleneck_7x7_fixed_r2,expectimax_d2,net
corrected_reduced_board_bottleneck_7x7_fixed_r2,expectimax_d2,net
corrected_reduced_board_bottleneck_7x7_fixed_r2,expectimax_d2,net
corrected_reduced_board_bottleneck_7x7_fixed_r2,rule,adjacent
corrected_reduced_board_bottleneck_7x7_fixed_r2,rule,adjacent
corrected_reduced_board_bottleneck_7x7_fixed_r2,expectimax_d2,adjacent
corrected_reduced_board_bottleneck_7x7_fixed_r2,expectimax_d2,adjacent
corrected_reduced_board_bottleneck_7x7_fixed_r2,rule,adjacent
corrected_reduced_board_bottleneck_7x7_fixed_r2,expectimax_d2,adjacent
corrected_reduced_board_bottleneck_7x7_fixed_r2,expectimax_d2,adjacent
corrected_reduced_board_bottleneck_7x7_fixed_r2,expectimax_d2,adjacent
corrected_reduced_board_bottleneck_7x7_fixed_r2,expectimax_d2,adjacent
corrected_reduced_board_bottleneck_7x7_fixed_r2,expectimax_d2,net
corrected_reduced_board_bottleneck_7x7_fixed_r2,expectimax_d2,net
corrected_reduced_board_bottleneck_7x7_fixed_r2,expectimax_d2,adjacent
corrected_reduced_board_bottleneck_7x7_fixed_r2,rule,adjacent
corrected_reduced_board_bottleneck_7x7_fixed_r2,expectimax_d2,adjacent
corrected_reduced_board_bottleneck_7x7_fixed_r2,expectimax_d2,adjacent
corrected_reduced_board_bottleneck_7x7_fixed_r2,expectimax_d2,adjacent
corrected_reduced_board_bottleneck_7x7_fixed_r2,rule,adjacent
corrected_reduced_board_bottleneck_7x7_fixed_r2,rule,adjacent
corrected_reduced_board_bottleneck_7x7_fixed_r2,expectimax_d2,adjacent
corrected_reduced_board_bottleneck_7x7_fixed_r2,rule,adjacent
corrected_reduced_board_bottleneck_7x7_fixed_r2,expectimax_d2,net
corrected_reduced_board_bottleneck_7x7_fixed_r2,rule,adjacent
corrected_reduced_board_bottleneck_7x7_fixed_r2,expectimax_d2,adjacent
corrected_reduced_board_bottleneck_7x7_fixed_r2,expectimax_d2,adjacent
corrected_reduced_board_bottleneck_7x7_fixed_r2,rule,adjacent
corrected_reduced_board_bottleneck_7x7_fixed_r2,expectimax_d2,adjacent
corrected_reduced_board_bottleneck_7x7_fixed_r2,expectimax_d3,net
corrected_reduced_board_bottleneck_7x7_fixed_r2,expectimax_d3,net
corrected_reduced_board_bottleneck_7x7_fixed_r2,expectimax_d3,net
corrected_reduced_board_bottleneck_7x7_fixed_r2,rule,adjacent
corrected_reduced_board_bottleneck_7x7_fixed_r2,expectimax_d3,adjacent
corrected_reduced_board_bottleneck_7x7_fixed_r2,expectimax_d3,adjacent
corrected_reduced_board_bottleneck_7x7_fixed_r2,expectimax_d3,adjacent
corrected_reduced_board_bottleneck_7x7_fixed_r2,expectimax_d3,adjacent
corrected_reduced_board_bottleneck_7x7_fixed_r2,expectimax_d3,adjacent
corrected_reduced_board_bottleneck_7x7_fixed_r2,expectimax_d3,adjacent
corrected_reduced_board_bottleneck_7x7_fixed_r2,expectimax_d3,net
corrected_reduced_board_bottleneck_7x7_fixed_r2,expectimax_d3,net
corrected_reduced_board_bottleneck_7x7_fixed_r2,expectimax_d3,adjacent
corrected_reduced_board_bottleneck_7x7_fixed_r2,expectimax_d3,adjacent
corrected_reduced_board_bottleneck_7x7_fixed_r2,rule,adjacent
corrected_reduced_board_bottleneck_7x7_fixed_r2,rule,adjacent
corrected_reduced_board_bottleneck_7x7_fixed_r2,expectimax_d3,adjacent
corrected_reduced_board_bottleneck_7x7_fixed_r2,rule,adjacent
corrected_reduced_board_bottleneck_7x7_fixed_r2,expectimax_d3,adjacent
corrected_reduced_board_bottleneck_7x7_fixed_r2,expectimax_d3,net
corrected_reduced_board_bottleneck_7x7_fixed_r2,expectimax_d3,adjacent
corrected_reduced_board_bottleneck_7x7_fixed_r2,rule,adjacent
corrected_reduced_board_bottleneck_7x7_fixed_r2,rule,adjacent
corrected_reduced_board_bottleneck_7x7_fixed_r2,expectimax_d3,adjacent
corrected_reduced_board_bottleneck_7x7_fixed_r2,rule,net
corrected_reduced_board_bottleneck_7x7_fixed_r2,expectimax_d3,adjacent
corrected_reduced_board_bottleneck_7x7_fixed_r2,rule,adjacent
corrected_reduced_board_bottleneck_7x7_fixed_r2,greedy,net
corrected_reduced_board_bottleneck_7x7_fixed_r2,greedy,net
corrected_reduced_board_bottleneck_7x7_fixed_r2,rule,adjacent
corrected_reduced_board_bottleneck_7x7_fixed_r2,greedy,adjacent
corrected_reduced_board_bottleneck_7x7_fixed_r2,rule,adjacent
corrected_reduced_board_bottleneck_7x7_fixed_r2,greedy,adjacent
corrected_reduced_board_bottleneck_7x7_fixed_r2,greedy,adjacent
corrected_reduced_board_bottleneck_7x7_fixed_r2,greedy,adjacent
corrected_reduced_board_bottleneck_7x7_fixed_r2,greedy,adjacent
corrected_reduced_board_bottleneck_7x7_fixed_r2,greedy,net
corrected_reduced_board_bottleneck_7x7_fixed_r2,rule,adjacent
corrected_reduced_board_bottleneck_7x7_fixed_r2,rule,adjacent
corrected_reduced_board_bottleneck_7x7_fixed_r2,greedy,adjacent
corrected_reduced_board_bottleneck_7x7_fixed_r2,rule,adjacent
corrected_reduced_board_bottleneck_7x7_fixed_r2,rule,adjacent
corrected_reduced_board_bottleneck_7x7_fixed_r2,greedy,adjacent
corrected_reduced_board_bottleneck_7x7_fixed_r2,greedy,adjacent
corrected_reduced_board_bottleneck_7x7_fixed_r2,rule,adjacent
corrected_reduced_board_bottleneck_7x7_fixed_r2,greedy,adjacent
corrected_reduced_board_bottleneck_7x7_fixed_r2,greedy,net
corrected_reduced_board_bottleneck_7x7_fixed_r2,greedy,adjacent
corrected_reduced_board_bottleneck_7x7_fixed_r2,rule,adjacent
corrected_reduced_board_bottleneck_7x7_fixed_r2,greedy,adjacent
corrected_reduced_board_bottleneck_7x7_fixed_r2,rule,adjacent
corrected_reduced_board_bottleneck_7x7_fixed_r2,mcts,net
corrected_reduced_board_bottleneck_7x7_fixed_r2,mcts,net
corrected_reduced_board_bottleneck_7x7_fixed_r2,rule,net
corrected_reduced_board_bottleneck_7x7_fixed_r2,rule,adjacent
corrected_reduced_board_bottleneck_7x7_fixed_r2,rule,adjacent
corrected_reduced_board_bottleneck_7x7_fixed_r2,rule,net
corrected_reduced_board_bottleneck_7x7_fixed_r2,rule,adjacent
corrected_reduced_board_bottleneck_7x7_fixed_r2,mcts,adjacent
corrected_reduced_board_bottleneck_7x7_fixed_r2,rule,adjacent
corrected_reduced_board_bottleneck_7x7_fixed_r2,rule,adjacent
corrected_reduced_board_bottleneck_7x7_fixed_r2,mcts,adjacent
corrected_reduced_board_bottleneck_7x7_fixed_r2,mcts,adjacent
corrected_reduced_board_bottleneck_7x7_fixed_r2,rule,adjacent
corrected_reduced_board_bottleneck_7x7_fixed_r2,rule,adjacent
corrected_reduced_board_bottleneck_7x7_fixed_r2,rule,adjacent
corrected_reduced_board_bottleneck_7x7_fixed_r2,mcts,adjacent
corrected_reduced_board_bottleneck_7x7_fixed_r2,mcts,adjacent
corrected_reduced_board_bottleneck_7x7_fixed_r2,mcts,adjacent
corrected_reduced_board_bottleneck_7x7_fixed_r2,rule,adjacent
corrected_reduced_board_bottleneck_7x7_fixed_r2,mcts,adjacent
corrected_reduced_board_bottleneck_7x7_fixed_r2,mcts,adjacent
corrected_reduced_board_bottleneck_7x7_fixed_r2,rule,adjacent
corrected_reduced_board_bottleneck_7x7_fixed_r2,rule,adjacent
corrected_reduced_board_bottleneck_7x7_fixed_r2,rule,adjacent
corrected_reduced_board_bottleneck_7x7_fixed_r2,rule,adjacent
corrected_reduced_board_bottleneck_7x7_fixed_r2,rule,adjacent
corrected_reduced_board_bottleneck_7x7_fixed_r2,rule,adjacent
corrected_reduced_board_bottleneck_7x7_fixed_r2,rule,adjacent
corrected_reduced_board_bottleneck_7x7_fixed_r2,random,adjacent
corrected_reduced_board_bottleneck_7x7_fixed_r2,random,adjacent
corrected_reduced_board_bottleneck_7x7_fixed_r2,rule,adjacent
corrected_reduced_board_bottleneck_7x7_fixed_r2,rule,net
corrected_reduced_board_bottleneck_7x7_fixed_r2,random,adjacent
corrected_reduced_board_bottleneck_7x7_fixed_r2,rule,adjacent
corrected_reduced_board_bottleneck_7x7_fixed_r2,rule,adjacent
corrected_reduced_board_bottleneck_7x7_fixed_r2,rule,net
corrected_reduced_board_bottleneck_7x7_fixed_r2,rule,net
corrected_reduced_board_bottleneck_7x7_fixed_r2,rule,net
corrected_reduced_board_bottleneck_7x7_fixed_r2,random,adjacent
corrected_reduced_board_bottleneck_7x7_fixed_r2,rule,adjacent
corrected_reduced_board_bottleneck_7x7_fixed_r2,rule,adjacent
corrected_reduced_board_bottleneck_7x7_fixed_r2,rule,adjacent
corrected_reduced_board_bottleneck_7x7_fixed_r2,rule,adjacent
corrected_reduced_board_bottleneck_7x7_fixed_r2,rule,adjacent
corrected_reduced_board_bottleneck_7x7_fixed_r2,rule,adjacent
corrected_reduced_board_bottleneck_7x7_goal10_r2,expectimax_d2,net
corrected_reduced_board_bottleneck_7x7_goal10_r2,expectimax_d3,net
corrected_reduced_board_bottleneck_7x7_goal10_r2,expectimax_d3,net
corrected_reduced_board_bottleneck_7x7_goal10_r2,expectimax_d3,net
corrected_reduced_board_bottleneck_7x7_goal10_r2,expectimax_d2,adjacent
corrected_reduced_board_bottleneck_7x7_goal10_r2,expectimax_d2,adjacent
corrected_reduced_board_bottleneck_7x7_goal10_r2,expectimax_d3,adjacent
corrected_reduced_board_bottleneck_7x7_goal10_r2,expectimax_d2,adjacent
corrected_reduced_board_bottleneck_7x7_goal10_r2,expectimax_d2,adjacent
corrected_reduced_board_bottleneck_7x7_goal10_r2,expectimax_d2,net
corrected_reduced_board_bottleneck_7x7_goal10_r2,expectimax_d2,adjacent
corrected_reduced_board_bottleneck_7x7_goal10_r2,greedy,net
corrected_reduced_board_bottleneck_7x7_goal10_r2,expectimax_d2,adjacent
corrected_reduced_board_bottleneck_7x7_goal10_r2,expectimax_d2,adjacent
corrected_reduced_board_bottleneck_7x7_goal10_r2,expectimax_d2,adjacent
corrected_reduced_board_bottleneck_7x7_goal10_r2,greedy,adjacent
corrected_reduced_board_bottleneck_7x7_goal10_r2,expectimax_d2,adjacent
corrected_reduced_board_bottleneck_7x7_goal10_r2,mcts,net
corrected_reduced_board_bottleneck_7x7_goal10_r2,mcts,net
corrected_reduced_board_bottleneck_7x7_goal10_r2,expectimax_d2,net
corrected_reduced_board_bottleneck_7x7_goal10_r2,expectimax_d2,net
corrected_reduced_board_bottleneck_7x7_goal10_r2,expectimax_d2,adjacent
corrected_reduced_board_bottleneck_7x7_goal10_r2,expectimax_d2,adjacent
corrected_reduced_board_bottleneck_7x7_goal10_r2,rule,adjacent
corrected_reduced_board_bottleneck_7x7_goal10_r2,expectimax_d2,net
corrected_reduced_board_bottleneck_7x7_goal10_r2,expectimax_d2,net
corrected_reduced_board_bottleneck_7x7_goal10_r2,expectimax_d2,adjacent
corrected_reduced_board_bottleneck_7x7_goal10_r2,rule,adjacent
corrected_reduced_board_bottleneck_7x7_goal10_r2,rule,adjacent
corrected_reduced_board_bottleneck_7x7_goal10_r2,rule,adjacent
corrected_reduced_board_bottleneck_7x7_goal10_r2,expectimax_d3,net
corrected_reduced_board_bottleneck_7x7_goal10_r2,expectimax_d3,net
corrected_reduced_board_bottleneck_7x7_goal10_r2,expectimax_d2,net
corrected_reduced_board_bottleneck_7x7_goal10_r2,expectimax_d3,adjacent
corrected_reduced_board_bottleneck_7x7_goal10_r2,expectimax_d2,adjacent
corrected_reduced_board_bottleneck_7x7_goal10_r2,expectimax_d3,adjacent
corrected_reduced_board_bottleneck_7x7_goal10_r2,expectimax_d2,net
corrected_reduced_board_bottleneck_7x7_goal10_r2,expectimax_d3,net
corrected_reduced_board_bottleneck_7x7_goal10_r2,greedy,net
corrected_reduced_board_bottleneck_7x7_goal10_r2,expectimax_d3,adjacent
corrected_reduced_board_bottleneck_7x7_goal10_r2,greedy,adjacent
corrected_reduced_board_bottleneck_7x7_goal10_r2,greedy,adjacent
corrected_reduced_board_bottleneck_7x7_goal10_r2,greedy,adjacent
corrected_reduced_board_bottleneck_7x7_goal10_r2,greedy,net
corrected_reduced_board_bottleneck_7x7_goal10_r2,expectimax_d3,adjacent
corrected_reduced_board_bottleneck_7x7_goal10_r2,greedy,net
corrected_reduced_board_bottleneck_7x7_goal10_r2,greedy,net
corrected_reduced_board_bottleneck_7x7_goal10_r2,expectimax_d3,adjacent
corrected_reduced_board_bottleneck_7x7_goal10_r2,expectimax_d3,adjacent
corrected_reduced_board_bottleneck_7x7_goal10_r2,expectimax_d3,adjacent
corrected_reduced_board_bottleneck_7x7_goal10_r2,mcts,adjacent
corrected_reduced_board_bottleneck_7x7_goal10_r2,expectimax_d3,adjacent
corrected_reduced_board_bottleneck_7x7_goal10_r2,expectimax_d3,net
corrected_reduced_board_bottleneck_7x7_goal10_r2,expectimax_d3,net
corrected_reduced_board_bottleneck_7x7_goal10_r2,expectimax_d3,net
corrected_reduced_board_bottleneck_7x7_goal10_r2,expectimax_d3,adjacent
corrected_reduced_board_bottleneck_7x7_goal10_r2,rule,adjacent
corrected_reduced_board_bottleneck_7x7_goal10_r2,expectimax_d3,net
corrected_reduced_board_bottleneck_7x7_goal10_r2,expectimax_d3,net
corrected_reduced_board_bottleneck_7x7_goal10_r2,expectimax_d3,net
corrected_reduced_board_bottleneck_7x7_goal10_r2,expectimax_d3,net
corrected_reduced_board_bottleneck_7x7_goal10_r2,expectimax_d3,adjacent
corrected_reduced_board_bottleneck_7x7_goal10_r2,expectimax_d3,net
corrected_reduced_board_bottleneck_7x7_goal10_r2,expectimax_d3,adjacent
corrected_reduced_board_bottleneck_7x7_goal10_r2,greedy,net
corrected_reduced_board_bottleneck_7x7_goal10_r2,expectimax_d2,net
corrected_reduced_board_bottleneck_7x7_goal10_r2,expectimax_d2,net
corrected_reduced_board_bottleneck_7x7_goal10_r2,expectimax_d2,net
corrected_reduced_board_bottleneck_7x7_goal10_r2,expectimax_d2,net
corrected_reduced_board_bottleneck_7x7_goal10_r2,expectimax_d2,net
corrected_reduced_board_bottleneck_7x7_goal10_r2,expectimax_d2,net
corrected_reduced_board_bottleneck_7x7_goal10_r2,expectimax_d2,net
corrected_reduced_board_bottleneck_7x7_goal10_r2,greedy,net
corrected_reduced_board_bottleneck_7x7_goal10_r2,expectimax_d3,net
corrected_reduced_board_bottleneck_7x7_goal10_r2,expectimax_d3,net
corrected_reduced_board_bottleneck_7x7_goal10_r2,expectimax_d3,net
corrected_reduced_board_bottleneck_7x7_goal10_r2,expectimax_d3,net
corrected_reduced_board_bottleneck_7x7_goal10_r2,expectimax_d3,net
corrected_reduced_board_bottleneck_7x7_goal10_r2,expectimax_d3,net
corrected_reduced_board_bottleneck_7x7_goal10_r2,expectimax_d3,net
corrected_reduced_board_bottleneck_7x7_goal10_r2,greedy,adjacent
corrected_reduced_board_bottleneck_7x7_goal10_r2,greedy,adjacent
corrected_reduced_board_bottleneck_7x7_goal10_r2,mcts,net
corrected_reduced_board_bottleneck_7x7_goal10_r2,mcts,net
corrected_reduced_board_bottleneck_7x7_goal10_r2,greedy,adjacent
corrected_reduced_board_bottleneck_7x7_goal10_r2,random,adjacent
corrected_reduced_board_bottleneck_7x7_goal10_r2,greedy,net
corrected_reduced_board_bottleneck_7x7_goal10_r2,greedy,net
corrected_reduced_board_bottleneck_7x7_goal10_r2,greedy,net
corrected_reduced_board_bottleneck_7x7_goal10_r2,random,adjacent
corrected_reduced_board_bottleneck_7x7_goal10_r2,greedy,net
corrected_reduced_board_bottleneck_7x7_goal10_r2,greedy,adjacent
corrected_reduced_board_bottleneck_7x7_goal10_r2,greedy,adjacent
corrected_reduced_board_bottleneck_7x7_goal10_r2,greedy,net
corrected_reduced_board_bottleneck_7x7_goal10_r2,greedy,net
corrected_reduced_board_bottleneck_7x7_goal10_r2,greedy,adjacent
corrected_reduced_board_bottleneck_7x7_goal10_r2,rule,adjacent
corrected_reduced_board_bottleneck_7x7_goal10_r2,greedy,adjacent
corrected_reduced_board_bottleneck_7x7_goal10_r2,expectimax_d2,net
corrected_reduced_board_bottleneck_7x7_goal10_r2,expectimax_d2,adjacent
corrected_reduced_board_bottleneck_7x7_goal10_r2,expectimax_d2,adjacent
corrected_reduced_board_bottleneck_7x7_goal10_r2,expectimax_d2,net
corrected_reduced_board_bottleneck_7x7_goal10_r2,expectimax_d2,adjacent
corrected_reduced_board_bottleneck_7x7_goal10_r2,mcts,net
corrected_reduced_board_bottleneck_7x7_goal10_r2,expectimax_d2,adjacent
corrected_reduced_board_bottleneck_7x7_goal10_r2,expectimax_d3,net
corrected_reduced_board_bottleneck_7x7_goal10_r2,expectimax_d3,adjacent
corrected_reduced_board_bottleneck_7x7_goal10_r2,expectimax_d3,adjacent
corrected_reduced_board_bottleneck_7x7_goal10_r2,expectimax_d3,net
corrected_reduced_board_bottleneck_7x7_goal10_r2,expectimax_d3,adjacent
corrected_reduced_board_bottleneck_7x7_goal10_r2,expectimax_d3,adjacent
corrected_reduced_board_bottleneck_7x7_goal10_r2,greedy,net
corrected_reduced_board_bottleneck_7x7_goal10_r2,greedy,adjacent
corrected_reduced_board_bottleneck_7x7_goal10_r2,greedy,adjacent
corrected_reduced_board_bottleneck_7x7_goal10_r2,greedy,adjacent
corrected_reduced_board_bottleneck_7x7_goal10_r2,mcts,net
corrected_reduced_board_bottleneck_7x7_goal10_r2,greedy,adjacent
corrected_reduced_board_bottleneck_7x7_goal10_r2,mcts,net
corrected_reduced_board_bottleneck_7x7_goal10_r2,mcts,adjacent
corrected_reduced_board_bottleneck_7x7_goal10_r2,random,adjacent
corrected_reduced_board_bottleneck_7x7_goal10_r2,mcts,net
corrected_reduced_board_bottleneck_7x7_goal10_r2,rule,adjacent
corrected_reduced_board_bottleneck_7x7_goal10_r2,mcts,adjacent
corrected_reduced_board_bottleneck_7x7_goal10_r2,mcts,net
corrected_reduced_board_bottleneck_7x7_goal10_r2,mcts,adjacent
corrected_reduced_board_bottleneck_7x7_goal10_r2,mcts,net
corrected_reduced_board_bottleneck_7x7_goal10_r2,rule,adjacent
corrected_reduced_board_bottleneck_7x7_goal10_r2,rule,adjacent
corrected_reduced_board_bottleneck_7x7_goal10_r2,expectimax_d2,net
corrected_reduced_board_bottleneck_7x7_goal10_r2,expectimax_d2,adjacent
corrected_reduced_board_bottleneck_7x7_goal10_r2,expectimax_d2,adjacent
corrected_reduced_board_bottleneck_7x7_goal10_r2,expectimax_d2,adjacent
corrected_reduced_board_bottleneck_7x7_goal10_r2,expectimax_d3,net
corrected_reduced_board_bottleneck_7x7_goal10_r2,expectimax_d3,adjacent
corrected_reduced_board_bottleneck_7x7_goal10_r2,expectimax_d3,net
corrected_reduced_board_bottleneck_7x7_goal10_r2,expectimax_d3,net
corrected_reduced_board_bottleneck_7x7_goal10_r2,expectimax_d3,adjacent
corrected_reduced_board_bottleneck_7x7_goal10_r2,expectimax_d3,adjacent
corrected_reduced_board_bottleneck_7x7_goal10_r2,greedy,net
corrected_reduced_board_bottleneck_7x7_goal10_r2,greedy,adjacent
corrected_reduced_board_bottleneck_7x7_goal10_r2,greedy,adjacent
corrected_reduced_board_bottleneck_7x7_goal10_r2,greedy,adjacent
corrected_reduced_board_bottleneck_7x7_goal10_r2,mcts,adjacent
corrected_reduced_board_bottleneck_7x7_goal10_r2,mcts,adjacent
corrected_reduced_board_bottleneck_7x7_goal10_r2,mcts,adjacent
corrected_reduced_board_bottleneck_7x7_goal10_r2,rule,adjacent
corrected_reduced_board_bottleneck_7x7_goal10_r2,rule,adjacent
corrected_reduced_board_bottleneck_7x7_goal10_r2,rule,net
corrected_reduced_board_bottleneck_7x7_goal10_r2,rule,adjacent
corrected_reduced_board_bottleneck_7x7_goal10_r2,rule,adjacent
corrected_reduced_board_bottleneck_7x7_goal10_r2,rule,adjacent
corrected_reduced_board_bottleneck_7x7_goal10_r2,expectimax_d2,net
corrected_reduced_board_bottleneck_7x7_goal10_r2,expectimax_d2,net
corrected_reduced_board_bottleneck_7x7_goal10_r2,expectimax_d2,net
corrected_reduced_board_bottleneck_7x7_goal10_r2,expectimax_d2,adjacent
corrected_reduced_board_bottleneck_7x7_goal10_r2,expectimax_d2,adjacent
corrected_reduced_board_bottleneck_7x7_goal10_r2,expectimax_d2,adjacent
corrected_reduced_board_bottleneck_7x7_goal10_r2,expectimax_d2,adjacent
corrected_reduced_board_bottleneck_7x7_goal10_r2,rule,adjacent
corrected_reduced_board_bottleneck_7x7_goal10_r2,rule,adjacent
corrected_reduced_board_bottleneck_7x7_goal10_r2,expectimax_d2,adjacent
corrected_reduced_board_bottleneck_7x7_goal10_r2,expectimax_d3,net
corrected_reduced_board_bottleneck_7x7_goal10_r2,expectimax_d3,net
corrected_reduced_board_bottleneck_7x7_goal10_r2,expectimax_d3,net
corrected_reduced_board_bottleneck_7x7_goal10_r2,expectimax_d3,adjacent
corrected_reduced_board_bottleneck_7x7_goal10_r2,expectimax_d3,adjacent
corrected_reduced_board_bottleneck_7x7_goal10_r2,expectimax_d3,adjacent
corrected_reduced_board_bottleneck_7x7_goal10_r2,expectimax_d3,adjacent
corrected_reduced_board_bottleneck_7x7_goal10_r2,rule,adjacent
corrected_reduced_board_bottleneck_7x7_goal10_r2,expectimax_d3,adjacent
corrected_reduced_board_bottleneck_7x7_goal10_r2,greedy,net
corrected_reduced_board_bottleneck_7x7_goal10_r2,greedy,net
corrected_reduced_board_bottleneck_7x7_goal10_r2,rule,adjacent
corrected_reduced_board_bottleneck_7x7_goal10_r2,greedy,adjacent
corrected_reduced_board_bottleneck_7x7_goal10_r2,rule,adjacent
corrected_reduced_board_bottleneck_7x7_goal10_r2,rule,adjacent
corrected_reduced_board_bottleneck_7x7_goal10_r2,greedy,adjacent
corrected_reduced_board_bottleneck_7x7_goal10_r2,rule,adjacent
corrected_reduced_board_bottleneck_7x7_goal10_r2,mcts,net
corrected_reduced_board_bottleneck_7x7_goal10_r2,rule,adjacent
corrected_reduced_board_bottleneck_7x7_goal10_r2,rule,adjacent
corrected_reduced_board_bottleneck_7x7_goal10_r2,random,adjacent
corrected_reduced_board_bottleneck_7x7_goal10_r2,rule,adjacent
corrected_reduced_board_bottleneck_7x7_goal10_r2,random,adjacent
corrected_reduced_board_bottleneck_7x7_goal10_r2,rule,adjacent
corrected_reduced_board_bottleneck_7x7_goal40_r2,expectimax_d2,net
corrected_reduced_board_bottleneck_7x7_goal40_r2,expectimax_d3,net
corrected_reduced_board_bottleneck_7x7_goal40_r2,expectimax_d3,net
corrected_reduced_board_bottleneck_7x7_goal40_r2,expectimax_d2,adjacent
corrected_reduced_board_bottleneck_7x7_goal40_r2,expectimax_d3,net
corrected_reduced_board_bottleneck_7x7_goal40_r2,expectimax_d3,net
corrected_reduced_board_bottleneck_7x7_goal40_r2,expectimax_d2,adjacent
corrected_reduced_board_bottleneck_7x7_goal40_r2,expectimax_d3,net
corrected_reduced_board_bottleneck_7x7_goal40_r2,expectimax_d3,adjacent
corrected_reduced_board_bottleneck_7x7_goal40_r2,expectimax_d3,adjacent
corrected_reduced_board_bottleneck_7x7_goal40_r2,expectimax_d2,adjacent
corrected_reduced_board_bottleneck_7x7_goal40_r2,expectimax_d3,adjacent
corrected_reduced_board_bottleneck_7x7_goal40_r2,expectimax_d2,adjacent
corrected_reduced_board_bottleneck_7x7_goal40_r2,expectimax_d2,adjacent
corrected_reduced_board_bottleneck_7x7_goal40_r2,expectimax_d3,adjacent
corrected_reduced_board_bottleneck_7x7_goal40_r2,expectimax_d2,adjacent
corrected_reduced_board_bottleneck_7x7_goal40_r2,expectimax_d2,net
corrected_reduced_board_bottleneck_7x7_goal40_r2,expectimax_d2,adjacent
corrected_reduced_board_bottleneck_7x7_goal40_r2,greedy,net
corrected_reduced_board_bottleneck_7x7_goal40_r2,expectimax_d2,adjacent
corrected_reduced_board_bottleneck_7x7_goal40_r2,greedy,net
corrected_reduced_board_bottleneck_7x7_goal40_r2,greedy,adjacent
corrected_reduced_board_bottleneck_7x7_goal40_r2,greedy,adjacent
corrected_reduced_board_bottleneck_7x7_goal40_r2,expectimax_d2,adjacent
corrected_reduced_board_bottleneck_7x7_goal40_r2,expectimax_d2,adjacent
corrected_reduced_board_bottleneck_7x7_goal40_r2,greedy,adjacent
corrected_reduced_board_bottleneck_7x7_goal40_r2,expectimax_d2,adjacent
corrected_reduced_board_bottleneck_7x7_goal40_r2,greedy,adjacent
corrected_reduced_board_bottleneck_7x7_goal40_r2,expectimax_d2,adjacent
corrected_reduced_board_bottleneck_7x7_goal40_r2,greedy,adjacent
corrected_reduced_board_bottleneck_7x7_goal40_r2,mcts,adjacent
corrected_reduced_board_bottleneck_7x7_goal40_r2,expectimax_d2,adjacent
corrected_reduced_board_bottleneck_7x7_goal40_r2,mcts,adjacent
corrected_reduced_board_bottleneck_7x7_goal40_r2,expectimax_d2,adjacent
corrected_reduced_board_bottleneck_7x7_goal40_r2,expectimax_d2,net
corrected_reduced_board_bottleneck_7x7_goal40_r2,expectimax_d2,net
corrected_reduced_board_bottleneck_7x7_goal40_r2,expectimax_d2,net
corrected_reduced_board_bottleneck_7x7_goal40_r2,expectimax_d2,net
corrected_reduced_board_bottleneck_7x7_goal40_r2,expectimax_d2,adjacent
corrected_reduced_board_bottleneck_7x7_goal40_r2,expectimax_d2,adjacent
corrected_reduced_board_bottleneck_7x7_goal40_r2,mcts,adjacent
corrected_reduced_board_bottleneck_7x7_goal40_r2,expectimax_d2,adjacent
corrected_reduced_board_bottleneck_7x7_goal40_r2,expectimax_d2,adjacent
corrected_reduced_board_bottleneck_7x7_goal40_r2,expectimax_d2,adjacent
corrected_reduced_board_bottleneck_7x7_goal40_r2,expectimax_d2,net
corrected_reduced_board_bottleneck_7x7_goal40_r2,expectimax_d2,net
corrected_reduced_board_bottleneck_7x7_goal40_r2,expectimax_d2,net
corrected_reduced_board_bottleneck_7x7_goal40_r2,expectimax_d2,net
corrected_reduced_board_bottleneck_7x7_goal40_r2,expectimax_d2,net
corrected_reduced_board_bottleneck_7x7_goal40_r2,expectimax_d2,adjacent
corrected_reduced_board_bottleneck_7x7_goal40_r2,expectimax_d2,adjacent
corrected_reduced_board_bottleneck_7x7_goal40_r2,expectimax_d2,adjacent
corrected_reduced_board_bottleneck_7x7_goal40_r2,rule,adjacent
corrected_reduced_board_bottleneck_7x7_goal40_r2,expectimax_d2,net
corrected_reduced_board_bottleneck_7x7_goal40_r2,expectimax_d2,adjacent
corrected_reduced_board_bottleneck_7x7_goal40_r2,expectimax_d2,net
corrected_reduced_board_bottleneck_7x7_goal40_r2,expectimax_d2,net
corrected_reduced_board_bottleneck_7x7_goal40_r2,expectimax_d2,adjacent
corrected_reduced_board_bottleneck_7x7_goal40_r2,expectimax_d2,adjacent
corrected_reduced_board_bottleneck_7x7_goal40_r2,expectimax_d2,adjacent
corrected_reduced_board_bottleneck_7x7_goal40_r2,rule,adjacent
corrected_reduced_board_bottleneck_7x7_goal40_r2,rule,adjacent
corrected_reduced_board_bottleneck_7x7_goal40_r2,rule,adjacent
corrected_reduced_board_bottleneck_7x7_goal40_r2,expectimax_d2,adjacent
corrected_reduced_board_bottleneck_7x7_goal40_r2,rule,adjacent
corrected_reduced_board_bottleneck_7x7_goal40_r2,expectimax_d2,adjacent
corrected_reduced_board_bottleneck_7x7_goal40_r2,rule,adjacent
corrected_reduced_board_bottleneck_7x7_goal40_r2,expectimax_d2,net
corrected_reduced_board_bottleneck_7x7_goal40_r2,expectimax_d3,net
corrected_reduced_board_bottleneck_7x7_goal40_r2,expectimax_d3,net
corrected_reduced_board_bottleneck_7x7_goal40_r2,expectimax_d2,adjacent
corrected_reduced_board_bottleneck_7x7_goal40_r2,expectimax_d3,adjacent
corrected_reduced_board_bottleneck_7x7_goal40_r2,expectimax_d3,adjacent
corrected_reduced_board_bottleneck_7x7_goal40_r2,expectimax_d2,net
corrected_reduced_board_bottleneck_7x7_goal40_r2,expectimax_d3,adjacent
corrected_reduced_board_bottleneck_7x7_goal40_r2,expectimax_d2,net
corrected_reduced_board_bottleneck_7x7_goal40_r2,expectimax_d2,adjacent
corrected_reduced_board_bottleneck_7x7_goal40_r2,expectimax_d2,adjacent
corrected_reduced_board_bottleneck_7x7_goal40_r2,expectimax_d2,adjacent
corrected_reduced_board_bottleneck_7x7_goal40_r2,expectimax_d3,adjacent
corrected_reduced_board_bottleneck_7x7_goal40_r2,expectimax_d2,net
corrected_reduced_board_bottleneck_7x7_goal40_r2,expectimax_d3,net
corrected_reduced_board_bottleneck_7x7_goal40_r2,expectimax_d2,net
corrected_reduced_board_bottleneck_7x7_goal40_r2,expectimax_d3,adjacent
corrected_reduced_board_bottleneck_7x7_goal40_r2,greedy,net
corrected_reduced_board_bottleneck_7x7_goal40_r2,expectimax_d3,adjacent
corrected_reduced_board_bottleneck_7x7_goal40_r2,greedy,adjacent
corrected_reduced_board_bottleneck_7x7_goal40_r2,greedy,adjacent
corrected_reduced_board_bottleneck_7x7_goal40_r2,greedy,adjacent
corrected_reduced_board_bottleneck_7x7_goal40_r2,greedy,adjacent
corrected_reduced_board_bottleneck_7x7_goal40_r2,expectimax_d3,adjacent
corrected_reduced_board_bottleneck_7x7_goal40_r2,greedy,net
corrected_reduced_board_bottleneck_7x7_goal40_r2,expectimax_d3,adjacent
corrected_reduced_board_bottleneck_7x7_goal40_r2,greedy,net
corrected_reduced_board_bottleneck_7x7_goal40_r2,greedy,adjacent
corrected_reduced_board_bottleneck_7x7_goal40_r2,greedy,adjacent
corrected_reduced_board_bottleneck_7x7_goal40_r2,greedy,net
corrected_reduced_board_bottleneck_7x7_goal40_r2,greedy,net
corrected_reduced_board_bottleneck_7x7_goal40_r2,expectimax_d3,adjacent
corrected_reduced_board_bottleneck_7x7_goal40_r2,greedy,adjacent
corrected_reduced_board_bottleneck_7x7_goal40_r2,expectimax_d3,adjacent
corrected_reduced_board_bottleneck_7x7_goal40_r2,mcts,adjacent
corrected_reduced_board_bottleneck_7x7_goal40_r2,expectimax_d3,adjacent
corrected_reduced_board_bottleneck_7x7_goal40_r2,expectimax_d3,adjacent
corrected_reduced_board_bottleneck_7x7_goal40_r2,expectimax_d3,net
corrected_reduced_board_bottleneck_7x7_goal40_r2,expectimax_d3,net
corrected_reduced_board_bottleneck_7x7_goal40_r2,expectimax_d3,net
corrected_reduced_board_bottleneck_7x7_goal40_r2,mcts,adjacent
corrected_reduced_board_bottleneck_7x7_goal40_r2,expectimax_d3,adjacent
corrected_reduced_board_bottleneck_7x7_goal40_r2,mcts,adjacent
corrected_reduced_board_bottleneck_7x7_goal40_r2,expectimax_d3,adjacent
corrected_reduced_board_bottleneck_7x7_goal40_r2,mcts,adjacent
corrected_reduced_board_bottleneck_7x7_goal40_r2,mcts,adjacent
corrected_reduced_board_bottleneck_7x7_goal40_r2,expectimax_d3,adjacent
corrected_reduced_board_bottleneck_7x7_goal40_r2,expectimax_d3,adjacent
corrected_reduced_board_bottleneck_7x7_goal40_r2,expectimax_d3,net
corrected_reduced_board_bottleneck_7x7_goal40_r2,expectimax_d3,net
corrected_reduced_board_bottleneck_7x7_goal40_r2,expectimax_d3,net
corrected_reduced_board_bottleneck_7x7_goal40_r2,expectimax_d3,net
corrected_reduced_board_bottleneck_7x7_goal40_r2,expectimax_d3,net
corrected_reduced_board_bottleneck_7x7_goal40_r2,expectimax_d3,net
corrected_reduced_board_bottleneck_7x7_goal40_r2,rule,adjacent
corrected_reduced_board_bottleneck_7x7_goal40_r2,expectimax_d3,net
corrected_reduced_board_bottleneck_7x7_goal40_r2,expectimax_d3,net
corrected_reduced_board_bottleneck_7x7_goal40_r2,expectimax_d3,net
corrected_reduced_board_bottleneck_7x7_goal40_r2,rule,adjacent
corrected_reduced_board_bottleneck_7x7_goal40_r2,rule,adjacent
corrected_reduced_board_bottleneck_7x7_goal40_r2,expectimax_d3,adjacent
corrected_reduced_board_bottleneck_7x7_goal40_r2,expectimax_d3,adjacent
corrected_reduced_board_bottleneck_7x7_goal40_r2,expectimax_d3,net
corrected_reduced_board_bottleneck_7x7_goal40_r2,expectimax_d3,net
corrected_reduced_board_bottleneck_7x7_goal40_r2,expectimax_d3,adjacent
corrected_reduced_board_bottleneck_7x7_goal40_r2,expectimax_d3,adjacent
corrected_reduced_board_bottleneck_7x7_goal40_r2,expectimax_d3,adjacent
corrected_reduced_board_bottleneck_7x7_goal40_r2,rule,adjacent
corrected_reduced_board_bottleneck_7x7_goal40_r2,expectimax_d3,net
corrected_reduced_board_bottleneck_7x7_goal40_r2,expectimax_d3,adjacent
corrected_reduced_board_bottleneck_7x7_goal40_r2,expectimax_d3,adjacent
corrected_reduced_board_bottleneck_7x7_goal40_r2,expectimax_d3,adjacent
corrected_reduced_board_bottleneck_7x7_goal40_r2,rule,adjacent
corrected_reduced_board_bottleneck_7x7_goal40_r2,greedy,net
corrected_reduced_board_bottleneck_7x7_goal40_r2,expectimax_d2,net
corrected_reduced_board_bottleneck_7x7_goal40_r2,expectimax_d2,net
corrected_reduced_board_bottleneck_7x7_goal40_r2,greedy,adjacent
corrected_reduced_board_bottleneck_7x7_goal40_r2,expectimax_d2,net
corrected_reduced_board_bottleneck_7x7_goal40_r2,expectimax_d2,net
corrected_reduced_board_bottleneck_7x7_goal40_r2,expectimax_d2,net
corrected_reduced_board_bottleneck_7x7_goal40_r2,expectimax_d2,adjacent
corrected_reduced_board_bottleneck_7x7_goal40_r2,greedy,adjacent
corrected_reduced_board_bottleneck_7x7_goal40_r2,expectimax_d2,adjacent
corrected_reduced_board_bottleneck_7x7_goal40_r2,expectimax_d2,net
corrected_reduced_board_bottleneck_7x7_goal40_r2,expectimax_d2,net
corrected_reduced_board_bottleneck_7x7_goal40_r2,expectimax_d2,net
corrected_reduced_board_bottleneck_7x7_goal40_r2,greedy,net
corrected_reduced_board_bottleneck_7x7_goal40_r2,expectimax_d2,net
corrected_reduced_board_bottleneck_7x7_goal40_r2,greedy,adjacent
corrected_reduced_board_bottleneck_7x7_goal40_r2,expectimax_d2,net
corrected_reduced_board_bottleneck_7x7_goal40_r2,greedy,net
corrected_reduced_board_bottleneck_7x7_goal40_r2,expectimax_d2,adjacent
corrected_reduced_board_bottleneck_7x7_goal40_r2,greedy,net
corrected_reduced_board_bottleneck_7x7_goal40_r2,expectimax_d3,net
corrected_reduced_board_bottleneck_7x7_goal40_r2,expectimax_d3,net
corrected_reduced_board_bottleneck_7x7_goal40_r2,greedy,adjacent
corrected_reduced_board_bottleneck_7x7_goal40_r2,greedy,net
corrected_reduced_board_bottleneck_7x7_goal40_r2,expectimax_d3,net
corrected_reduced_board_bottleneck_7x7_goal40_r2,expectimax_d3,net
corrected_reduced_board_bottleneck_7x7_goal40_r2,expectimax_d3,net
corrected_reduced_board_bottleneck_7x7_goal40_r2,expectimax_d3,adjacent
corrected_reduced_board_bottleneck_7x7_goal40_r2,expectimax_d3,adjacent
corrected_reduced_board_bottleneck_7x7_goal40_r2,greedy,adjacent
corrected_reduced_board_bottleneck_7x7_goal40_r2,expectimax_d3,net
corrected_reduced_board_bottleneck_7x7_goal40_r2,expectimax_d3,net
corrected_reduced_board_bottleneck_7x7_goal40_r2,expectimax_d3,net
corrected_reduced_board_bottleneck_7x7_goal40_r2,greedy,net
corrected_reduced_board_bottleneck_7x7_goal40_r2,greedy,adjacent
corrected_reduced_board_bottleneck_7x7_goal40_r2,expectimax_d3,adjacent
corrected_reduced_board_bottleneck_7x7_goal40_r2,greedy,adjacent
corrected_reduced_board_bottleneck_7x7_goal40_r2,expectimax_d3,adjacent
corrected_reduced_board_bottleneck_7x7_goal40_r2,greedy,adjacent
corrected_reduced_board_bottleneck_7x7_goal40_r2,mcts,adjacent
corrected_reduced_board_bottleneck_7x7_goal40_r2,mcts,adjacent
corrected_reduced_board_bottleneck_7x7_goal40_r2,greedy,adjacent
corrected_reduced_board_bottleneck_7x7_goal40_r2,greedy,adjacent
corrected_reduced_board_bottleneck_7x7_goal40_r2,greedy,adjacent
corrected_reduced_board_bottleneck_7x7_goal40_r2,greedy,net
corrected_reduced_board_bottleneck_7x7_goal40_r2,greedy,adjacent
corrected_reduced_board_bottleneck_7x7_goal40_r2,mcts,net
corrected_reduced_board_bottleneck_7x7_goal40_r2,mcts,net
corrected_reduced_board_bottleneck_7x7_goal40_r2,mcts,net
corrected_reduced_board_bottleneck_7x7_goal40_r2,greedy,net
corrected_reduced_board_bottleneck_7x7_goal40_r2,greedy,adjacent
corrected_reduced_board_bottleneck_7x7_goal40_r2,mcts,net
corrected_reduced_board_bottleneck_7x7_goal40_r2,greedy,adjacent
corrected_reduced_board_bottleneck_7x7_goal40_r2,mcts,adjacent
corrected_reduced_board_bottleneck_7x7_goal40_r2,greedy,adjacent
corrected_reduced_board_bottleneck_7x7_goal40_r2,random,adjacent
corrected_reduced_board_bottleneck_7x7_goal40_r2,greedy,net
corrected_reduced_board_bottleneck_7x7_goal40_r2,greedy,net
corrected_reduced_board_bottleneck_7x7_goal40_r2,greedy,net
corrected_reduced_board_bottleneck_7x7_goal40_r2,greedy,net
corrected_reduced_board_bottleneck_7x7_goal40_r2,greedy,net
corrected_reduced_board_bottleneck_7x7_goal40_r2,random,adjacent
corrected_reduced_board_bottleneck_7x7_goal40_r2,greedy,net
corrected_reduced_board_bottleneck_7x7_goal40_r2,greedy,adjacent
corrected_reduced_board_bottleneck_7x7_goal40_r2,greedy,net
corrected_reduced_board_bottleneck_7x7_goal40_r2,greedy,adjacent
corrected_reduced_board_bottleneck_7x7_goal40_r2,greedy,adjacent
corrected_reduced_board_bottleneck_7x7_goal40_r2,greedy,adjacent
corrected_reduced_board_bottleneck_7x7_goal40_r2,greedy,net
corrected_reduced_board_bottleneck_7x7_goal40_r2,greedy,net
corrected_reduced_board_bottleneck_7x7_goal40_r2,greedy,net
corrected_reduced_board_bottleneck_7x7_goal40_r2,greedy,adjacent
corrected_reduced_board_bottleneck_7x7_goal40_r2,greedy,adjacent
corrected_reduced_board_bottleneck_7x7_goal40_r2,greedy,adjacent
corrected_reduced_board_bottleneck_7x7_goal40_r2,rule,adjacent
corrected_reduced_board_bottleneck_7x7_goal40_r2,greedy,adjacent
corrected_reduced_board_bottleneck_7x7_goal40_r2,greedy,adjacent
corrected_reduced_board_bottleneck_7x7_goal40_r2,rule,adjacent
corrected_reduced_board_bottleneck_7x7_goal40_r2,rule,adjacent
corrected_reduced_board_bottleneck_7x7_goal40_r2,expectimax_d2,net
corrected_reduced_board_bottleneck_7x7_goal40_r2,mcts,net
corrected_reduced_board_bottleneck_7x7_goal40_r2,mcts,adjacent
corrected_reduced_board_bottleneck_7x7_goal40_r2,mcts,adjacent
corrected_reduced_board_bottleneck_7x7_goal40_r2,mcts,adjacent
corrected_reduced_board_bottleneck_7x7_goal40_r2,expectimax_d2,net
corrected_reduced_board_bottleneck_7x7_goal40_r2,expectimax_d2,net
corrected_reduced_board_bottleneck_7x7_goal40_r2,expectimax_d2,net
corrected_reduced_board_bottleneck_7x7_goal40_r2,expectimax_d2,adjacent
corrected_reduced_board_bottleneck_7x7_goal40_r2,mcts,adjacent
corrected_reduced_board_bottleneck_7x7_goal40_r2,mcts,adjacent
corrected_reduced_board_bottleneck_7x7_goal40_r2,expectimax_d2,adjacent
corrected_reduced_board_bottleneck_7x7_goal40_r2,mcts,adjacent
corrected_reduced_board_bottleneck_7x7_goal40_r2,expectimax_d2,adjacent
corrected_reduced_board_bottleneck_7x7_goal40_r2,expectimax_d2,net
corrected_reduced_board_bottleneck_7x7_goal40_r2,mcts,adjacent
corrected_reduced_board_bottleneck_7x7_goal40_r2,mcts,net
corrected_reduced_board_bottleneck_7x7_goal40_r2,mcts,net
corrected_reduced_board_bottleneck_7x7_goal40_r2,expectimax_d3,net
corrected_reduced_board_bottleneck_7x7_goal40_r2,mcts,net
corrected_reduced_board_bottleneck_7x7_goal40_r2,mcts,adjacent
corrected_reduced_board_bottleneck_7x7_goal40_r2,mcts,adjacent
corrected_reduced_board_bottleneck_7x7_goal40_r2,expectimax_d3,adjacent
corrected_reduced_board_bottleneck_7x7_goal40_r2,mcts,adjacent
corrected_reduced_board_bottleneck_7x7_goal40_r2,mcts,adjacent
corrected_reduced_board_bottleneck_7x7_goal40_r2,expectimax_d3,net
corrected_reduced_board_bottleneck_7x7_goal40_r2,expectimax_d3,net
corrected_reduced_board_bottleneck_7x7_goal40_r2,expectimax_d3,net
corrected_reduced_board_bottleneck_7x7_goal40_r2,expectimax_d3,adjacent
corrected_reduced_board_bottleneck_7x7_goal40_r2,mcts,net
corrected_reduced_board_bottleneck_7x7_goal40_r2,expectimax_d3,net
corrected_reduced_board_bottleneck_7x7_goal40_r2,mcts,net
corrected_reduced_board_bottleneck_7x7_goal40_r2,expectimax_d3,adjacent
corrected_reduced_board_bottleneck_7x7_goal40_r2,expectimax_d3,adjacent
corrected_reduced_board_bottleneck_7x7_goal40_r2,expectimax_d3,adjacent
corrected_reduced_board_bottleneck_7x7_goal40_r2,expectimax_d3,adjacent
corrected_reduced_board_bottleneck_7x7_goal40_r2,mcts,adjacent
corrected_reduced_board_bottleneck_7x7_goal40_r2,greedy,net
corrected_reduced_board_bottleneck_7x7_goal40_r2,mcts,adjacent
corrected_reduced_board_bottleneck_7x7_goal40_r2,mcts,adjacent
corrected_reduced_board_bottleneck_7x7_goal40_r2,greedy,adjacent
corrected_reduced_board_bottleneck_7x7_goal40_r2,mcts,adjacent
corrected_reduced_board_bottleneck_7x7_goal40_r2,greedy,net
corrected_reduced_board_bottleneck_7x7_goal40_r2,greedy,net
corrected_reduced_board_bottleneck_7x7_goal40_r2,greedy,adjacent
corrected_reduced_board_bottleneck_7x7_goal40_r2,mcts,adjacent
corrected_reduced_board_bottleneck_7x7_goal40_r2,greedy,adjacent
corrected_reduced_board_bottleneck_7x7_goal40_r2,mcts,adjacent
corrected_reduced_board_bottleneck_7x7_goal40_r2,greedy,adjacent
corrected_reduced_board_bottleneck_7x7_goal40_r2,greedy,adjacent
corrected_reduced_board_bottleneck_7x7_goal40_r2,greedy,adjacent
corrected_reduced_board_bottleneck_7x7_goal40_r2,mcts,adjacent
corrected_reduced_board_bottleneck_7x7_goal40_r2,mcts,adjacent
corrected_reduced_board_bottleneck_7x7_goal40_r2,mcts,adjacent
corrected_reduced_board_bottleneck_7x7_goal40_r2,mcts,net
corrected_reduced_board_bottleneck_7x7_goal40_r2,random,adjacent
corrected_reduced_board_bottleneck_7x7_goal40_r2,mcts,adjacent
corrected_reduced_board_bottleneck_7x7_goal40_r2,mcts,adjacent
corrected_reduced_board_bottleneck_7x7_goal40_r2,mcts,net
corrected_reduced_board_bottleneck_7x7_goal40_r2,random,adjacent
corrected_reduced_board_bottleneck_7x7_goal40_r2,random,adjacent
corrected_reduced_board_bottleneck_7x7_goal40_r2,mcts,adjacent
corrected_reduced_board_bottleneck_7x7_goal40_r2,rule,adjacent
corrected_reduced_board_bottleneck_7x7_goal40_r2,mcts,adjacent
corrected_reduced_board_bottleneck_7x7_goal40_r2,mcts,adjacent
corrected_reduced_board_bottleneck_7x7_goal40_r2,mcts,adjacent
corrected_reduced_board_bottleneck_7x7_goal40_r2,rule,adjacent
corrected_reduced_board_bottleneck_7x7_goal40_r2,rule,adjacent
corrected_reduced_board_bottleneck_7x7_goal40_r2,rule,adjacent
corrected_reduced_board_bottleneck_7x7_goal40_r2,mcts,adjacent
corrected_reduced_board_bottleneck_7x7_goal40_r2,mcts,adjacent
corrected_reduced_board_bottleneck_7x7_goal40_r2,mcts,net
corrected_reduced_board_bottleneck_7x7_goal40_r2,mcts,adjacent
corrected_reduced_board_bottleneck_7x7_goal40_r2,mcts,adjacent
corrected_reduced_board_bottleneck_7x7_goal40_r2,rule,adjacent
corrected_reduced_board_bottleneck_7x7_goal40_r2,rule,adjacent
corrected_reduced_board_bottleneck_7x7_goal40_r2,mcts,adjacent
corrected_reduced_board_bottleneck_7x7_goal40_r2,expectimax_d2,net
corrected_reduced_board_bottleneck_7x7_goal40_r2,expectimax_d2,net
corrected_reduced_board_bottleneck_7x7_goal40_r2,expectimax_d2,adjacent
corrected_reduced_board_bottleneck_7x7_goal40_r2,expectimax_d2,adjacent
corrected_reduced_board_bottleneck_7x7_goal40_r2,expectimax_d2,adjacent
corrected_reduced_board_bottleneck_7x7_goal40_r2,expectimax_d2,net
corrected_reduced_board_bottleneck_7x7_goal40_r2,expectimax_d2,adjacent
corrected_reduced_board_bottleneck_7x7_goal40_r2,expectimax_d2,adjacent
corrected_reduced_board_bottleneck_7x7_goal40_r2,expectimax_d2,net
corrected_reduced_board_bottleneck_7x7_goal40_r2,expectimax_d3,net
corrected_reduced_board_bottleneck_7x7_goal40_r2,expectimax_d3,net
corrected_reduced_board_bottleneck_7x7_goal40_r2,expectimax_d3,adjacent
corrected_reduced_board_bottleneck_7x7_goal40_r2,expectimax_d3,adjacent
corrected_reduced_board_bottleneck_7x7_goal40_r2,expectimax_d3,adjacent
corrected_reduced_board_bottleneck_7x7_goal40_r2,expectimax_d3,net
corrected_reduced_board_bottleneck_7x7_goal40_r2,expectimax_d3,net
corrected_reduced_board_bottleneck_7x7_goal40_r2,expectimax_d3,net
corrected_reduced_board_bottleneck_7x7_goal40_r2,expectimax_d3,adjacent
corrected_reduced_board_bottleneck_7x7_goal40_r2,expectimax_d3,adjacent
corrected_reduced_board_bottleneck_7x7_goal40_r2,expectimax_d3,net
corrected_reduced_board_bottleneck_7x7_goal40_r2,expectimax_d3,net
corrected_reduced_board_bottleneck_7x7_goal40_r2,expectimax_d3,net
corrected_reduced_board_bottleneck_7x7_goal40_r2,greedy,net
corrected_reduced_board_bottleneck_7x7_goal40_r2,greedy,adjacent
corrected_reduced_board_bottleneck_7x7_goal40_r2,greedy,adjacent
corrected_reduced_board_bottleneck_7x7_goal40_r2,greedy,adjacent
corrected_reduced_board_bottleneck_7x7_goal40_r2,greedy,adjacent
corrected_reduced_board_bottleneck_7x7_goal40_r2,greedy,adjacent
corrected_reduced_board_bottleneck_7x7_goal40_r2,greedy,adjacent
corrected_reduced_board_bottleneck_7x7_goal40_r2,greedy,adjacent
corrected_reduced_board_bottleneck_7x7_goal40_r2,greedy,net
corrected_reduced_board_bottleneck_7x7_goal40_r2,mcts,adjacent
corrected_reduced_board_bottleneck_7x7_goal40_r2,mcts,net
corrected_reduced_board_bottleneck_7x7_goal40_r2,mcts,adjacent
corrected_reduced_board_bottleneck_7x7_goal40_r2,mcts,adjacent
corrected_reduced_board_bottleneck_7x7_goal40_r2,mcts,adjacent
corrected_reduced_board_bottleneck_7x7_goal40_r2,mcts,adjacent
corrected_reduced_board_bottleneck_7x7_goal40_r2,mcts,adjacent
corrected_reduced_board_bottleneck_7x7_goal40_r2,mcts,net
corrected_reduced_board_bottleneck_7x7_goal40_r2,rule,adjacent
corrected_reduced_board_bottleneck_7x7_goal40_r2,rule,adjacent
corrected_reduced_board_bottleneck_7x7_goal40_r2,rule,adjacent
corrected_reduced_board_bottleneck_7x7_goal40_r2,rule,net
corrected_reduced_board_bottleneck_7x7_goal40_r2,rule,adjacent
corrected_reduced_board_bottleneck_7x7_goal40_r2,rule,adjacent
corrected_reduced_board_bottleneck_7x7_goal40_r2,rule,adjacent
corrected_reduced_board_bottleneck_7x7_goal40_r2,rule,adjacent
corrected_reduced_board_bottleneck_7x7_goal40_r2,rule,adjacent
corrected_reduced_board_bottleneck_7x7_goal40_r2,rule,adjacent
corrected_reduced_board_bottleneck_7x7_goal40_r2,expectimax_d2,net
corrected_reduced_board_bottleneck_7x7_goal40_r2,expectimax_d2,net
corrected_reduced_board_bottleneck_7x7_goal40_r2,expectimax_d2,net
corrected_reduced_board_bottleneck_7x7_goal40_r2,rule,adjacent
corrected_reduced_board_bottleneck_7x7_goal40_r2,rule,adjacent
corrected_reduced_board_bottleneck_7x7_goal40_r2,expectimax_d2,adjacent
corrected_reduced_board_bottleneck_7x7_goal40_r2,expectimax_d2,adjacent
corrected_reduced_board_bottleneck_7x7_goal40_r2,expectimax_d2,adjacent
corrected_reduced_board_bottleneck_7x7_goal40_r2,expectimax_d2,adjacent
corrected_reduced_board_bottleneck_7x7_goal40_r2,expectimax_d2,net
corrected_reduced_board_bottleneck_7x7_goal40_r2,expectimax_d2,net
corrected_reduced_board_bottleneck_7x7_goal40_r2,rule,adjacent
corrected_reduced_board_bottleneck_7x7_goal40_r2,rule,adjacent
corrected_reduced_board_bottleneck_7x7_goal40_r2,expectimax_d2,adjacent
corrected_reduced_board_bottleneck_7x7_goal40_r2,rule,adjacent
corrected_reduced_board_bottleneck_7x7_goal40_r2,expectimax_d2,net
corrected_reduced_board_bottleneck_7x7_goal40_r2,rule,adjacent
corrected_reduced_board_bottleneck_7x7_goal40_r2,expectimax_d3,net
corrected_reduced_board_bottleneck_7x7_goal40_r2,expectimax_d3,net
corrected_reduced_board_bottleneck_7x7_goal40_r2,expectimax_d3,net
corrected_reduced_board_bottleneck_7x7_goal40_r2,rule,adjacent
corrected_reduced_board_bottleneck_7x7_goal40_r2,expectimax_d3,adjacent
corrected_reduced_board_bottleneck_7x7_goal40_r2,expectimax_d3,adjacent
corrected_reduced_board_bottleneck_7x7_goal40_r2,expectimax_d3,adjacent
corrected_reduced_board_bottleneck_7x7_goal40_r2,expectimax_d3,adjacent
corrected_reduced_board_bottleneck_7x7_goal40_r2,expectimax_d3,adjacent
corrected_reduced_board_bottleneck_7x7_goal40_r2,expectimax_d3,adjacent
corrected_reduced_board_bottleneck_7x7_goal40_r2,expectimax_d3,net
corrected_reduced_board_bottleneck_7x7_goal40_r2,expectimax_d3,net
corrected_reduced_board_bottleneck_7x7_goal40_r2,rule,adjacent
corrected_reduced_board_bottleneck_7x7_goal40_r2,expectimax_d3,adjacent
corrected_reduced_board_bottleneck_7x7_goal40_r2,expectimax_d3,net
corrected_reduced_board_bottleneck_7x7_goal40_r2,expectimax_d3,adjacent
corrected_reduced_board_bottleneck_7x7_goal40_r2,rule,adjacent
corrected_reduced_board_bottleneck_7x7_goal40_r2,greedy,net
corrected_reduced_board_bottleneck_7x7_goal40_r2,greedy,net
corrected_reduced_board_bottleneck_7x7_goal40_r2,rule,adjacent
corrected_reduced_board_bottleneck_7x7_goal40_r2,greedy,adjacent
corrected_reduced_board_bottleneck_7x7_goal40_r2,rule,adjacent
corrected_reduced_board_bottleneck_7x7_goal40_r2,greedy,adjacent
corrected_reduced_board_bottleneck_7x7_goal40_r2,greedy,adjacent
corrected_reduced_board_bottleneck_7x7_goal40_r2,rule,adjacent
corrected_reduced_board_bottleneck_7x7_goal40_r2,rule,adjacent
corrected_reduced_board_bottleneck_7x7_goal40_r2,greedy,adjacent
corrected_reduced_board_bottleneck_7x7_goal40_r2,rule,adjacent
corrected_reduced_board_bottleneck_7x7_goal40_r2,greedy,adjacent
corrected_reduced_board_bottleneck_7x7_goal40_r2,greedy,net
corrected_reduced_board_bottleneck_7x7_goal40_r2,greedy,adjacent
corrected_reduced_board_bottleneck_7x7_goal40_r2,rule,adjacent
corrected_reduced_board_bottleneck_7x7_goal40_r2,mcts,net
corrected_reduced_board_bottleneck_7x7_goal40_r2,mcts,net
corrected_reduced_board_bottleneck_7x7_goal40_r2,rule,net
corrected_reduced_board_bottleneck_7x7_goal40_r2,rule,adjacent
corrected_reduced_board_bottleneck_7x7_goal40_r2,rule,adjacent
corrected_reduced_board_bottleneck_7x7_goal40_r2,rule,adjacent
corrected_reduced_board_bottleneck_7x7_goal40_r2,rule,adjacent
corrected_reduced_board_bottleneck_7x7_goal40_r2,mcts,adjacent
corrected_reduced_board_bottleneck_7x7_goal40_r2,mcts,adjacent
corrected_reduced_board_bottleneck_7x7_goal40_r2,rule,adjacent
corrected_reduced_board_bottleneck_7x7_goal40_r2,rule,adjacent
corrected_reduced_board_bottleneck_7x7_goal40_r2,mcts,adjacent
corrected_reduced_board_bottleneck_7x7_goal40_r2,rule,adjacent
corrected_reduced_board_bottleneck_7x7_goal40_r2,mcts,adjacent
corrected_reduced_board_bottleneck_7x7_goal40_r2,mcts,adjacent
corrected_reduced_board_bottleneck_7x7_goal40_r2,rule,adjacent
corrected_reduced_board_bottleneck_7x7_goal40_r2,rule,adjacent
corrected_reduced_board_bottleneck_7x7_goal40_r2,random,adjacent
corrected_reduced_board_bottleneck_7x7_goal40_r2,rule,adjacent
corrected_reduced_board_bottleneck_7x7_goal40_r2,rule,net
corrected_reduced_board_bottleneck_7x7_goal40_r2,random,adjacent
corrected_reduced_board_bottleneck_7x7_goal40_r2,rule,adjacent
corrected_reduced_board_bottleneck_7x7_goal40_r2,random,adjacent
corrected_reduced_board_bottleneck_7x7_goal40_r2,rule,adjacent
corrected_reduced_board_bottleneck_7x7_goal40_r2,rule,adjacent
corrected_reduced_board_bottleneck_7x7_goal40_r2,rule,adjacent
corrected_reduced_board_bottleneck_7x7_goal40_r2,rule,adjacent
corrected_reduced_board_bottleneck_7x7_goal40_r2,rule,adjacent
corrected_reduced_board_inner_ring_center_7x7_fixed_r2,expectimax_d3,adjacent
corrected_reduced_board_inner_ring_center_7x7_fixed_r2,expectimax_d2,net
corrected_reduced_board_inner_ring_center_7x7_fixed_r2,expectimax_d2,adjacent
corrected_reduced_board_inner_ring_center_7x7_fixed_r2,expectimax_d3,adjacent
corrected_reduced_board_inner_ring_center_7x7_fixed_r2,expectimax_d3,adjacent
corrected_reduced_board_inner_ring_center_7x7_fixed_r2,expectimax_d3,adjacent
corrected_reduced_board_inner_ring_center_7x7_fixed_r2,expectimax_d2,adjacent
corrected_reduced_board_inner_ring_center_7x7_fixed_r2,expectimax_d3,adjacent
corrected_reduced_board_inner_ring_center_7x7_fixed_r2,expectimax_d3,adjacent
corrected_reduced_board_inner_ring_center_7x7_fixed_r2,expectimax_d3,adjacent
corrected_reduced_board_inner_ring_center_7x7_fixed_r2,expectimax_d2,adjacent
corrected_reduced_board_inner_ring_center_7x7_fixed_r2,expectimax_d3,adjacent
corrected_reduced_board_inner_ring_center_7x7_fixed_r2,expectimax_d2,adjacent
corrected_reduced_board_inner_ring_center_7x7_fixed_r2,expectimax_d2,adjacent
corrected_reduced_board_inner_ring_center_7x7_fixed_r2,expectimax_d3,adjacent
corrected_reduced_board_inner_ring_center_7x7_fixed_r2,expectimax_d3,adjacent
corrected_reduced_board_inner_ring_center_7x7_fixed_r2,expectimax_d2,adjacent
corrected_reduced_board_inner_ring_center_7x7_fixed_r2,expectimax_d3,adjacent
corrected_reduced_board_inner_ring_center_7x7_fixed_r2,expectimax_d2,adjacent
corrected_reduced_board_inner_ring_center_7x7_fixed_r2,expectimax_d2,adjacent
corrected_reduced_board_inner_ring_center_7x7_fixed_r2,expectimax_d2,adjacent
corrected_reduced_board_inner_ring_center_7x7_fixed_r2,expectimax_d3,adjacent
corrected_reduced_board_inner_ring_center_7x7_fixed_r2,expectimax_d3,adjacent
corrected_reduced_board_inner_ring_center_7x7_fixed_r2,expectimax_d3,adjacent
corrected_reduced_board_inner_ring_center_7x7_fixed_r2,expectimax_d3,adjacent
corrected_reduced_board_inner_ring_center_7x7_fixed_r2,expectimax_d3,adjacent
corrected_reduced_board_inner_ring_center_7x7_fixed_r2,greedy,adjacent
corrected_reduced_board_inner_ring_center_7x7_fixed_r2,expectimax_d2,net
corrected_reduced_board_inner_ring_center_7x7_fixed_r2,expectimax_d2,net
corrected_reduced_board_inner_ring_center_7x7_fixed_r2,expectimax_d2,net
corrected_reduced_board_inner_ring_center_7x7_fixed_r2,greedy,adjacent
corrected_reduced_board_inner_ring_center_7x7_fixed_r2,greedy,adjacent
corrected_reduced_board_inner_ring_center_7x7_fixed_r2,greedy,adjacent
corrected_reduced_board_inner_ring_center_7x7_fixed_r2,greedy,adjacent
corrected_reduced_board_inner_ring_center_7x7_fixed_r2,expectimax_d2,adjacent
corrected_reduced_board_inner_ring_center_7x7_fixed_r2,expectimax_d2,adjacent
corrected_reduced_board_inner_ring_center_7x7_fixed_r2,expectimax_d2,adjacent
corrected_reduced_board_inner_ring_center_7x7_fixed_r2,greedy,adjacent
corrected_reduced_board_inner_ring_center_7x7_fixed_r2,expectimax_d2,adjacent
corrected_reduced_board_inner_ring_center_7x7_fixed_r2,expectimax_d2,adjacent
corrected_reduced_board_inner_ring_center_7x7_fixed_r2,expectimax_d2,adjacent
corrected_reduced_board_inner_ring_center_7x7_fixed_r2,expectimax_d2,adjacent
corrected_reduced_board_inner_ring_center_7x7_fixed_r2,greedy,adjacent
corrected_reduced_board_inner_ring_center_7x7_fixed_r2,expectimax_d2,adjacent
corrected_reduced_board_inner_ring_center_7x7_fixed_r2,expectimax_d2,adjacent
corrected_reduced_board_inner_ring_center_7x7_fixed_r2,greedy,adjacent
corrected_reduced_board_inner_ring_center_7x7_fixed_r2,expectimax_d2,adjacent
corrected_reduced_board_inner_ring_center_7x7_fixed_r2,greedy,adjacent
corrected_reduced_board_inner_ring_center_7x7_fixed_r2,expectimax_d2,adjacent
corrected_reduced_board_inner_ring_center_7x7_fixed_r2,greedy,adjacent
corrected_reduced_board_inner_ring_center_7x7_fixed_r2,expectimax_d2,adjacent
corrected_reduced_board_inner_ring_center_7x7_fixed_r2,expectimax_d2,adjacent
corrected_reduced_board_inner_ring_center_7x7_fixed_r2,greedy,adjacent
corrected_reduced_board_inner_ring_center_7x7_fixed_r2,expectimax_d2,net
corrected_reduced_board_inner_ring_center_7x7_fixed_r2,expectimax_d2,adjacent
corrected_reduced_board_inner_ring_center_7x7_fixed_r2,mcts,adjacent
corrected_reduced_board_inner_ring_center_7x7_fixed_r2,mcts,adjacent
corrected_reduced_board_inner_ring_center_7x7_fixed_r2,expectimax_d2,adjacent
corrected_reduced_board_inner_ring_center_7x7_fixed_r2,expectimax_d2,adjacent
corrected_reduced_board_inner_ring_center_7x7_fixed_r2,expectimax_d2,adjacent
corrected_reduced_board_inner_ring_center_7x7_fixed_r2,mcts,adjacent
corrected_reduced_board_inner_ring_center_7x7_fixed_r2,expectimax_d2,adjacent
corrected_reduced_board_inner_ring_center_7x7_fixed_r2,mcts,adjacent
corrected_reduced_board_inner_ring_center_7x7_fixed_r2,expectimax_d2,net
corrected_reduced_board_inner_ring_center_7x7_fixed_r2,expectimax_d2,adjacent
corrected_reduced_board_inner_ring_center_7x7_fixed_r2,expectimax_d2,adjacent
corrected_reduced_board_inner_ring_center_7x7_fixed_r2,mcts,adjacent
corrected_reduced_board_inner_ring_center_7x7_fixed_r2,expectimax_d2,adjacent
corrected_reduced_board_inner_ring_center_7x7_fixed_r2,expectimax_d2,net
corrected_reduced_board_inner_ring_center_7x7_fixed_r2,expectimax_d2,adjacent
corrected_reduced_board_inner_ring_center_7x7_fixed_r2,mcts,adjacent
corrected_reduced_board_inner_ring_center_7x7_fixed_r2,mcts,adjacent
corrected_reduced_board_inner_ring_center_7x7_fixed_r2,expectimax_d2,adjacent
corrected_reduced_board_inner_ring_center_7x7_fixed_r2,expectimax_d2,adjacent
corrected_reduced_board_inner_ring_center_7x7_fixed_r2,expectimax_d2,adjacent
corrected_reduced_board_inner_ring_center_7x7_fixed_r2,expectimax_d2,adjacent
corrected_reduced_board_inner_ring_center_7x7_fixed_r2,expectimax_d2,net
corrected_reduced_board_inner_ring_center_7x7_fixed_r2,expectimax_d2,adjacent
corrected_reduced_board_inner_ring_center_7x7_fixed_r2,expectimax_d2,adjacent
corrected_reduced_board_inner_ring_center_7x7_fixed_r2,expectimax_d2,net
corrected_reduced_board_inner_ring_center_7x7_fixed_r2,expectimax_d2,adjacent
corrected_reduced_board_inner_ring_center_7x7_fixed_r2,expectimax_d2,adjacent
corrected_reduced_board_inner_ring_center_7x7_fixed_r2,expectimax_d2,adjacent
corrected_reduced_board_inner_ring_center_7x7_fixed_r2,expectimax_d2,adjacent
corrected_reduced_board_inner_ring_center_7x7_fixed_r2,expectimax_d2,adjacent
corrected_reduced_board_inner_ring_center_7x7_fixed_r2,expectimax_d2,adjacent
corrected_reduced_board_inner_ring_center_7x7_fixed_r2,random,adjacent
corrected_reduced_board_inner_ring_center_7x7_fixed_r2,expectimax_d2,adjacent
corrected_reduced_board_inner_ring_center_7x7_fixed_r2,expectimax_d2,net
corrected_reduced_board_inner_ring_center_7x7_fixed_r2,expectimax_d2,adjacent
corrected_reduced_board_inner_ring_center_7x7_fixed_r2,expectimax_d2,net
corrected_reduced_board_inner_ring_center_7x7_fixed_r2,expectimax_d2,adjacent
corrected_reduced_board_inner_ring_center_7x7_fixed_r2,expectimax_d2,net
corrected_reduced_board_inner_ring_center_7x7_fixed_r2,expectimax_d2,adjacent
corrected_reduced_board_inner_ring_center_7x7_fixed_r2,expectimax_d2,net
corrected_reduced_board_inner_ring_center_7x7_fixed_r2,expectimax_d2,adjacent
corrected_reduced_board_inner_ring_center_7x7_fixed_r2,expectimax_d2,net
corrected_reduced_board_inner_ring_center_7x7_fixed_r2,expectimax_d2,net
corrected_reduced_board_inner_ring_center_7x7_fixed_r2,expectimax_d2,adjacent
corrected_reduced_board_inner_ring_center_7x7_fixed_r2,expectimax_d2,adjacent
corrected_reduced_board_inner_ring_center_7x7_fixed_r2,random,adjacent
corrected_reduced_board_inner_ring_center_7x7_fixed_r2,random,adjacent
corrected_reduced_board_inner_ring_center_7x7_fixed_r2,expectimax_d2,adjacent
corrected_reduced_board_inner_ring_center_7x7_fixed_r2,rule,adjacent
corrected_reduced_board_inner_ring_center_7x7_fixed_r2,rule,adjacent
corrected_reduced_board_inner_ring_center_7x7_fixed_r2,rule,adjacent
corrected_reduced_board_inner_ring_center_7x7_fixed_r2,rule,adjacent
corrected_reduced_board_inner_ring_center_7x7_fixed_r2,expectimax_d2,adjacent
corrected_reduced_board_inner_ring_center_7x7_fixed_r2,rule,adjacent
corrected_reduced_board_inner_ring_center_7x7_fixed_r2,expectimax_d2,adjacent
corrected_reduced_board_inner_ring_center_7x7_fixed_r2,rule,adjacent
corrected_reduced_board_inner_ring_center_7x7_fixed_r2,expectimax_d2,adjacent
corrected_reduced_board_inner_ring_center_7x7_fixed_r2,expectimax_d2,adjacent
corrected_reduced_board_inner_ring_center_7x7_fixed_r2,rule,adjacent
corrected_reduced_board_inner_ring_center_7x7_fixed_r2,expectimax_d2,adjacent
corrected_reduced_board_inner_ring_center_7x7_fixed_r2,expectimax_d2,adjacent
corrected_reduced_board_inner_ring_center_7x7_fixed_r2,rule,adjacent
corrected_reduced_board_inner_ring_center_7x7_fixed_r2,expectimax_d2,adjacent
corrected_reduced_board_inner_ring_center_7x7_fixed_r2,expectimax_d2,adjacent
corrected_reduced_board_inner_ring_center_7x7_fixed_r2,rule,adjacent
corrected_reduced_board_inner_ring_center_7x7_fixed_r2,expectimax_d2,adjacent
corrected_reduced_board_inner_ring_center_7x7_fixed_r2,expectimax_d2,adjacent
corrected_reduced_board_inner_ring_center_7x7_fixed_r2,expectimax_d2,adjacent
corrected_reduced_board_inner_ring_center_7x7_fixed_r2,rule,adjacent
corrected_reduced_board_inner_ring_center_7x7_fixed_r2,rule,adjacent
corrected_reduced_board_inner_ring_center_7x7_fixed_r2,rule,adjacent
corrected_reduced_board_inner_ring_center_7x7_fixed_r2,rule,adjacent
corrected_reduced_board_inner_ring_center_7x7_fixed_r2,expectimax_d2,adjacent
corrected_reduced_board_inner_ring_center_7x7_fixed_r2,expectimax_d3,net
corrected_reduced_board_inner_ring_center_7x7_fixed_r2,expectimax_d3,adjacent
corrected_reduced_board_inner_ring_center_7x7_fixed_r2,expectimax_d3,adjacent
corrected_reduced_board_inner_ring_center_7x7_fixed_r2,expectimax_d2,adjacent
corrected_reduced_board_inner_ring_center_7x7_fixed_r2,expectimax_d2,adjacent
corrected_reduced_board_inner_ring_center_7x7_fixed_r2,expectimax_d2,adjacent
corrected_reduced_board_inner_ring_center_7x7_fixed_r2,expectimax_d3,adjacent
corrected_reduced_board_inner_ring_center_7x7_fixed_r2,expectimax_d3,adjacent
corrected_reduced_board_inner_ring_center_7x7_fixed_r2,expectimax_d2,adjacent
corrected_reduced_board_inner_ring_center_7x7_fixed_r2,expectimax_d3,adjacent
corrected_reduced_board_inner_ring_center_7x7_fixed_r2,expectimax_d2,adjacent
corrected_reduced_board_inner_ring_center_7x7_fixed_r2,expectimax_d3,adjacent
corrected_reduced_board_inner_ring_center_7x7_fixed_r2,expectimax_d3,adjacent
corrected_reduced_board_inner_ring_center_7x7_fixed_r2,expectimax_d3,adjacent
corrected_reduced_board_inner_ring_center_7x7_fixed_r2,expectimax_d2,adjacent
corrected_reduced_board_inner_ring_center_7x7_fixed_r2,expectimax_d3,adjacent
corrected_reduced_board_inner_ring_center_7x7_fixed_r2,expectimax_d3,adjacent
corrected_reduced_board_inner_ring_center_7x7_fixed_r2,expectimax_d3,adjacent
corrected_reduced_board_inner_ring_center_7x7_fixed_r2,expectimax_d2,adjacent
corrected_reduced_board_inner_ring_center_7x7_fixed_r2,expectimax_d3,adjacent
corrected_reduced_board_inner_ring_center_7x7_fixed_r2,expectimax_d2,adjacent
corrected_reduced_board_inner_ring_center_7x7_fixed_r2,expectimax_d2,adjacent
corrected_reduced_board_inner_ring_center_7x7_fixed_r2,expectimax_d2,adjacent
corrected_reduced_board_inner_ring_center_7x7_fixed_r2,expectimax_d3,adjacent
corrected_reduced_board_inner_ring_center_7x7_fixed_r2,expectimax_d3,adjacent
corrected_reduced_board_inner_ring_center_7x7_fixed_r2,expectimax_d2,adjacent
corrected_reduced_board_inner_ring_center_7x7_fixed_r2,greedy,adjacent
corrected_reduced_board_inner_ring_center_7x7_fixed_r2,expectimax_d3,net
corrected_reduced_board_inner_ring_center_7x7_fixed_r2,expectimax_d3,net
corrected_reduced_board_inner_ring_center_7x7_fixed_r2,expectimax_d3,net
corrected_reduced_board_inner_ring_center_7x7_fixed_r2,greedy,adjacent
corrected_reduced_board_inner_ring_center_7x7_fixed_r2,greedy,adjacent
corrected_reduced_board_inner_ring_center_7x7_fixed_r2,greedy,adjacent
corrected_reduced_board_inner_ring_center_7x7_fixed_r2,greedy,adjacent
corrected_reduced_board_inner_ring_center_7x7_fixed_r2,expectimax_d3,adjacent
corrected_reduced_board_inner_ring_center_7x7_fixed_r2,greedy,adjacent
corrected_reduced_board_inner_ring_center_7x7_fixed_r2,expectimax_d3,adjacent
corrected_reduced_board_inner_ring_center_7x7_fixed_r2,greedy,adjacent
corrected_reduced_board_inner_ring_center_7x7_fixed_r2,expectimax_d3,adjacent
corrected_reduced_board_inner_ring_center_7x7_fixed_r2,expectimax_d3,adjacent
corrected_reduced_board_inner_ring_center_7x7_fixed_r2,greedy,net
corrected_reduced_board_inner_ring_center_7x7_fixed_r2,greedy,adjacent
corrected_reduced_board_inner_ring_center_7x7_fixed_r2,greedy,adjacent
corrected_reduced_board_inner_ring_center_7x7_fixed_r2,expectimax_d3,adjacent
corrected_reduced_board_inner_ring_center_7x7_fixed_r2,expectimax_d3,adjacent
corrected_reduced_board_inner_ring_center_7x7_fixed_r2,expectimax_d3,adjacent
corrected_reduced_board_inner_ring_center_7x7_fixed_r2,expectimax_d3,adjacent
corrected_reduced_board_inner_ring_center_7x7_fixed_r2,greedy,adjacent
corrected_reduced_board_inner_ring_center_7x7_fixed_r2,greedy,adjacent
corrected_reduced_board_inner_ring_center_7x7_fixed_r2,greedy,adjacent
corrected_reduced_board_inner_ring_center_7x7_fixed_r2,greedy,adjacent
corrected_reduced_board_inner_ring_center_7x7_fixed_r2,expectimax_d3,adjacent
corrected_reduced_board_inner_ring_center_7x7_fixed_r2,expectimax_d3,net
corrected_reduced_board_inner_ring_center_7x7_fixed_r2,expectimax_d3,net
corrected_reduced_board_inner_ring_center_7x7_fixed_r2,expectimax_d3,adjacent
corrected_reduced_board_inner_ring_center_7x7_fixed_r2,expectimax_d3,adjacent
corrected_reduced_board_inner_ring_center_7x7_fixed_r2,expectimax_d3,adjacent
corrected_reduced_board_inner_ring_center_7x7_fixed_r2,expectimax_d3,adjacent
corrected_reduced_board_inner_ring_center_7x7_fixed_r2,mcts,adjacent
corrected_reduced_board_inner_ring_center_7x7_fixed_r2,expectimax_d3,adjacent
corrected_reduced_board_inner_ring_center_7x7_fixed_r2,expectimax_d3,adjacent
corrected_reduced_board_inner_ring_center_7x7_fixed_r2,mcts,adjacent
corrected_reduced_board_inner_ring_center_7x7_fixed_r2,mcts,adjacent
corrected_reduced_board_inner_ring_center_7x7_fixed_r2,mcts,net
corrected_reduced_board_inner_ring_center_7x7_fixed_r2,mcts,adjacent
corrected_reduced_board_inner_ring_center_7x7_fixed_r2,expectimax_d3,adjacent
corrected_reduced_board_inner_ring_center_7x7_fixed_r2,expectimax_d3,net
corrected_reduced_board_inner_ring_center_7x7_fixed_r2,mcts,adjacent
corrected_reduced_board_inner_ring_center_7x7_fixed_r2,mcts,adjacent
corrected_reduced_board_inner_ring_center_7x7_fixed_r2,expectimax_d3,net
corrected_reduced_board_inner_ring_center_7x7_fixed_r2,expectimax_d3,adjacent
corrected_reduced_board_inner_ring_center_7x7_fixed_r2,expectimax_d3,adjacent
corrected_reduced_board_inner_ring_center_7x7_fixed_r2,expectimax_d3,adjacent
corrected_reduced_board_inner_ring_center_7x7_fixed_r2,expectimax_d3,adjacent
corrected_reduced_board_inner_ring_center_7x7_fixed_r2,mcts,adjacent
corrected_reduced_board_inner_ring_center_7x7_fixed_r2,expectimax_d3,net
corrected_reduced_board_inner_ring_center_7x7_fixed_r2,mcts,adjacent
corrected_reduced_board_inner_ring_center_7x7_fixed_r2,expectimax_d3,adjacent
corrected_reduced_board_inner_ring_center_7x7_fixed_r2,expectimax_d3,net
corrected_reduced_board_inner_ring_center_7x7_fixed_r2,expectimax_d3,net
corrected_reduced_board_inner_ring_center_7x7_fixed_r2,expectimax_d3,net
corrected_reduced_board_inner_ring_center_7x7_fixed_r2,expectimax_d3,adjacent
corrected_reduced_board_inner_ring_center_7x7_fixed_r2,expectimax_d3,net
corrected_reduced_board_inner_ring_center_7x7_fixed_r2,expectimax_d3,adjacent
corrected_reduced_board_inner_ring_center_7x7_fixed_r2,expectimax_d3,adjacent
corrected_reduced_board_inner_ring_center_7x7_fixed_r2,random,net
corrected_reduced_board_inner_ring_center_7x7_fixed_r2,expectimax_d3,adjacent
corrected_reduced_board_inner_ring_center_7x7_fixed_r2,expectimax_d3,adjacent
corrected_reduced_board_inner_ring_center_7x7_fixed_r2,expectimax_d3,adjacent
corrected_reduced_board_inner_ring_center_7x7_fixed_r2,expectimax_d3,net
corrected_reduced_board_inner_ring_center_7x7_fixed_r2,expectimax_d3,net
corrected_reduced_board_inner_ring_center_7x7_fixed_r2,expectimax_d3,net
corrected_reduced_board_inner_ring_center_7x7_fixed_r2,expectimax_d3,net
corrected_reduced_board_inner_ring_center_7x7_fixed_r2,expectimax_d3,adjacent
corrected_reduced_board_inner_ring_center_7x7_fixed_r2,expectimax_d3,net
corrected_reduced_board_inner_ring_center_7x7_fixed_r2,expectimax_d3,adjacent
corrected_reduced_board_inner_ring_center_7x7_fixed_r2,expectimax_d3,net
corrected_reduced_board_inner_ring_center_7x7_fixed_r2,expectimax_d3,adjacent
corrected_reduced_board_inner_ring_center_7x7_fixed_r2,expectimax_d3,adjacent
corrected_reduced_board_inner_ring_center_7x7_fixed_r2,expectimax_d3,adjacent
corrected_reduced_board_inner_ring_center_7x7_fixed_r2,random,adjacent
corrected_reduced_board_inner_ring_center_7x7_fixed_r2,expectimax_d3,adjacent
corrected_reduced_board_inner_ring_center_7x7_fixed_r2,expectimax_d3,adjacent
corrected_reduced_board_inner_ring_center_7x7_fixed_r2,expectimax_d3,adjacent
corrected_reduced_board_inner_ring_center_7x7_fixed_r2,expectimax_d3,adjacent
corrected_reduced_board_inner_ring_center_7x7_fixed_r2,expectimax_d3,adjacent
corrected_reduced_board_inner_ring_center_7x7_fixed_r2,expectimax_d3,adjacent
corrected_reduced_board_inner_ring_center_7x7_fixed_r2,expectimax_d3,net
corrected_reduced_board_inner_ring_center_7x7_fixed_r2,rule,adjacent
corrected_reduced_board_inner_ring_center_7x7_fixed_r2,rule,adjacent
corrected_reduced_board_inner_ring_center_7x7_fixed_r2,rule,adjacent
corrected_reduced_board_inner_ring_center_7x7_fixed_r2,expectimax_d3,adjacent
corrected_reduced_board_inner_ring_center_7x7_fixed_r2,rule,adjacent
corrected_reduced_board_inner_ring_center_7x7_fixed_r2,rule,adjacent
corrected_reduced_board_inner_ring_center_7x7_fixed_r2,expectimax_d3,adjacent
corrected_reduced_board_inner_ring_center_7x7_fixed_r2,rule,adjacent
corrected_reduced_board_inner_ring_center_7x7_fixed_r2,rule,adjacent
corrected_reduced_board_inner_ring_center_7x7_fixed_r2,expectimax_d3,adjacent
corrected_reduced_board_inner_ring_center_7x7_fixed_r2,expectimax_d3,adjacent
corrected_reduced_board_inner_ring_center_7x7_fixed_r2,rule,adjacent
corrected_reduced_board_inner_ring_center_7x7_fixed_r2,expectimax_d3,adjacent
corrected_reduced_board_inner_ring_center_7x7_fixed_r2,expectimax_d3,adjacent
corrected_reduced_board_inner_ring_center_7x7_fixed_r2,rule,adjacent
corrected_reduced_board_inner_ring_center_7x7_fixed_r2,expectimax_d3,adjacent
corrected_reduced_board_inner_ring_center_7x7_fixed_r2,expectimax_d3,adjacent
corrected_reduced_board_inner_ring_center_7x7_fixed_r2,rule,adjacent
corrected_reduced_board_inner_ring_center_7x7_fixed_r2,expectimax_d3,adjacent
corrected_reduced_board_inner_ring_center_7x7_fixed_r2,rule,net
corrected_reduced_board_inner_ring_center_7x7_fixed_r2,expectimax_d3,adjacent
corrected_reduced_board_inner_ring_center_7x7_fixed_r2,rule,adjacent
corrected_reduced_board_inner_ring_center_7x7_fixed_r2,expectimax_d3,adjacent
corrected_reduced_board_inner_ring_center_7x7_fixed_r2,expectimax_d3,adjacent
corrected_reduced_board_inner_ring_center_7x7_fixed_r2,rule,adjacent
corrected_reduced_board_inner_ring_center_7x7_fixed_r2,rule,adjacent
corrected_reduced_board_inner_ring_center_7x7_fixed_r2,rule,adjacent
corrected_reduced_board_inner_ring_center_7x7_fixed_r2,expectimax_d2,adjacent
corrected_reduced_board_inner_ring_center_7x7_fixed_r2,greedy,net
corrected_reduced_board_inner_ring_center_7x7_fixed_r2,greedy,adjacent
corrected_reduced_board_inner_ring_center_7x7_fixed_r2,greedy,adjacent
corrected_reduced_board_inner_ring_center_7x7_fixed_r2,expectimax_d2,adjacent
corrected_reduced_board_inner_ring_center_7x7_fixed_r2,expectimax_d2,adjacent
corrected_reduced_board_inner_ring_center_7x7_fixed_r2,greedy,adjacent
corrected_reduced_board_inner_ring_center_7x7_fixed_r2,greedy,adjacent
corrected_reduced_board_inner_ring_center_7x7_fixed_r2,greedy,adjacent
corrected_reduced_board_inner_ring_center_7x7_fixed_r2,expectimax_d2,adjacent
corrected_reduced_board_inner_ring_center_7x7_fixed_r2,expectimax_d2,adjacent
corrected_reduced_board_inner_ring_center_7x7_fixed_r2,expectimax_d2,adjacent
corrected_reduced_board_inner_ring_center_7x7_fixed_r2,greedy,adjacent
corrected_reduced_board_inner_ring_center_7x7_fixed_r2,expectimax_d2,adjacent
corrected_reduced_board_inner_ring_center_7x7_fixed_r2,greedy,adjacent
corrected_reduced_board_inner_ring_center_7x7_fixed_r2,expectimax_d2,adjacent
corrected_reduced_board_inner_ring_center_7x7_fixed_r2,greedy,adjacent
corrected_reduced_board_inner_ring_center_7x7_fixed_r2,expectimax_d2,adjacent
corrected_reduced_board_inner_ring_center_7x7_fixed_r2,greedy,adjacent
corrected_reduced_board_inner_ring_center_7x7_fixed_r2,greedy,adjacent
corrected_reduced_board_inner_ring_center_7x7_fixed_r2,greedy,adjacent
corrected_reduced_board_inner_ring_center_7x7_fixed_r2,greedy,adjacent
corrected_reduced_board_inner_ring_center_7x7_fixed_r2,greedy,adjacent
corrected_reduced_board_inner_ring_center_7x7_fixed_r2,greedy,adjacent
corrected_reduced_board_inner_ring_center_7x7_fixed_r2,expectimax_d2,adjacent
corrected_reduced_board_inner_ring_center_7x7_fixed_r2,greedy,adjacent
corrected_reduced_board_inner_ring_center_7x7_fixed_r2,expectimax_d2,adjacent
corrected_reduced_board_inner_ring_center_7x7_fixed_r2,expectimax_d2,adjacent
corrected_reduced_board_inner_ring_center_7x7_fixed_r2,expectimax_d2,adjacent
corrected_reduced_board_inner_ring_center_7x7_fixed_r2,greedy,adjacent
corrected_reduced_board_inner_ring_center_7x7_fixed_r2,expectimax_d3,adjacent
corrected_reduced_board_inner_ring_center_7x7_fixed_r2,greedy,net
corrected_reduced_board_inner_ring_center_7x7_fixed_r2,greedy,adjacent
corrected_reduced_board_inner_ring_center_7x7_fixed_r2,expectimax_d3,adjacent
corrected_reduced_board_inner_ring_center_7x7_fixed_r2,expectimax_d3,adjacent
corrected_reduced_board_inner_ring_center_7x7_fixed_r2,expectimax_d3,adjacent
corrected_reduced_board_inner_ring_center_7x7_fixed_r2,greedy,adjacent
corrected_reduced_board_inner_ring_center_7x7_fixed_r2,expectimax_d3,adjacent
corrected_reduced_board_inner_ring_center_7x7_fixed_r2,expectimax_d3,adjacent
corrected_reduced_board_inner_ring_center_7x7_fixed_r2,expectimax_d3,adjacent
corrected_reduced_board_inner_ring_center_7x7_fixed_r2,expectimax_d3,adjacent
corrected_reduced_board_inner_ring_center_7x7_fixed_r2,expectimax_d3,adjacent
corrected_reduced_board_inner_ring_center_7x7_fixed_r2,greedy,adjacent
corrected_reduced_board_inner_ring_center_7x7_fixed_r2,expectimax_d3,adjacent
corrected_reduced_board_inner_ring_center_7x7_fixed_r2,greedy,adjacent
corrected_reduced_board_inner_ring_center_7x7_fixed_r2,expectimax_d3,adjacent
corrected_reduced_board_inner_ring_center_7x7_fixed_r2,greedy,adjacent
corrected_reduced_board_inner_ring_center_7x7_fixed_r2,greedy,adjacent
corrected_reduced_board_inner_ring_center_7x7_fixed_r2,expectimax_d3,adjacent
corrected_reduced_board_inner_ring_center_7x7_fixed_r2,expectimax_d3,adjacent
corrected_reduced_board_inner_ring_center_7x7_fixed_r2,expectimax_d3,adjacent
corrected_reduced_board_inner_ring_center_7x7_fixed_r2,greedy,adjacent
corrected_reduced_board_inner_ring_center_7x7_fixed_r2,greedy,adjacent
corrected_reduced_board_inner_ring_center_7x7_fixed_r2,greedy,adjacent
corrected_reduced_board_inner_ring_center_7x7_fixed_r2,expectimax_d3,adjacent
corrected_reduced_board_inner_ring_center_7x7_fixed_r2,expectimax_d3,adjacent
corrected_reduced_board_inner_ring_center_7x7_fixed_r2,expectimax_d3,adjacent
corrected_reduced_board_inner_ring_center_7x7_fixed_r2,expectimax_d3,adjacent
corrected_reduced_board_inner_ring_center_7x7_fixed_r2,greedy,adjacent
corrected_reduced_board_inner_ring_center_7x7_fixed_r2,greedy,net
corrected_reduced_board_inner_ring_center_7x7_fixed_r2,greedy,adjacent
corrected_reduced_board_inner_ring_center_7x7_fixed_r2,greedy,adjacent
corrected_reduced_board_inner_ring_center_7x7_fixed_r2,greedy,net
corrected_reduced_board_inner_ring_center_7x7_fixed_r2,mcts,adjacent
corrected_reduced_board_inner_ring_center_7x7_fixed_r2,mcts,adjacent
corrected_reduced_board_inner_ring_center_7x7_fixed_r2,mcts,adjacent
corrected_reduced_board_inner_ring_center_7x7_fixed_r2,greedy,net
corrected_reduced_board_inner_ring_center_7x7_fixed_r2,greedy,net
corrected_reduced_board_inner_ring_center_7x7_fixed_r2,greedy,net
corrected_reduced_board_inner_ring_center_7x7_fixed_r2,greedy,net
corrected_reduced_board_inner_ring_center_7x7_fixed_r2,greedy,net
corrected_reduced_board_inner_ring_center_7x7_fixed_r2,greedy,adjacent
corrected_reduced_board_inner_ring_center_7x7_fixed_r2,mcts,adjacent
corrected_reduced_board_inner_ring_center_7x7_fixed_r2,mcts,adjacent
corrected_reduced_board_inner_ring_center_7x7_fixed_r2,greedy,adjacent
corrected_reduced_board_inner_ring_center_7x7_fixed_r2,greedy,adjacent
corrected_reduced_board_inner_ring_center_7x7_fixed_r2,greedy,net
corrected_reduced_board_inner_ring_center_7x7_fixed_r2,greedy,adjacent
corrected_reduced_board_inner_ring_center_7x7_fixed_r2,greedy,net
corrected_reduced_board_inner_ring_center_7x7_fixed_r2,greedy,adjacent
corrected_reduced_board_inner_ring_center_7x7_fixed_r2,greedy,adjacent
corrected_reduced_board_inner_ring_center_7x7_fixed_r2,greedy,net
corrected_reduced_board_inner_ring_center_7x7_fixed_r2,greedy,adjacent
corrected_reduced_board_inner_ring_center_7x7_fixed_r2,greedy,adjacent
corrected_reduced_board_inner_ring_center_7x7_fixed_r2,greedy,adjacent
corrected_reduced_board_inner_ring_center_7x7_fixed_r2,greedy,adjacent
corrected_reduced_board_inner_ring_center_7x7_fixed_r2,greedy,adjacent
corrected_reduced_board_inner_ring_center_7x7_fixed_r2,greedy,adjacent
corrected_reduced_board_inner_ring_center_7x7_fixed_r2,greedy,adjacent
corrected_reduced_board_inner_ring_center_7x7_fixed_r2,random,adjacent
corrected_reduced_board_inner_ring_center_7x7_fixed_r2,greedy,adjacent
corrected_reduced_board_inner_ring_center_7x7_fixed_r2,greedy,net
corrected_reduced_board_inner_ring_center_7x7_fixed_r2,greedy,adjacent
corrected_reduced_board_inner_ring_center_7x7_fixed_r2,greedy,net
corrected_reduced_board_inner_ring_center_7x7_fixed_r2,greedy,net
corrected_reduced_board_inner_ring_center_7x7_fixed_r2,greedy,net
corrected_reduced_board_inner_ring_center_7x7_fixed_r2,greedy,net
corrected_reduced_board_inner_ring_center_7x7_fixed_r2,greedy,net
corrected_reduced_board_inner_ring_center_7x7_fixed_r2,greedy,adjacent
corrected_reduced_board_inner_ring_center_7x7_fixed_r2,greedy,adjacent
corrected_reduced_board_inner_ring_center_7x7_fixed_r2,greedy,net
corrected_reduced_board_inner_ring_center_7x7_fixed_r2,greedy,adjacent
corrected_reduced_board_inner_ring_center_7x7_fixed_r2,random,adjacent
corrected_reduced_board_inner_ring_center_7x7_fixed_r2,random,adjacent
corrected_reduced_board_inner_ring_center_7x7_fixed_r2,random,adjacent
corrected_reduced_board_inner_ring_center_7x7_fixed_r2,greedy,adjacent
corrected_reduced_board_inner_ring_center_7x7_fixed_r2,rule,adjacent
corrected_reduced_board_inner_ring_center_7x7_fixed_r2,rule,adjacent
corrected_reduced_board_inner_ring_center_7x7_fixed_r2,rule,adjacent
corrected_reduced_board_inner_ring_center_7x7_fixed_r2,rule,adjacent
corrected_reduced_board_inner_ring_center_7x7_fixed_r2,rule,adjacent
corrected_reduced_board_inner_ring_center_7x7_fixed_r2,rule,adjacent
corrected_reduced_board_inner_ring_center_7x7_fixed_r2,greedy,adjacent
corrected_reduced_board_inner_ring_center_7x7_fixed_r2,rule,adjacent
corrected_reduced_board_inner_ring_center_7x7_fixed_r2,greedy,adjacent
corrected_reduced_board_inner_ring_center_7x7_fixed_r2,rule,adjacent
corrected_reduced_board_inner_ring_center_7x7_fixed_r2,rule,adjacent
corrected_reduced_board_inner_ring_center_7x7_fixed_r2,greedy,adjacent
corrected_reduced_board_inner_ring_center_7x7_fixed_r2,rule,adjacent
corrected_reduced_board_inner_ring_center_7x7_fixed_r2,greedy,adjacent
corrected_reduced_board_inner_ring_center_7x7_fixed_r2,rule,adjacent
corrected_reduced_board_inner_ring_center_7x7_fixed_r2,rule,adjacent
corrected_reduced_board_inner_ring_center_7x7_fixed_r2,rule,adjacent
corrected_reduced_board_inner_ring_center_7x7_fixed_r2,greedy,adjacent
corrected_reduced_board_inner_ring_center_7x7_fixed_r2,greedy,adjacent
corrected_reduced_board_inner_ring_center_7x7_fixed_r2,rule,adjacent
corrected_reduced_board_inner_ring_center_7x7_fixed_r2,greedy,adjacent
corrected_reduced_board_inner_ring_center_7x7_fixed_r2,greedy,adjacent
corrected_reduced_board_inner_ring_center_7x7_fixed_r2,greedy,adjacent
corrected_reduced_board_inner_ring_center_7x7_fixed_r2,rule,adjacent
corrected_reduced_board_inner_ring_center_7x7_fixed_r2,rule,adjacent
corrected_reduced_board_inner_ring_center_7x7_fixed_r2,rule,adjacent
corrected_reduced_board_inner_ring_center_7x7_fixed_r2,rule,adjacent
corrected_reduced_board_inner_ring_center_7x7_fixed_r2,expectimax_d2,adjacent
corrected_reduced_board_inner_ring_center_7x7_fixed_r2,expectimax_d2,adjacent
corrected_reduced_board_inner_ring_center_7x7_fixed_r2,mcts,adjacent
corrected_reduced_board_inner_ring_center_7x7_fixed_r2,expectimax_d2,net
corrected_reduced_board_inner_ring_center_7x7_fixed_r2,expectimax_d2,adjacent
corrected_reduced_board_inner_ring_center_7x7_fixed_r2,expectimax_d2,net
corrected_reduced_board_inner_ring_center_7x7_fixed_r2,expectimax_d2,adjacent
corrected_reduced_board_inner_ring_center_7x7_fixed_r2,mcts,net
corrected_reduced_board_inner_ring_center_7x7_fixed_r2,mcts,adjacent
corrected_reduced_board_inner_ring_center_7x7_fixed_r2,expectimax_d2,adjacent
corrected_reduced_board_inner_ring_center_7x7_fixed_r2,expectimax_d2,adjacent
corrected_reduced_board_inner_ring_center_7x7_fixed_r2,expectimax_d2,net
corrected_reduced_board_inner_ring_center_7x7_fixed_r2,expectimax_d2,net
corrected_reduced_board_inner_ring_center_7x7_fixed_r2,expectimax_d2,adjacent
corrected_reduced_board_inner_ring_center_7x7_fixed_r2,expectimax_d2,adjacent
corrected_reduced_board_inner_ring_center_7x7_fixed_r2,expectimax_d2,adjacent
corrected_reduced_board_inner_ring_center_7x7_fixed_r2,expectimax_d2,adjacent
corrected_reduced_board_inner_ring_center_7x7_fixed_r2,expectimax_d2,adjacent
corrected_reduced_board_inner_ring_center_7x7_fixed_r2,expectimax_d2,adjacent
corrected_reduced_board_inner_ring_center_7x7_fixed_r2,expectimax_d2,adjacent
corrected_reduced_board_inner_ring_center_7x7_fixed_r2,expectimax_d2,adjacent
corrected_reduced_board_inner_ring_center_7x7_fixed_r2,expectimax_d2,adjacent
corrected_reduced_board_inner_ring_center_7x7_fixed_r2,mcts,net
corrected_reduced_board_inner_ring_center_7x7_fixed_r2,expectimax_d3,adjacent
corrected_reduced_board_inner_ring_center_7x7_fixed_r2,expectimax_d3,adjacent
corrected_reduced_board_inner_ring_center_7x7_fixed_r2,mcts,adjacent
corrected_reduced_board_inner_ring_center_7x7_fixed_r2,expectimax_d3,net
corrected_reduced_board_inner_ring_center_7x7_fixed_r2,mcts,adjacent
corrected_reduced_board_inner_ring_center_7x7_fixed_r2,expectimax_d3,net
corrected_reduced_board_inner_ring_center_7x7_fixed_r2,expectimax_d3,adjacent
corrected_reduced_board_inner_ring_center_7x7_fixed_r2,expectimax_d3,adjacent
corrected_reduced_board_inner_ring_center_7x7_fixed_r2,mcts,adjacent
corrected_reduced_board_inner_ring_center_7x7_fixed_r2,mcts,adjacent
corrected_reduced_board_inner_ring_center_7x7_fixed_r2,mcts,adjacent
corrected_reduced_board_inner_ring_center_7x7_fixed_r2,expectimax_d3,net
corrected_reduced_board_inner_ring_center_7x7_fixed_r2,expectimax_d3,net
corrected_reduced_board_inner_ring_center_7x7_fixed_r2,mcts,adjacent
corrected_reduced_board_inner_ring_center_7x7_fixed_r2,mcts,adjacent
corrected_reduced_board_inner_ring_center_7x7_fixed_r2,expectimax_d3,adjacent
corrected_reduced_board_inner_ring_center_7x7_fixed_r2,expectimax_d3,adjacent
corrected_reduced_board_inner_ring_center_7x7_fixed_r2,expectimax_d3,adjacent
corrected_reduced_board_inner_ring_center_7x7_fixed_r2,expectimax_d3,adjacent
corrected_reduced_board_inner_ring_center_7x7_fixed_r2,expectimax_d3,adjacent
corrected_reduced_board_inner_ring_center_7x7_fixed_r2,expectimax_d3,adjacent
corrected_reduced_board_inner_ring_center_7x7_fixed_r2,expectimax_d3,adjacent
corrected_reduced_board_inner_ring_center_7x7_fixed_r2,expectimax_d3,adjacent
corrected_reduced_board_inner_ring_center_7x7_fixed_r2,expectimax_d3,adjacent
corrected_reduced_board_inner_ring_center_7x7_fixed_r2,expectimax_d3,adjacent
corrected_reduced_board_inner_ring_center_7x7_fixed_r2,expectimax_d3,adjacent
corrected_reduced_board_inner_ring_center_7x7_fixed_r2,mcts,net
corrected_reduced_board_inner_ring_center_7x7_fixed_r2,greedy,adjacent
corrected_reduced_board_inner_ring_center_7x7_fixed_r2,greedy,adjacent
corrected_reduced_board_inner_ring_center_7x7_fixed_r2,mcts,adjacent
corrected_reduced_board_inner_ring_center_7x7_fixed_r2,greedy,net
corrected_reduced_board_inner_ring_center_7x7_fixed_r2,greedy,adjacent
corrected_reduced_board_inner_ring_center_7x7_fixed_r2,greedy,net
corrected_reduced_board_inner_ring_center_7x7_fixed_r2,greedy,adjacent
corrected_reduced_board_inner_ring_center_7x7_fixed_r2,greedy,adjacent
corrected_reduced_board_inner_ring_center_7x7_fixed_r2,greedy,net
corrected_reduced_board_inner_ring_center_7x7_fixed_r2,mcts,adjacent
corrected_reduced_board_inner_ring_center_7x7_fixed_r2,greedy,net
corrected_reduced_board_inner_ring_center_7x7_fixed_r2,greedy,net
corrected_reduced_board_inner_ring_center_7x7_fixed_r2,greedy,adjacent
corrected_reduced_board_inner_ring_center_7x7_fixed_r2,greedy,adjacent
corrected_reduced_board_inner_ring_center_7x7_fixed_r2,greedy,adjacent
corrected_reduced_board_inner_ring_center_7x7_fixed_r2,mcts,adjacent
corrected_reduced_board_inner_ring_center_7x7_fixed_r2,mcts,adjacent
corrected_reduced_board_inner_ring_center_7x7_fixed_r2,greedy,adjacent
corrected_reduced_board_inner_ring_center_7x7_fixed_r2,greedy,adjacent
corrected_reduced_board_inner_ring_center_7x7_fixed_r2,greedy,adjacent
corrected_reduced_board_inner_ring_center_7x7_fixed_r2,mcts,adjacent
corrected_reduced_board_inner_ring_center_7x7_fixed_r2,greedy,adjacent
corrected_reduced_board_inner_ring_center_7x7_fixed_r2,greedy,adjacent
corrected_reduced_board_inner_ring_center_7x7_fixed_r2,mcts,adjacent
corrected_reduced_board_inner_ring_center_7x7_fixed_r2,mcts,adjacent
corrected_reduced_board_inner_ring_center_7x7_fixed_r2,mcts,adjacent
corrected_reduced_board_inner_ring_center_7x7_fixed_r2,mcts,adjacent
corrected_reduced_board_inner_ring_center_7x7_fixed_r2,mcts,net
corrected_reduced_board_inner_ring_center_7x7_fixed_r2,mcts,adjacent
corrected_reduced_board_inner_ring_center_7x7_fixed_r2,mcts,adjacent
corrected_reduced_board_inner_ring_center_7x7_fixed_r2,mcts,adjacent
corrected_reduced_board_inner_ring_center_7x7_fixed_r2,mcts,adjacent
corrected_reduced_board_inner_ring_center_7x7_fixed_r2,mcts,adjacent
corrected_reduced_board_inner_ring_center_7x7_fixed_r2,random,adjacent
corrected_reduced_board_inner_ring_center_7x7_fixed_r2,mcts,net
corrected_reduced_board_inner_ring_center_7x7_fixed_r2,mcts,net
corrected_reduced_board_inner_ring_center_7x7_fixed_r2,mcts,net
corrected_reduced_board_inner_ring_center_7x7_fixed_r2,mcts,adjacent
corrected_reduced_board_inner_ring_center_7x7_fixed_r2,mcts,adjacent
corrected_reduced_board_inner_ring_center_7x7_fixed_r2,mcts,adjacent
corrected_reduced_board_inner_ring_center_7x7_fixed_r2,mcts,net
corrected_reduced_board_inner_ring_center_7x7_fixed_r2,mcts,adjacent
corrected_reduced_board_inner_ring_center_7x7_fixed_r2,mcts,adjacent
corrected_reduced_board_inner_ring_center_7x7_fixed_r2,random,adjacent
corrected_reduced_board_inner_ring_center_7x7_fixed_r2,mcts,adjacent
corrected_reduced_board_inner_ring_center_7x7_fixed_r2,mcts,adjacent
corrected_reduced_board_inner_ring_center_7x7_fixed_r2,mcts,adjacent
corrected_reduced_board_inner_ring_center_7x7_fixed_r2,random,adjacent
corrected_reduced_board_inner_ring_center_7x7_fixed_r2,mcts,net
corrected_reduced_board_inner_ring_center_7x7_fixed_r2,rule,adjacent
corrected_reduced_board_inner_ring_center_7x7_fixed_r2,rule,adjacent
corrected_reduced_board_inner_ring_center_7x7_fixed_r2,rule,adjacent
corrected_reduced_board_inner_ring_center_7x7_fixed_r2,rule,adjacent
corrected_reduced_board_inner_ring_center_7x7_fixed_r2,rule,adjacent
corrected_reduced_board_inner_ring_center_7x7_fixed_r2,mcts,adjacent
corrected_reduced_board_inner_ring_center_7x7_fixed_r2,rule,adjacent
corrected_reduced_board_inner_ring_center_7x7_fixed_r2,rule,adjacent
corrected_reduced_board_inner_ring_center_7x7_fixed_r2,rule,net
corrected_reduced_board_inner_ring_center_7x7_fixed_r2,mcts,adjacent
corrected_reduced_board_inner_ring_center_7x7_fixed_r2,rule,net
corrected_reduced_board_inner_ring_center_7x7_fixed_r2,rule,net
corrected_reduced_board_inner_ring_center_7x7_fixed_r2,rule,adjacent
corrected_reduced_board_inner_ring_center_7x7_fixed_r2,rule,adjacent
corrected_reduced_board_inner_ring_center_7x7_fixed_r2,rule,adjacent
corrected_reduced_board_inner_ring_center_7x7_fixed_r2,mcts,adjacent
corrected_reduced_board_inner_ring_center_7x7_fixed_r2,mcts,adjacent
corrected_reduced_board_inner_ring_center_7x7_fixed_r2,rule,adjacent
corrected_reduced_board_inner_ring_center_7x7_fixed_r2,mcts,adjacent
corrected_reduced_board_inner_ring_center_7x7_fixed_r2,rule,adjacent
corrected_reduced_board_inner_ring_center_7x7_fixed_r2,mcts,adjacent
corrected_reduced_board_inner_ring_center_7x7_fixed_r2,rule,net
corrected_reduced_board_inner_ring_center_7x7_fixed_r2,rule,adjacent
corrected_reduced_board_inner_ring_center_7x7_fixed_r2,rule,adjacent
corrected_reduced_board_inner_ring_center_7x7_fixed_r2,rule,adjacent
corrected_reduced_board_inner_ring_center_7x7_fixed_r2,rule,adjacent
corrected_reduced_board_inner_ring_center_7x7_fixed_r2,mcts,adjacent
corrected_reduced_board_inner_ring_center_7x7_fixed_r2,expectimax_d2,net
corrected_reduced_board_inner_ring_center_7x7_fixed_r2,expectimax_d2,adjacent
corrected_reduced_board_inner_ring_center_7x7_fixed_r2,expectimax_d2,net
corrected_reduced_board_inner_ring_center_7x7_fixed_r2,expectimax_d2,net
corrected_reduced_board_inner_ring_center_7x7_fixed_r2,expectimax_d2,net
corrected_reduced_board_inner_ring_center_7x7_fixed_r2,expectimax_d2,adjacent
corrected_reduced_board_inner_ring_center_7x7_fixed_r2,expectimax_d2,adjacent
corrected_reduced_board_inner_ring_center_7x7_fixed_r2,random,adjacent
corrected_reduced_board_inner_ring_center_7x7_fixed_r2,expectimax_d2,adjacent
corrected_reduced_board_inner_ring_center_7x7_fixed_r2,expectimax_d2,adjacent
corrected_reduced_board_inner_ring_center_7x7_fixed_r2,expectimax_d2,adjacent
corrected_reduced_board_inner_ring_center_7x7_fixed_r2,expectimax_d2,adjacent
corrected_reduced_board_inner_ring_center_7x7_fixed_r2,expectimax_d2,adjacent
corrected_reduced_board_inner_ring_center_7x7_fixed_r2,expectimax_d2,adjacent
corrected_reduced_board_inner_ring_center_7x7_fixed_r2,expectimax_d2,adjacent
corrected_reduced_board_inner_ring_center_7x7_fixed_r2,expectimax_d2,adjacent
corrected_reduced_board_inner_ring_center_7x7_fixed_r2,expectimax_d2,adjacent
corrected_reduced_board_inner_ring_center_7x7_fixed_r2,expectimax_d2,adjacent
corrected_reduced_board_inner_ring_center_7x7_fixed_r2,expectimax_d2,net
corrected_reduced_board_inner_ring_center_7x7_fixed_r2,expectimax_d2,adjacent
corrected_reduced_board_inner_ring_center_7x7_fixed_r2,expectimax_d2,net
corrected_reduced_board_inner_ring_center_7x7_fixed_r2,expectimax_d2,adjacent
corrected_reduced_board_inner_ring_center_7x7_fixed_r2,expectimax_d2,adjacent
corrected_reduced_board_inner_ring_center_7x7_fixed_r2,expectimax_d2,adjacent
corrected_reduced_board_inner_ring_center_7x7_fixed_r2,expectimax_d3,net
corrected_reduced_board_inner_ring_center_7x7_fixed_r2,expectimax_d3,adjacent
corrected_reduced_board_inner_ring_center_7x7_fixed_r2,expectimax_d3,net
corrected_reduced_board_inner_ring_center_7x7_fixed_r2,expectimax_d3,adjacent
corrected_reduced_board_inner_ring_center_7x7_fixed_r2,expectimax_d3,adjacent
corrected_reduced_board_inner_ring_center_7x7_fixed_r2,expectimax_d3,adjacent
corrected_reduced_board_inner_ring_center_7x7_fixed_r2,expectimax_d3,net
corrected_reduced_board_inner_ring_center_7x7_fixed_r2,expectimax_d3,adjacent
corrected_reduced_board_inner_ring_center_7x7_fixed_r2,expectimax_d3,net
corrected_reduced_board_inner_ring_center_7x7_fixed_r2,expectimax_d3,adjacent
corrected_reduced_board_inner_ring_center_7x7_fixed_r2,expectimax_d3,adjacent
corrected_reduced_board_inner_ring_center_7x7_fixed_r2,expectimax_d3,adjacent
corrected_reduced_board_inner_ring_center_7x7_fixed_r2,expectimax_d3,adjacent
corrected_reduced_board_inner_ring_center_7x7_fixed_r2,expectimax_d3,net
corrected_reduced_board_inner_ring_center_7x7_fixed_r2,expectimax_d3,net
corrected_reduced_board_inner_ring_center_7x7_fixed_r2,expectimax_d3,adjacent
corrected_reduced_board_inner_ring_center_7x7_fixed_r2,expectimax_d3,adjacent
corrected_reduced_board_inner_ring_center_7x7_fixed_r2,expectimax_d3,adjacent
corrected_reduced_board_inner_ring_center_7x7_fixed_r2,expectimax_d3,adjacent
corrected_reduced_board_inner_ring_center_7x7_fixed_r2,expectimax_d3,adjacent
corrected_reduced_board_inner_ring_center_7x7_fixed_r2,expectimax_d3,adjacent
corrected_reduced_board_inner_ring_center_7x7_fixed_r2,random,net
corrected_reduced_board_inner_ring_center_7x7_fixed_r2,expectimax_d3,net
corrected_reduced_board_inner_ring_center_7x7_fixed_r2,expectimax_d3,net
corrected_reduced_board_inner_ring_center_7x7_fixed_r2,expectimax_d3,adjacent
corrected_reduced_board_inner_ring_center_7x7_fixed_r2,expectimax_d3,adjacent
corrected_reduced_board_inner_ring_center_7x7_fixed_r2,greedy,net
corrected_reduced_board_inner_ring_center_7x7_fixed_r2,greedy,adjacent
corrected_reduced_board_inner_ring_center_7x7_fixed_r2,greedy,net
corrected_reduced_board_inner_ring_center_7x7_fixed_r2,greedy,net
corrected_reduced_board_inner_ring_center_7x7_fixed_r2,greedy,net
corrected_reduced_board_inner_ring_center_7x7_fixed_r2,greedy,adjacent
corrected_reduced_board_inner_ring_center_7x7_fixed_r2,greedy,adjacent
corrected_reduced_board_inner_ring_center_7x7_fixed_r2,greedy,net
corrected_reduced_board_inner_ring_center_7x7_fixed_r2,random,adjacent
corrected_reduced_board_inner_ring_center_7x7_fixed_r2,greedy,adjacent
corrected_reduced_board_inner_ring_center_7x7_fixed_r2,random,adjacent
corrected_reduced_board_inner_ring_center_7x7_fixed_r2,greedy,adjacent
corrected_reduced_board_inner_ring_center_7x7_fixed_r2,greedy,adjacent
corrected_reduced_board_inner_ring_center_7x7_fixed_r2,greedy,adjacent
corrected_reduced_board_inner_ring_center_7x7_fixed_r2,greedy,adjacent
corrected_reduced_board_inner_ring_center_7x7_fixed_r2,greedy,adjacent
corrected_reduced_board_inner_ring_center_7x7_fixed_r2,greedy,adjacent
corrected_reduced_board_inner_ring_center_7x7_fixed_r2,greedy,adjacent
corrected_reduced_board_inner_ring_center_7x7_fixed_r2,greedy,adjacent
corrected_reduced_board_inner_ring_center_7x7_fixed_r2,greedy,adjacent
corrected_reduced_board_inner_ring_center_7x7_fixed_r2,greedy,adjacent
corrected_reduced_board_inner_ring_center_7x7_fixed_r2,greedy,net
corrected_reduced_board_inner_ring_center_7x7_fixed_r2,greedy,net
corrected_reduced_board_inner_ring_center_7x7_fixed_r2,greedy,net
corrected_reduced_board_inner_ring_center_7x7_fixed_r2,random,adjacent
corrected_reduced_board_inner_ring_center_7x7_fixed_r2,random,adjacent
corrected_reduced_board_inner_ring_center_7x7_fixed_r2,greedy,net
corrected_reduced_board_inner_ring_center_7x7_fixed_r2,mcts,net
corrected_reduced_board_inner_ring_center_7x7_fixed_r2,mcts,adjacent
corrected_reduced_board_inner_ring_center_7x7_fixed_r2,mcts,net
corrected_reduced_board_inner_ring_center_7x7_fixed_r2,random,adjacent
corrected_reduced_board_inner_ring_center_7x7_fixed_r2,mcts,net
corrected_reduced_board_inner_ring_center_7x7_fixed_r2,mcts,adjacent
corrected_reduced_board_inner_ring_center_7x7_fixed_r2,mcts,adjacent
corrected_reduced_board_inner_ring_center_7x7_fixed_r2,random,adjacent
corrected_reduced_board_inner_ring_center_7x7_fixed_r2,mcts,adjacent
corrected_reduced_board_inner_ring_center_7x7_fixed_r2,mcts,adjacent
corrected_reduced_board_inner_ring_center_7x7_fixed_r2,mcts,adjacent
corrected_reduced_board_inner_ring_center_7x7_fixed_r2,mcts,adjacent
corrected_reduced_board_inner_ring_center_7x7_fixed_r2,mcts,adjacent
corrected_reduced_board_inner_ring_center_7x7_fixed_r2,rule,net
corrected_reduced_board_inner_ring_center_7x7_fixed_r2,rule,adjacent
corrected_reduced_board_inner_ring_center_7x7_fixed_r2,rule,net
corrected_reduced_board_inner_ring_center_7x7_fixed_r2,rule,net
corrected_reduced_board_inner_ring_center_7x7_fixed_r2,rule,net
corrected_reduced_board_inner_ring_center_7x7_fixed_r2,rule,adjacent
corrected_reduced_board_inner_ring_center_7x7_fixed_r2,rule,adjacent
corrected_reduced_board_inner_ring_center_7x7_fixed_r2,rule,net
corrected_reduced_board_inner_ring_center_7x7_fixed_r2,random,adjacent
corrected_reduced_board_inner_ring_center_7x7_fixed_r2,rule,adjacent
corrected_reduced_board_inner_ring_center_7x7_fixed_r2,rule,adjacent
corrected_reduced_board_inner_ring_center_7x7_fixed_r2,rule,adjacent
corrected_reduced_board_inner_ring_center_7x7_fixed_r2,rule,adjacent
corrected_reduced_board_inner_ring_center_7x7_fixed_r2,rule,adjacent
corrected_reduced_board_inner_ring_center_7x7_fixed_r2,rule,adjacent
corrected_reduced_board_inner_ring_center_7x7_fixed_r2,rule,net
corrected_reduced_board_inner_ring_center_7x7_fixed_r2,rule,net
corrected_reduced_board_inner_ring_center_7x7_fixed_r2,rule,net
corrected_reduced_board_inner_ring_center_7x7_fixed_r2,rule,adjacent
corrected_reduced_board_inner_ring_center_7x7_fixed_r2,rule,adjacent
corrected_reduced_board_inner_ring_center_7x7_fixed_r2,random,adjacent
corrected_reduced_board_inner_ring_center_7x7_fixed_r2,rule,net
corrected_reduced_board_inner_ring_center_7x7_fixed_r2,rule,net
corrected_reduced_board_inner_ring_center_7x7_fixed_r2,rule,net
corrected_reduced_board_inner_ring_center_7x7_fixed_r2,rule,adjacent
corrected_reduced_board_inner_ring_center_7x7_fixed_r2,rule,adjacent
corrected_reduced_board_inner_ring_center_7x7_fixed_r2,rule,adjacent
corrected_reduced_board_inner_ring_center_7x7_fixed_r2,rule,adjacent
corrected_reduced_board_inner_ring_center_7x7_fixed_r2,expectimax_d2,adjacent
corrected_reduced_board_inner_ring_center_7x7_fixed_r2,rule,net
corrected_reduced_board_inner_ring_center_7x7_fixed_r2,rule,adjacent
corrected_reduced_board_inner_ring_center_7x7_fixed_r2,rule,adjacent
corrected_reduced_board_inner_ring_center_7x7_fixed_r2,expectimax_d2,adjacent
corrected_reduced_board_inner_ring_center_7x7_fixed_r2,expectimax_d2,adjacent
corrected_reduced_board_inner_ring_center_7x7_fixed_r2,expectimax_d2,adjacent
corrected_reduced_board_inner_ring_center_7x7_fixed_r2,rule,adjacent
corrected_reduced_board_inner_ring_center_7x7_fixed_r2,rule,adjacent
corrected_reduced_board_inner_ring_center_7x7_fixed_r2,expectimax_d2,adjacent
corrected_reduced_board_inner_ring_center_7x7_fixed_r2,expectimax_d2,adjacent
corrected_reduced_board_inner_ring_center_7x7_fixed_r2,expectimax_d2,adjacent
corrected_reduced_board_inner_ring_center_7x7_fixed_r2,rule,adjacent
corrected_reduced_board_inner_ring_center_7x7_fixed_r2,expectimax_d2,adjacent
corrected_reduced_board_inner_ring_center_7x7_fixed_r2,rule,adjacent
corrected_reduced_board_inner_ring_center_7x7_fixed_r2,rule,adjacent
corrected_reduced_board_inner_ring_center_7x7_fixed_r2,rule,adjacent
corrected_reduced_board_inner_ring_center_7x7_fixed_r2,rule,adjacent
corrected_reduced_board_inner_ring_center_7x7_fixed_r2,expectimax_d2,adjacent
corrected_reduced_board_inner_ring_center_7x7_fixed_r2,expectimax_d2,adjacent
corrected_reduced_board_inner_ring_center_7x7_fixed_r2,expectimax_d2,adjacent
corrected_reduced_board_inner_ring_center_7x7_fixed_r2,rule,adjacent
corrected_reduced_board_inner_ring_center_7x7_fixed_r2,expectimax_d2,adjacent
corrected_reduced_board_inner_ring_center_7x7_fixed_r2,rule,adjacent
corrected_reduced_board_inner_ring_center_7x7_fixed_r2,expectimax_d2,adjacent
corrected_reduced_board_inner_ring_center_7x7_fixed_r2,rule,adjacent
corrected_reduced_board_inner_ring_center_7x7_fixed_r2,expectimax_d2,adjacent
corrected_reduced_board_inner_ring_center_7x7_fixed_r2,rule,adjacent
corrected_reduced_board_inner_ring_center_7x7_fixed_r2,expectimax_d2,adjacent
corrected_reduced_board_inner_ring_center_7x7_fixed_r2,expectimax_d2,adjacent
corrected_reduced_board_inner_ring_center_7x7_fixed_r2,expectimax_d3,adjacent
corrected_reduced_board_inner_ring_center_7x7_fixed_r2,rule,net
corrected_reduced_board_inner_ring_center_7x7_fixed_r2,rule,adjacent
corrected_reduced_board_inner_ring_center_7x7_fixed_r2,expectimax_d3,adjacent
corrected_reduced_board_inner_ring_center_7x7_fixed_r2,expectimax_d3,adjacent
corrected_reduced_board_inner_ring_center_7x7_fixed_r2,expectimax_d3,adjacent
corrected_reduced_board_inner_ring_center_7x7_fixed_r2,expectimax_d3,adjacent
corrected_reduced_board_inner_ring_center_7x7_fixed_r2,rule,adjacent
corrected_reduced_board_inner_ring_center_7x7_fixed_r2,expectimax_d3,adjacent
corrected_reduced_board_inner_ring_center_7x7_fixed_r2,expectimax_d3,adjacent
corrected_reduced_board_inner_ring_center_7x7_fixed_r2,expectimax_d3,adjacent
corrected_reduced_board_inner_ring_center_7x7_fixed_r2,rule,adjacent
corrected_reduced_board_inner_ring_center_7x7_fixed_r2,expectimax_d3,adjacent
corrected_reduced_board_inner_ring_center_7x7_fixed_r2,rule,adjacent
corrected_reduced_board_inner_ring_center_7x7_fixed_r2,rule,adjacent
corrected_reduced_board_inner_ring_center_7x7_fixed_r2,rule,adjacent
corrected_reduced_board_inner_ring_center_7x7_fixed_r2,expectimax_d3,adjacent
corrected_reduced_board_inner_ring_center_7x7_fixed_r2,expectimax_d3,adjacent
corrected_reduced_board_inner_ring_center_7x7_fixed_r2,expectimax_d3,adjacent
corrected_reduced_board_inner_ring_center_7x7_fixed_r2,expectimax_d3,adjacent
corrected_reduced_board_inner_ring_center_7x7_fixed_r2,rule,adjacent
corrected_reduced_board_inner_ring_center_7x7_fixed_r2,expectimax_d3,adjacent
corrected_reduced_board_inner_ring_center_7x7_fixed_r2,rule,adjacent
corrected_reduced_board_inner_ring_center_7x7_fixed_r2,expectimax_d3,adjacent
corrected_reduced_board_inner_ring_center_7x7_fixed_r2,rule,adjacent
corrected_reduced_board_inner_ring_center_7x7_fixed_r2,expectimax_d3,adjacent
corrected_reduced_board_inner_ring_center_7x7_fixed_r2,expectimax_d3,adjacent
corrected_reduced_board_inner_ring_center_7x7_fixed_r2,expectimax_d3,adjacent
corrected_reduced_board_inner_ring_center_7x7_fixed_r2,expectimax_d3,adjacent
corrected_reduced_board_inner_ring_center_7x7_fixed_r2,greedy,adjacent
corrected_reduced_board_inner_ring_center_7x7_fixed_r2,rule,net
corrected_reduced_board_inner_ring_center_7x7_fixed_r2,rule,net
corrected_reduced_board_inner_ring_center_7x7_fixed_r2,rule,adjacent
corrected_reduced_board_inner_ring_center_7x7_fixed_r2,greedy,adjacent
corrected_reduced_board_inner_ring_center_7x7_fixed_r2,greedy,adjacent
corrected_reduced_board_inner_ring_center_7x7_fixed_r2,greedy,adjacent
corrected_reduced_board_inner_ring_center_7x7_fixed_r2,greedy,adjacent
corrected_reduced_board_inner_ring_center_7x7_fixed_r2,rule,adjacent
corrected_reduced_board_inner_ring_center_7x7_fixed_r2,rule,net
corrected_reduced_board_inner_ring_center_7x7_fixed_r2,greedy,adjacent
corrected_reduced_board_inner_ring_center_7x7_fixed_r2,greedy,adjacent
corrected_reduced_board_inner_ring_center_7x7_fixed_r2,rule,adjacent
corrected_reduced_board_inner_ring_center_7x7_fixed_r2,greedy,adjacent
corrected_reduced_board_inner_ring_center_7x7_fixed_r2,rule,adjacent
corrected_reduced_board_inner_ring_center_7x7_fixed_r2,greedy,net
corrected_reduced_board_inner_ring_center_7x7_fixed_r2,rule,adjacent
corrected_reduced_board_inner_ring_center_7x7_fixed_r2,rule,adjacent
corrected_reduced_board_inner_ring_center_7x7_fixed_r2,rule,adjacent
corrected_reduced_board_inner_ring_center_7x7_fixed_r2,rule,adjacent
corrected_reduced_board_inner_ring_center_7x7_fixed_r2,greedy,adjacent
corrected_reduced_board_inner_ring_center_7x7_fixed_r2,rule,adjacent
corrected_reduced_board_inner_ring_center_7x7_fixed_r2,greedy,adjacent
corrected_reduced_board_inner_ring_center_7x7_fixed_r2,rule,adjacent
corrected_reduced_board_inner_ring_center_7x7_fixed_r2,greedy,adjacent
corrected_reduced_board_inner_ring_center_7x7_fixed_r2,rule,adjacent
corrected_reduced_board_inner_ring_center_7x7_fixed_r2,rule,adjacent
corrected_reduced_board_inner_ring_center_7x7_fixed_r2,greedy,adjacent
corrected_reduced_board_inner_ring_center_7x7_fixed_r2,greedy,adjacent
corrected_reduced_board_inner_ring_center_7x7_fixed_r2,greedy,adjacent
corrected_reduced_board_inner_ring_center_7x7_fixed_r2,rule,net
corrected_reduced_board_inner_ring_center_7x7_fixed_r2,rule,adjacent
corrected_reduced_board_inner_ring_center_7x7_fixed_r2,rule,adjacent
corrected_reduced_board_inner_ring_center_7x7_fixed_r2,rule,adjacent
corrected_reduced_board_inner_ring_center_7x7_fixed_r2,mcts,adjacent
corrected_reduced_board_inner_ring_center_7x7_fixed_r2,rule,adjacent
corrected_reduced_board_inner_ring_center_7x7_fixed_r2,rule,adjacent
corrected_reduced_board_inner_ring_center_7x7_fixed_r2,mcts,adjacent
corrected_reduced_board_inner_ring_center_7x7_fixed_r2,rule,adjacent
corrected_reduced_board_inner_ring_center_7x7_fixed_r2,rule,adjacent
corrected_reduced_board_inner_ring_center_7x7_fixed_r2,rule,net
corrected_reduced_board_inner_ring_center_7x7_fixed_r2,rule,adjacent
corrected_reduced_board_inner_ring_center_7x7_fixed_r2,rule,adjacent
corrected_reduced_board_inner_ring_center_7x7_fixed_r2,mcts,adjacent
corrected_reduced_board_inner_ring_center_7x7_fixed_r2,rule,adjacent
corrected_reduced_board_inner_ring_center_7x7_fixed_r2,rule,adjacent
corrected_reduced_board_inner_ring_center_7x7_fixed_r2,rule,adjacent
corrected_reduced_board_inner_ring_center_7x7_fixed_r2,rule,adjacent
corrected_reduced_board_inner_ring_center_7x7_fixed_r2,rule,adjacent
corrected_reduced_board_inner_ring_center_7x7_fixed_r2,mcts,adjacent
corrected_reduced_board_inner_ring_center_7x7_fixed_r2,rule,net
corrected_reduced_board_inner_ring_center_7x7_fixed_r2,mcts,adjacent
corrected_reduced_board_inner_ring_center_7x7_fixed_r2,rule,adjacent
corrected_reduced_board_inner_ring_center_7x7_fixed_r2,rule,adjacent
corrected_reduced_board_inner_ring_center_7x7_fixed_r2,rule,adjacent
corrected_reduced_board_inner_ring_center_7x7_fixed_r2,rule,net
corrected_reduced_board_inner_ring_center_7x7_fixed_r2,rule,adjacent
corrected_reduced_board_inner_ring_center_7x7_fixed_r2,rule,adjacent
corrected_reduced_board_inner_ring_center_7x7_fixed_r2,rule,net
corrected_reduced_board_inner_ring_center_7x7_fixed_r2,rule,adjacent
corrected_reduced_board_inner_ring_center_7x7_fixed_r2,rule,adjacent
corrected_reduced_board_inner_ring_center_7x7_fixed_r2,rule,adjacent
corrected_reduced_board_inner_ring_center_7x7_fixed_r2,rule,adjacent
corrected_reduced_board_inner_ring_center_7x7_fixed_r2,rule,adjacent
corrected_reduced_board_inner_ring_center_7x7_fixed_r2,rule,adjacent
corrected_reduced_board_inner_ring_center_7x7_fixed_r2,rule,adjacent
corrected_reduced_board_inner_ring_center_7x7_fixed_r2,rule,adjacent
corrected_reduced_board_inner_ring_center_7x7_fixed_r2,rule,adjacent
corrected_reduced_board_inner_ring_center_7x7_fixed_r2,rule,net
corrected_reduced_board_inner_ring_center_7x7_fixed_r2,rule,net
corrected_reduced_board_inner_ring_center_7x7_fixed_r2,rule,adjacent
corrected_reduced_board_inner_ring_center_7x7_fixed_r2,rule,adjacent
corrected_reduced_board_inner_ring_center_7x7_fixed_r2,rule,adjacent
corrected_reduced_board_inner_ring_center_7x7_fixed_r2,random,adjacent
corrected_reduced_board_inner_ring_center_7x7_fixed_r2,rule,adjacent
corrected_reduced_board_inner_ring_center_7x7_fixed_r2,rule,net
corrected_reduced_board_inner_ring_center_7x7_fixed_r2,rule,net
corrected_reduced_board_inner_ring_center_7x7_fixed_r2,rule,net
corrected_reduced_board_inner_ring_center_7x7_fixed_r2,rule,adjacent
corrected_reduced_board_inner_ring_center_7x7_fixed_r2,rule,adjacent
corrected_reduced_board_inner_ring_center_7x7_fixed_r2,rule,adjacent
corrected_reduced_board_inner_ring_center_7x7_fixed_r2,rule,adjacent
corrected_reduced_board_inner_ring_center_7x7_goal10_r2,expectimax_d3,adjacent
corrected_reduced_board_inner_ring_center_7x7_goal10_r2,expectimax_d2,adjacent
corrected_reduced_board_inner_ring_center_7x7_goal10_r2,expectimax_d2,adjacent
corrected_reduced_board_inner_ring_center_7x7_goal10_r2,expectimax_d2,adjacent
corrected_reduced_board_inner_ring_center_7x7_goal10_r2,mcts,adjacent
corrected_reduced_board_inner_ring_center_7x7_goal10_r2,mcts,adjacent
corrected_reduced_board_inner_ring_center_7x7_goal10_r2,expectimax_d2,adjacent
corrected_reduced_board_inner_ring_center_7x7_goal10_r2,expectimax_d2,net
corrected_reduced_board_inner_ring_center_7x7_goal10_r2,expectimax_d2,net
corrected_reduced_board_inner_ring_center_7x7_goal10_r2,rule,adjacent
corrected_reduced_board_inner_ring_center_7x7_goal10_r2,expectimax_d3,adjacent
corrected_reduced_board_inner_ring_center_7x7_goal10_r2,expectimax_d3,adjacent
corrected_reduced_board_inner_ring_center_7x7_goal10_r2,expectimax_d3,net
corrected_reduced_board_inner_ring_center_7x7_goal10_r2,expectimax_d3,adjacent
corrected_reduced_board_inner_ring_center_7x7_goal10_r2,expectimax_d3,adjacent
corrected_reduced_board_inner_ring_center_7x7_goal10_r2,expectimax_d3,adjacent
corrected_reduced_board_inner_ring_center_7x7_goal10_r2,expectimax_d3,net
corrected_reduced_board_inner_ring_center_7x7_goal10_r2,expectimax_d3,net
corrected_reduced_board_inner_ring_center_7x7_goal10_r2,expectimax_d3,net
corrected_reduced_board_inner_ring_center_7x7_goal10_r2,rule,adjacent
corrected_reduced_board_inner_ring_center_7x7_goal10_r2,expectimax_d2,adjacent
corrected_reduced_board_inner_ring_center_7x7_goal10_r2,greedy,adjacent
corrected_reduced_board_inner_ring_center_7x7_goal10_r2,greedy,adjacent
corrected_reduced_board_inner_ring_center_7x7_goal10_r2,expectimax_d3,adjacent
corrected_reduced_board_inner_ring_center_7x7_goal10_r2,expectimax_d3,adjacent
corrected_reduced_board_inner_ring_center_7x7_goal10_r2,greedy,adjacent
corrected_reduced_board_inner_ring_center_7x7_goal10_r2,mcts,adjacent
corrected_reduced_board_inner_ring_center_7x7_goal10_r2,greedy,adjacent
corrected_reduced_board_inner_ring_center_7x7_goal10_r2,mcts,adjacent
corrected_reduced_board_inner_ring_center_7x7_goal10_r2,greedy,adjacent
corrected_reduced_board_inner_ring_center_7x7_goal10_r2,greedy,net
corrected_reduced_board_inner_ring_center_7x7_goal10_r2,greedy,adjacent
corrected_reduced_board_inner_ring_center_7x7_goal10_r2,rule,adjacent
corrected_reduced_board_inner_ring_center_7x7_goal10_r2,rule,adjacent
corrected_reduced_board_inner_ring_center_7x7_goal10_r2,mcts,adjacent
corrected_reduced_board_inner_ring_center_7x7_goal10_r2,expectimax_d3,adjacent
corrected_reduced_board_inner_ring_center_7x7_goal10_r2,expectimax_d3,adjacent
corrected_reduced_board_inner_ring_center_7x7_goal10_r2,mcts,adjacent
corrected_reduced_board_inner_ring_center_7x7_goal10_r2,mcts,adjacent
corrected_reduced_board_inner_ring_center_7x7_goal10_r2,rule,adjacent
corrected_reduced_board_inner_ring_center_7x7_goal10_r2,random,adjacent
corrected_reduced_board_inner_ring_center_7x7_goal10_r2,expectimax_d2,adjacent
corrected_reduced_board_inner_ring_center_7x7_goal10_r2,expectimax_d3,net
corrected_reduced_board_inner_ring_center_7x7_goal10_r2,expectimax_d3,adjacent
corrected_reduced_board_inner_ring_center_7x7_goal10_r2,random,adjacent
corrected_reduced_board_inner_ring_center_7x7_goal10_r2,greedy,adjacent
corrected_reduced_board_inner_ring_center_7x7_goal10_r2,mcts,adjacent
corrected_reduced_board_inner_ring_center_7x7_goal10_r2,random,adjacent
corrected_reduced_board_inner_ring_center_7x7_goal10_r2,mcts,adjacent
corrected_reduced_board_inner_ring_center_7x7_goal10_r2,random,adjacent
corrected_reduced_board_inner_ring_center_7x7_goal10_r2,rule,adjacent
corrected_reduced_board_inner_ring_center_7x7_goal10_r2,expectimax_d2,adjacent
corrected_reduced_board_inner_ring_center_7x7_goal10_r2,expectimax_d2,adjacent
corrected_reduced_board_inner_ring_center_7x7_goal10_r2,expectimax_d3,adjacent
corrected_reduced_board_inner_ring_center_7x7_goal10_r2,expectimax_d3,adjacent
corrected_reduced_board_inner_ring_center_7x7_goal10_r2,greedy,adjacent
corrected_reduced_board_inner_ring_center_7x7_goal10_r2,greedy,adjacent
corrected_reduced_board_inner_ring_center_7x7_goal10_r2,mcts,adjacent
corrected_reduced_board_inner_ring_center_7x7_goal10_r2,mcts,adjacent
corrected_reduced_board_inner_ring_center_7x7_goal10_r2,rule,adjacent
corrected_reduced_board_inner_ring_center_7x7_goal10_r2,random,adjacent
corrected_reduced_board_inner_ring_center_7x7_goal40_r2,expectimax_d3,adjacent
corrected_reduced_board_inner_ring_center_7x7_goal40_r2,expectimax_d2,net
corrected_reduced_board_inner_ring_center_7x7_goal40_r2,expectimax_d2,adjacent
corrected_reduced_board_inner_ring_center_7x7_goal40_r2,expectimax_d3,adjacent
corrected_reduced_board_inner_ring_center_7x7_goal40_r2,expectimax_d3,adjacent
corrected_reduced_board_inner_ring_center_7x7_goal40_r2,expectimax_d2,adjacent
corrected_reduced_board_inner_ring_center_7x7_goal40_r2,expectimax_d3,adjacent
corrected_reduced_board_inner_ring_center_7x7_goal40_r2,expectimax_d3,adjacent
corrected_reduced_board_inner_ring_center_7x7_goal40_r2,expectimax_d2,adjacent
corrected_reduced_board_inner_ring_center_7x7_goal40_r2,expectimax_d2,adjacent
corrected_reduced_board_inner_ring_center_7x7_goal40_r2,expectimax_d2,adjacent
corrected_reduced_board_inner_ring_center_7x7_goal40_r2,expectimax_d3,adjacent
corrected_reduced_board_inner_ring_center_7x7_goal40_r2,greedy,adjacent
corrected_reduced_board_inner_ring_center_7x7_goal40_r2,expectimax_d2,net
corrected_reduced_board_inner_ring_center_7x7_goal40_r2,expectimax_d2,net
corrected_reduced_board_inner_ring_center_7x7_goal40_r2,expectimax_d2,net
corrected_reduced_board_inner_ring_center_7x7_goal40_r2,greedy,adjacent
corrected_reduced_board_inner_ring_center_7x7_goal40_r2,expectimax_d2,adjacent
corrected_reduced_board_inner_ring_center_7x7_goal40_r2,greedy,adjacent
corrected_reduced_board_inner_ring_center_7x7_goal40_r2,expectimax_d2,adjacent
corrected_reduced_board_inner_ring_center_7x7_goal40_r2,expectimax_d2,adjacent
corrected_reduced_board_inner_ring_center_7x7_goal40_r2,greedy,adjacent
corrected_reduced_board_inner_ring_center_7x7_goal40_r2,expectimax_d2,adjacent
corrected_reduced_board_inner_ring_center_7x7_goal40_r2,greedy,adjacent
corrected_reduced_board_inner_ring_center_7x7_goal40_r2,expectimax_d2,adjacent
corrected_reduced_board_inner_ring_center_7x7_goal40_r2,expectimax_d2,net
corrected_reduced_board_inner_ring_center_7x7_goal40_r2,expectimax_d2,net
corrected_reduced_board_inner_ring_center_7x7_goal40_r2,expectimax_d2,adjacent
corrected_reduced_board_inner_ring_center_7x7_goal40_r2,expectimax_d2,adjacent
corrected_reduced_board_inner_ring_center_7x7_goal40_r2,expectimax_d2,adjacent
corrected_reduced_board_inner_ring_center_7x7_goal40_r2,mcts,adjacent
corrected_reduced_board_inner_ring_center_7x7_goal40_r2,expectimax_d2,adjacent
corrected_reduced_board_inner_ring_center_7x7_goal40_r2,expectimax_d2,net
corrected_reduced_board_inner_ring_center_7x7_goal40_r2,expectimax_d2,adjacent
corrected_reduced_board_inner_ring_center_7x7_goal40_r2,expectimax_d2,net
corrected_reduced_board_inner_ring_center_7x7_goal40_r2,expectimax_d2,net
corrected_reduced_board_inner_ring_center_7x7_goal40_r2,expectimax_d2,adjacent
corrected_reduced_board_inner_ring_center_7x7_goal40_r2,expectimax_d2,adjacent
corrected_reduced_board_inner_ring_center_7x7_goal40_r2,expectimax_d2,net
corrected_reduced_board_inner_ring_center_7x7_goal40_r2,expectimax_d2,adjacent
corrected_reduced_board_inner_ring_center_7x7_goal40_r2,expectimax_d2,adjacent
corrected_reduced_board_inner_ring_center_7x7_goal40_r2,random,adjacent
corrected_reduced_board_inner_ring_center_7x7_goal40_r2,expectimax_d2,adjacent
corrected_reduced_board_inner_ring_center_7x7_goal40_r2,expectimax_d2,net
corrected_reduced_board_inner_ring_center_7x7_goal40_r2,expectimax_d2,adjacent
corrected_reduced_board_inner_ring_center_7x7_goal40_r2,expectimax_d2,net
corrected_reduced_board_inner_ring_center_7x7_goal40_r2,expectimax_d2,net
corrected_reduced_board_inner_ring_center_7x7_goal40_r2,rule,adjacent
corrected_reduced_board_inner_ring_center_7x7_goal40_r2,rule,adjacent
corrected_reduced_board_inner_ring_center_7x7_goal40_r2,rule,adjacent
corrected_reduced_board_inner_ring_center_7x7_goal40_r2,rule,adjacent
corrected_reduced_board_inner_ring_center_7x7_goal40_r2,expectimax_d2,adjacent
corrected_reduced_board_inner_ring_center_7x7_goal40_r2,expectimax_d2,adjacent
corrected_reduced_board_inner_ring_center_7x7_goal40_r2,rule,adjacent
corrected_reduced_board_inner_ring_center_7x7_goal40_r2,rule,adjacent
corrected_reduced_board_inner_ring_center_7x7_goal40_r2,expectimax_d2,adjacent
corrected_reduced_board_inner_ring_center_7x7_goal40_r2,expectimax_d2,adjacent
corrected_reduced_board_inner_ring_center_7x7_goal40_r2,expectimax_d2,adjacent
corrected_reduced_board_inner_ring_center_7x7_goal40_r2,rule,adjacent
corrected_reduced_board_inner_ring_center_7x7_goal40_r2,expectimax_d2,adjacent
corrected_reduced_board_inner_ring_center_7x7_goal40_r2,expectimax_d3,net
corrected_reduced_board_inner_ring_center_7x7_goal40_r2,expectimax_d3,adjacent
corrected_reduced_board_inner_ring_center_7x7_goal40_r2,expectimax_d3,adjacent
corrected_reduced_board_inner_ring_center_7x7_goal40_r2,expectimax_d2,adjacent
corrected_reduced_board_inner_ring_center_7x7_goal40_r2,expectimax_d2,adjacent
corrected_reduced_board_inner_ring_center_7x7_goal40_r2,expectimax_d3,adjacent
corrected_reduced_board_inner_ring_center_7x7_goal40_r2,expectimax_d2,adjacent
corrected_reduced_board_inner_ring_center_7x7_goal40_r2,expectimax_d3,adjacent
corrected_reduced_board_inner_ring_center_7x7_goal40_r2,expectimax_d3,adjacent
corrected_reduced_board_inner_ring_center_7x7_goal40_r2,expectimax_d2,adjacent
corrected_reduced_board_inner_ring_center_7x7_goal40_r2,expectimax_d3,adjacent
corrected_reduced_board_inner_ring_center_7x7_goal40_r2,expectimax_d2,adjacent
corrected_reduced_board_inner_ring_center_7x7_goal40_r2,greedy,adjacent
corrected_reduced_board_inner_ring_center_7x7_goal40_r2,expectimax_d3,net
corrected_reduced_board_inner_ring_center_7x7_goal40_r2,expectimax_d3,net
corrected_reduced_board_inner_ring_center_7x7_goal40_r2,expectimax_d3,net
corrected_reduced_board_inner_ring_center_7x7_goal40_r2,greedy,adjacent
corrected_reduced_board_inner_ring_center_7x7_goal40_r2,expectimax_d3,adjacent
corrected_reduced_board_inner_ring_center_7x7_goal40_r2,greedy,adjacent
corrected_reduced_board_inner_ring_center_7x7_goal40_r2,expectimax_d3,adjacent
corrected_reduced_board_inner_ring_center_7x7_goal40_r2,expectimax_d3,adjacent
corrected_reduced_board_inner_ring_center_7x7_goal40_r2,expectimax_d3,adjacent
corrected_reduced_board_inner_ring_center_7x7_goal40_r2,expectimax_d3,adjacent
corrected_reduced_board_inner_ring_center_7x7_goal40_r2,greedy,adjacent
corrected_reduced_board_inner_ring_center_7x7_goal40_r2,expectimax_d3,net
corrected_reduced_board_inner_ring_center_7x7_goal40_r2,expectimax_d3,adjacent
corrected_reduced_board_inner_ring_center_7x7_goal40_r2,expectimax_d3,adjacent
corrected_reduced_board_inner_ring_center_7x7_goal40_r2,expectimax_d3,net
corrected_reduced_board_inner_ring_center_7x7_goal40_r2,mcts,adjacent
corrected_reduced_board_inner_ring_center_7x7_goal40_r2,mcts,net
corrected_reduced_board_inner_ring_center_7x7_goal40_r2,expectimax_d3,adjacent
corrected_reduced_board_inner_ring_center_7x7_goal40_r2,expectimax_d3,adjacent
corrected_reduced_board_inner_ring_center_7x7_goal40_r2,expectimax_d3,adjacent
corrected_reduced_board_inner_ring_center_7x7_goal40_r2,mcts,adjacent
corrected_reduced_board_inner_ring_center_7x7_goal40_r2,expectimax_d3,adjacent
corrected_reduced_board_inner_ring_center_7x7_goal40_r2,expectimax_d3,adjacent
corrected_reduced_board_inner_ring_center_7x7_goal40_r2,mcts,adjacent
corrected_reduced_board_inner_ring_center_7x7_goal40_r2,expectimax_d3,net
corrected_reduced_board_inner_ring_center_7x7_goal40_r2,mcts,adjacent
corrected_reduced_board_inner_ring_center_7x7_goal40_r2,expectimax_d3,adjacent
corrected_reduced_board_inner_ring_center_7x7_goal40_r2,expectimax_d3,net
corrected_reduced_board_inner_ring_center_7x7_goal40_r2,expectimax_d3,adjacent
corrected_reduced_board_inner_ring_center_7x7_goal40_r2,expectimax_d3,adjacent
corrected_reduced_board_inner_ring_center_7x7_goal40_r2,random,net
corrected_reduced_board_inner_ring_center_7x7_goal40_r2,expectimax_d3,net
corrected_reduced_board_inner_ring_center_7x7_goal40_r2,expectimax_d3,net
corrected_reduced_board_inner_ring_center_7x7_goal40_r2,expectimax_d3,net
corrected_reduced_board_inner_ring_center_7x7_goal40_r2,expectimax_d3,adjacent
corrected_reduced_board_inner_ring_center_7x7_goal40_r2,expectimax_d3,net
corrected_reduced_board_inner_ring_center_7x7_goal40_r2,random,adjacent
corrected_reduced_board_inner_ring_center_7x7_goal40_r2,expectimax_d3,adjacent
corrected_reduced_board_inner_ring_center_7x7_goal40_r2,expectimax_d3,adjacent
corrected_reduced_board_inner_ring_center_7x7_goal40_r2,rule,adjacent
corrected_reduced_board_inner_ring_center_7x7_goal40_r2,rule,adjacent
corrected_reduced_board_inner_ring_center_7x7_goal40_r2,rule,adjacent
corrected_reduced_board_inner_ring_center_7x7_goal40_r2,expectimax_d3,adjacent
corrected_reduced_board_inner_ring_center_7x7_goal40_r2,rule,adjacent
corrected_reduced_board_inner_ring_center_7x7_goal40_r2,rule,adjacent
corrected_reduced_board_inner_ring_center_7x7_goal40_r2,expectimax_d3,adjacent
corrected_reduced_board_inner_ring_center_7x7_goal40_r2,rule,adjacent
corrected_reduced_board_inner_ring_center_7x7_goal40_r2,rule,adjacent
corrected_reduced_board_inner_ring_center_7x7_goal40_r2,expectimax_d3,adjacent
corrected_reduced_board_inner_ring_center_7x7_goal40_r2,rule,net
corrected_reduced_board_inner_ring_center_7x7_goal40_r2,expectimax_d3,adjacent
corrected_reduced_board_inner_ring_center_7x7_goal40_r2,rule,adjacent
corrected_reduced_board_inner_ring_center_7x7_goal40_r2,expectimax_d3,adjacent
corrected_reduced_board_inner_ring_center_7x7_goal40_r2,expectimax_d2,adjacent
corrected_reduced_board_inner_ring_center_7x7_goal40_r2,greedy,net
corrected_reduced_board_inner_ring_center_7x7_goal40_r2,greedy,adjacent
corrected_reduced_board_inner_ring_center_7x7_goal40_r2,greedy,adjacent
corrected_reduced_board_inner_ring_center_7x7_goal40_r2,expectimax_d2,adjacent
corrected_reduced_board_inner_ring_center_7x7_goal40_r2,expectimax_d2,adjacent
corrected_reduced_board_inner_ring_center_7x7_goal40_r2,expectimax_d2,adjacent
corrected_reduced_board_inner_ring_center_7x7_goal40_r2,greedy,adjacent
corrected_reduced_board_inner_ring_center_7x7_goal40_r2,expectimax_d2,adjacent
corrected_reduced_board_inner_ring_center_7x7_goal40_r2,greedy,adjacent
corrected_reduced_board_inner_ring_center_7x7_goal40_r2,greedy,adjacent
corrected_reduced_board_inner_ring_center_7x7_goal40_r2,greedy,adjacent
corrected_reduced_board_inner_ring_center_7x7_goal40_r2,greedy,adjacent
corrected_reduced_board_inner_ring_center_7x7_goal40_r2,greedy,adjacent
corrected_reduced_board_inner_ring_center_7x7_goal40_r2,expectimax_d2,adjacent
corrected_reduced_board_inner_ring_center_7x7_goal40_r2,expectimax_d3,adjacent
corrected_reduced_board_inner_ring_center_7x7_goal40_r2,greedy,net
corrected_reduced_board_inner_ring_center_7x7_goal40_r2,greedy,adjacent
corrected_reduced_board_inner_ring_center_7x7_goal40_r2,expectimax_d3,adjacent
corrected_reduced_board_inner_ring_center_7x7_goal40_r2,expectimax_d3,adjacent
corrected_reduced_board_inner_ring_center_7x7_goal40_r2,expectimax_d3,adjacent
corrected_reduced_board_inner_ring_center_7x7_goal40_r2,expectimax_d3,adjacent
corrected_reduced_board_inner_ring_center_7x7_goal40_r2,greedy,adjacent
corrected_reduced_board_inner_ring_center_7x7_goal40_r2,expectimax_d3,adjacent
corrected_reduced_board_inner_ring_center_7x7_goal40_r2,expectimax_d3,adjacent
corrected_reduced_board_inner_ring_center_7x7_goal40_r2,greedy,adjacent
corrected_reduced_board_inner_ring_center_7x7_goal40_r2,greedy,adjacent
corrected_reduced_board_inner_ring_center_7x7_goal40_r2,greedy,adjacent
corrected_reduced_board_inner_ring_center_7x7_goal40_r2,expectimax_d3,adjacent
corrected_reduced_board_inner_ring_center_7x7_goal40_r2,greedy,net
corrected_reduced_board_inner_ring_center_7x7_goal40_r2,greedy,net
corrected_reduced_board_inner_ring_center_7x7_goal40_r2,greedy,adjacent
corrected_reduced_board_inner_ring_center_7x7_goal40_r2,mcts,adjacent
corrected_reduced_board_inner_ring_center_7x7_goal40_r2,mcts,adjacent
corrected_reduced_board_inner_ring_center_7x7_goal40_r2,greedy,net
corrected_reduced_board_inner_ring_center_7x7_goal40_r2,greedy,net
corrected_reduced_board_inner_ring_center_7x7_goal40_r2,greedy,net
corrected_reduced_board_inner_ring_center_7x7_goal40_r2,greedy,adjacent
corrected_reduced_board_inner_ring_center_7x7_goal40_r2,greedy,adjacent
corrected_reduced_board_inner_ring_center_7x7_goal40_r2,greedy,adjacent
corrected_reduced_board_inner_ring_center_7x7_goal40_r2,greedy,adjacent
corrected_reduced_board_inner_ring_center_7x7_goal40_r2,greedy,net
corrected_reduced_board_inner_ring_center_7x7_goal40_r2,greedy,adjacent
corrected_reduced_board_inner_ring_center_7x7_goal40_r2,greedy,adjacent
corrected_reduced_board_inner_ring_center_7x7_goal40_r2,greedy,net
corrected_reduced_board_inner_ring_center_7x7_goal40_r2,greedy,adjacent
corrected_reduced_board_inner_ring_center_7x7_goal40_r2,greedy,adjacent
corrected_reduced_board_inner_ring_center_7x7_goal40_r2,random,adjacent
corrected_reduced_board_inner_ring_center_7x7_goal40_r2,greedy,adjacent
corrected_reduced_board_inner_ring_center_7x7_goal40_r2,greedy,net
corrected_reduced_board_inner_ring_center_7x7_goal40_r2,greedy,adjacent
corrected_reduced_board_inner_ring_center_7x7_goal40_r2,greedy,adjacent
corrected_reduced_board_inner_ring_center_7x7_goal40_r2,greedy,net
corrected_reduced_board_inner_ring_center_7x7_goal40_r2,rule,adjacent
corrected_reduced_board_inner_ring_center_7x7_goal40_r2,rule,adjacent
corrected_reduced_board_inner_ring_center_7x7_goal40_r2,rule,adjacent
corrected_reduced_board_inner_ring_center_7x7_goal40_r2,rule,adjacent
corrected_reduced_board_inner_ring_center_7x7_goal40_r2,rule,adjacent
corrected_reduced_board_inner_ring_center_7x7_goal40_r2,rule,adjacent
corrected_reduced_board_inner_ring_center_7x7_goal40_r2,rule,adjacent
corrected_reduced_board_inner_ring_center_7x7_goal40_r2,greedy,adjacent
corrected_reduced_board_inner_ring_center_7x7_goal40_r2,rule,adjacent
corrected_reduced_board_inner_ring_center_7x7_goal40_r2,greedy,adjacent
corrected_reduced_board_inner_ring_center_7x7_goal40_r2,rule,adjacent
corrected_reduced_board_inner_ring_center_7x7_goal40_r2,greedy,adjacent
corrected_reduced_board_inner_ring_center_7x7_goal40_r2,greedy,adjacent
corrected_reduced_board_inner_ring_center_7x7_goal40_r2,greedy,adjacent
corrected_reduced_board_inner_ring_center_7x7_goal40_r2,rule,adjacent
corrected_reduced_board_inner_ring_center_7x7_goal40_r2,expectimax_d2,adjacent
corrected_reduced_board_inner_ring_center_7x7_goal40_r2,expectimax_d2,adjacent
corrected_reduced_board_inner_ring_center_7x7_goal40_r2,expectimax_d2,adjacent
corrected_reduced_board_inner_ring_center_7x7_goal40_r2,expectimax_d2,adjacent
corrected_reduced_board_inner_ring_center_7x7_goal40_r2,expectimax_d2,adjacent
corrected_reduced_board_inner_ring_center_7x7_goal40_r2,expectimax_d2,adjacent
corrected_reduced_board_inner_ring_center_7x7_goal40_r2,expectimax_d2,adjacent
corrected_reduced_board_inner_ring_center_7x7_goal40_r2,expectimax_d2,adjacent
corrected_reduced_board_inner_ring_center_7x7_goal40_r2,expectimax_d2,adjacent
corrected_reduced_board_inner_ring_center_7x7_goal40_r2,expectimax_d3,adjacent
corrected_reduced_board_inner_ring_center_7x7_goal40_r2,mcts,adjacent
corrected_reduced_board_inner_ring_center_7x7_goal40_r2,expectimax_d3,adjacent
corrected_reduced_board_inner_ring_center_7x7_goal40_r2,expectimax_d3,adjacent
corrected_reduced_board_inner_ring_center_7x7_goal40_r2,expectimax_d3,adjacent
corrected_reduced_board_inner_ring_center_7x7_goal40_r2,mcts,adjacent
corrected_reduced_board_inner_ring_center_7x7_goal40_r2,expectimax_d3,adjacent
corrected_reduced_board_inner_ring_center_7x7_goal40_r2,expectimax_d3,adjacent
corrected_reduced_board_inner_ring_center_7x7_goal40_r2,expectimax_d3,adjacent
corrected_reduced_board_inner_ring_center_7x7_goal40_r2,expectimax_d3,adjacent
corrected_reduced_board_inner_ring_center_7x7_goal40_r2,greedy,adjacent
corrected_reduced_board_inner_ring_center_7x7_goal40_r2,greedy,adjacent
corrected_reduced_board_inner_ring_center_7x7_goal40_r2,greedy,adjacent
corrected_reduced_board_inner_ring_center_7x7_goal40_r2,greedy,adjacent
corrected_reduced_board_inner_ring_center_7x7_goal40_r2,mcts,adjacent
corrected_reduced_board_inner_ring_center_7x7_goal40_r2,greedy,adjacent
corrected_reduced_board_inner_ring_center_7x7_goal40_r2,greedy,adjacent
corrected_reduced_board_inner_ring_center_7x7_goal40_r2,greedy,net
corrected_reduced_board_inner_ring_center_7x7_goal40_r2,greedy,adjacent
corrected_reduced_board_inner_ring_center_7x7_goal40_r2,greedy,adjacent
corrected_reduced_board_inner_ring_center_7x7_goal40_r2,greedy,adjacent
corrected_reduced_board_inner_ring_center_7x7_goal40_r2,mcts,adjacent
corrected_reduced_board_inner_ring_center_7x7_goal40_r2,greedy,adjacent
corrected_reduced_board_inner_ring_center_7x7_goal40_r2,mcts,net
corrected_reduced_board_inner_ring_center_7x7_goal40_r2,mcts,adjacent
corrected_reduced_board_inner_ring_center_7x7_goal40_r2,mcts,net
corrected_reduced_board_inner_ring_center_7x7_goal40_r2,mcts,adjacent
corrected_reduced_board_inner_ring_center_7x7_goal40_r2,mcts,net
corrected_reduced_board_inner_ring_center_7x7_goal40_r2,mcts,net
corrected_reduced_board_inner_ring_center_7x7_goal40_r2,mcts,net
corrected_reduced_board_inner_ring_center_7x7_goal40_r2,mcts,adjacent
corrected_reduced_board_inner_ring_center_7x7_goal40_r2,mcts,adjacent
corrected_reduced_board_inner_ring_center_7x7_goal40_r2,random,adjacent
corrected_reduced_board_inner_ring_center_7x7_goal40_r2,rule,adjacent
corrected_reduced_board_inner_ring_center_7x7_goal40_r2,rule,adjacent
corrected_reduced_board_inner_ring_center_7x7_goal40_r2,rule,adjacent
corrected_reduced_board_inner_ring_center_7x7_goal40_r2,rule,adjacent
corrected_reduced_board_inner_ring_center_7x7_goal40_r2,mcts,adjacent
corrected_reduced_board_inner_ring_center_7x7_goal40_r2,rule,adjacent
corrected_reduced_board_inner_ring_center_7x7_goal40_r2,rule,adjacent
corrected_reduced_board_inner_ring_center_7x7_goal40_r2,rule,net
corrected_reduced_board_inner_ring_center_7x7_goal40_r2,rule,adjacent
corrected_reduced_board_inner_ring_center_7x7_goal40_r2,mcts,adjacent
corrected_reduced_board_inner_ring_center_7x7_goal40_r2,rule,adjacent
corrected_reduced_board_inner_ring_center_7x7_goal40_r2,mcts,adjacent
corrected_reduced_board_inner_ring_center_7x7_goal40_r2,rule,adjacent
corrected_reduced_board_inner_ring_center_7x7_goal40_r2,rule,adjacent
corrected_reduced_board_inner_ring_center_7x7_goal40_r2,expectimax_d2,net
corrected_reduced_board_inner_ring_center_7x7_goal40_r2,expectimax_d2,adjacent
corrected_reduced_board_inner_ring_center_7x7_goal40_r2,expectimax_d2,net
corrected_reduced_board_inner_ring_center_7x7_goal40_r2,expectimax_d2,net
corrected_reduced_board_inner_ring_center_7x7_goal40_r2,random,adjacent
corrected_reduced_board_inner_ring_center_7x7_goal40_r2,expectimax_d2,adjacent
corrected_reduced_board_inner_ring_center_7x7_goal40_r2,expectimax_d2,adjacent
corrected_reduced_board_inner_ring_center_7x7_goal40_r2,expectimax_d2,adjacent
corrected_reduced_board_inner_ring_center_7x7_goal40_r2,expectimax_d2,adjacent
corrected_reduced_board_inner_ring_center_7x7_goal40_r2,expectimax_d2,adjacent
corrected_reduced_board_inner_ring_center_7x7_goal40_r2,expectimax_d3,net
corrected_reduced_board_inner_ring_center_7x7_goal40_r2,expectimax_d3,adjacent
corrected_reduced_board_inner_ring_center_7x7_goal40_r2,expectimax_d3,net
corrected_reduced_board_inner_ring_center_7x7_goal40_r2,expectimax_d3,adjacent
corrected_reduced_board_inner_ring_center_7x7_goal40_r2,expectimax_d3,net
corrected_reduced_board_inner_ring_center_7x7_goal40_r2,expectimax_d3,adjacent
corrected_reduced_board_inner_ring_center_7x7_goal40_r2,expectimax_d3,adjacent
corrected_reduced_board_inner_ring_center_7x7_goal40_r2,expectimax_d3,adjacent
corrected_reduced_board_inner_ring_center_7x7_goal40_r2,expectimax_d3,adjacent
corrected_reduced_board_inner_ring_center_7x7_goal40_r2,expectimax_d3,adjacent
corrected_reduced_board_inner_ring_center_7x7_goal40_r2,expectimax_d3,adjacent
corrected_reduced_board_inner_ring_center_7x7_goal40_r2,random,net
corrected_reduced_board_inner_ring_center_7x7_goal40_r2,expectimax_d3,net
corrected_reduced_board_inner_ring_center_7x7_goal40_r2,greedy,net
corrected_reduced_board_inner_ring_center_7x7_goal40_r2,greedy,adjacent
corrected_reduced_board_inner_ring_center_7x7_goal40_r2,greedy,net
corrected_reduced_board_inner_ring_center_7x7_goal40_r2,greedy,net
corrected_reduced_board_inner_ring_center_7x7_goal40_r2,random,adjacent
corrected_reduced_board_inner_ring_center_7x7_goal40_r2,greedy,adjacent
corrected_reduced_board_inner_ring_center_7x7_goal40_r2,random,adjacent
corrected_reduced_board_inner_ring_center_7x7_goal40_r2,greedy,adjacent
corrected_reduced_board_inner_ring_center_7x7_goal40_r2,greedy,adjacent
corrected_reduced_board_inner_ring_center_7x7_goal40_r2,greedy,adjacent
corrected_reduced_board_inner_ring_center_7x7_goal40_r2,greedy,adjacent
corrected_reduced_board_inner_ring_center_7x7_goal40_r2,greedy,adjacent
corrected_reduced_board_inner_ring_center_7x7_goal40_r2,mcts,net
corrected_reduced_board_inner_ring_center_7x7_goal40_r2,mcts,adjacent
corrected_reduced_board_inner_ring_center_7x7_goal40_r2,random,adjacent
corrected_reduced_board_inner_ring_center_7x7_goal40_r2,mcts,net
corrected_reduced_board_inner_ring_center_7x7_goal40_r2,mcts,adjacent
corrected_reduced_board_inner_ring_center_7x7_goal40_r2,mcts,adjacent
corrected_reduced_board_inner_ring_center_7x7_goal40_r2,mcts,adjacent
corrected_reduced_board_inner_ring_center_7x7_goal40_r2,mcts,adjacent
corrected_reduced_board_inner_ring_center_7x7_goal40_r2,mcts,adjacent
corrected_reduced_board_inner_ring_center_7x7_goal40_r2,rule,net
corrected_reduced_board_inner_ring_center_7x7_goal40_r2,rule,adjacent
corrected_reduced_board_inner_ring_center_7x7_goal40_r2,rule,net
corrected_reduced_board_inner_ring_center_7x7_goal40_r2,rule,net
corrected_reduced_board_inner_ring_center_7x7_goal40_r2,random,adjacent
corrected_reduced_board_inner_ring_center_7x7_goal40_r2,rule,adjacent
corrected_reduced_board_inner_ring_center_7x7_goal40_r2,rule,adjacent
corrected_reduced_board_inner_ring_center_7x7_goal40_r2,rule,adjacent
corrected_reduced_board_inner_ring_center_7x7_goal40_r2,rule,adjacent
corrected_reduced_board_inner_ring_center_7x7_goal40_r2,rule,adjacent
corrected_reduced_board_inner_ring_center_7x7_goal40_r2,rule,adjacent
corrected_reduced_board_inner_ring_center_7x7_goal40_r2,random,adjacent
corrected_reduced_board_inner_ring_center_7x7_goal40_r2,rule,net
corrected_reduced_board_inner_ring_center_7x7_goal40_r2,rule,net
corrected_reduced_board_inner_ring_center_7x7_goal40_r2,expectimax_d2,adjacent
corrected_reduced_board_inner_ring_center_7x7_goal40_r2,rule,net
corrected_reduced_board_inner_ring_center_7x7_goal40_r2,rule,adjacent
corrected_reduced_board_inner_ring_center_7x7_goal40_r2,rule,adjacent
corrected_reduced_board_inner_ring_center_7x7_goal40_r2,expectimax_d2,adjacent
corrected_reduced_board_inner_ring_center_7x7_goal40_r2,expectimax_d2,adjacent
corrected_reduced_board_inner_ring_center_7x7_goal40_r2,expectimax_d2,adjacent
corrected_reduced_board_inner_ring_center_7x7_goal40_r2,rule,adjacent
corrected_reduced_board_inner_ring_center_7x7_goal40_r2,expectimax_d2,adjacent
corrected_reduced_board_inner_ring_center_7x7_goal40_r2,expectimax_d2,adjacent
corrected_reduced_board_inner_ring_center_7x7_goal40_r2,rule,adjacent
corrected_reduced_board_inner_ring_center_7x7_goal40_r2,expectimax_d2,adjacent
corrected_reduced_board_inner_ring_center_7x7_goal40_r2,rule,adjacent
corrected_reduced_board_inner_ring_center_7x7_goal40_r2,expectimax_d2,adjacent
corrected_reduced_board_inner_ring_center_7x7_goal40_r2,expectimax_d3,adjacent
corrected_reduced_board_inner_ring_center_7x7_goal40_r2,rule,net
corrected_reduced_board_inner_ring_center_7x7_goal40_r2,rule,adjacent
corrected_reduced_board_inner_ring_center_7x7_goal40_r2,expectimax_d3,adjacent
corrected_reduced_board_inner_ring_center_7x7_goal40_r2,expectimax_d3,adjacent
corrected_reduced_board_inner_ring_center_7x7_goal40_r2,expectimax_d3,adjacent
corrected_reduced_board_inner_ring_center_7x7_goal40_r2,expectimax_d3,adjacent
corrected_reduced_board_inner_ring_center_7x7_goal40_r2,rule,adjacent
corrected_reduced_board_inner_ring_center_7x7_goal40_r2,expectimax_d3,adjacent
corrected_reduced_board_inner_ring_center_7x7_goal40_r2,expectimax_d3,adjacent
corrected_reduced_board_inner_ring_center_7x7_goal40_r2,rule,adjacent
corrected_reduced_board_inner_ring_center_7x7_goal40_r2,expectimax_d3,adjacent
corrected_reduced_board_inner_ring_center_7x7_goal40_r2,rule,adjacent
corrected_reduced_board_inner_ring_center_7x7_goal40_r2,expectimax_d3,adjacent
corrected_reduced_board_inner_ring_center_7x7_goal40_r2,greedy,adjacent
corrected_reduced_board_inner_ring_center_7x7_goal40_r2,rule,net
corrected_reduced_board_inner_ring_center_7x7_goal40_r2,rule,net
corrected_reduced_board_inner_ring_center_7x7_goal40_r2,rule,adjacent
corrected_reduced_board_inner_ring_center_7x7_goal40_r2,greedy,adjacent
corrected_reduced_board_inner_ring_center_7x7_goal40_r2,greedy,adjacent
corrected_reduced_board_inner_ring_center_7x7_goal40_r2,greedy,adjacent
corrected_reduced_board_inner_ring_center_7x7_goal40_r2,rule,adjacent
corrected_reduced_board_inner_ring_center_7x7_goal40_r2,greedy,adjacent
corrected_reduced_board_inner_ring_center_7x7_goal40_r2,rule,adjacent
corrected_reduced_board_inner_ring_center_7x7_goal40_r2,greedy,adjacent
corrected_reduced_board_inner_ring_center_7x7_goal40_r2,rule,adjacent
corrected_reduced_board_inner_ring_center_7x7_goal40_r2,greedy,adjacent
corrected_reduced_board_inner_ring_center_7x7_goal40_r2,rule,adjacent
corrected_reduced_board_inner_ring_center_7x7_goal40_r2,greedy,adjacent
corrected_reduced_board_inner_ring_center_7x7_goal40_r2,rule,net
corrected_reduced_board_inner_ring_center_7x7_goal40_r2,rule,net
corrected_reduced_board_inner_ring_center_7x7_goal40_r2,rule,adjacent
corrected_reduced_board_inner_ring_center_7x7_goal40_r2,rule,adjacent
corrected_reduced_board_inner_ring_center_7x7_goal40_r2,rule,adjacent
corrected_reduced_board_inner_ring_center_7x7_goal40_r2,rule,adjacent
corrected_reduced_board_inner_ring_center_7x7_goal40_r2,rule,adjacent
corrected_reduced_board_inner_ring_center_7x7_goal40_r2,rule,adjacent
corrected_reduced_board_inner_ring_center_7x7_goal40_r2,rule,adjacent
corrected_reduced_board_inner_ring_center_7x7_goal40_r2,rule,adjacent
corrected_reduced_board_inner_ring_center_7x7_goal40_r2,rule,adjacent
corrected_reduced_board_inner_ring_center_7x7_goal40_r2,rule,adjacent
corrected_reduced_board_inner_ring_center_7x7_goal40_r2,rule,adjacent
corrected_reduced_board_inner_ring_center_7x7_goal40_r2,rule,net
corrected_reduced_board_inner_ring_center_7x7_goal40_r2,rule,adjacent
corrected_reduced_board_inner_ring_center_7x7_goal40_r2,rule,adjacent
corrected_reduced_board_inner_ring_center_7x7_goal40_r2,rule,net
corrected_reduced_board_inner_ring_center_7x7_goal40_r2,rule,adjacent
corrected_reduced_board_inner_ring_center_7x7_goal40_r2,rule,adjacent
corrected_reduced_board_inner_ring_center_7x7_goal40_r2,rule,adjacent
corrected_reduced_board_inner_ring_center_7x7_goal40_r2,rule,adjacent
corrected_reduced_board_inner_ring_center_7x7_goal40_r2,random,adjacent
corrected_reduced_board_inner_ring_center_7x7_goal40_r2,rule,adjacent
corrected_reduced_board_inner_ring_center_7x7_goal40_r2,rule,net
corrected_reduced_board_inner_ring_center_7x7_goal40_r2,rule,net
corrected_reduced_deck_movement_heavy_fixed_r2,expectimax_d2,adjacent
corrected_reduced_deck_movement_heavy_fixed_r2,expectimax_d3,adjacent
corrected_reduced_deck_movement_heavy_fixed_r2,expectimax_d2,adjacent
corrected_reduced_deck_movement_heavy_fixed_r2,expectimax_d3,adjacent
corrected_reduced_deck_movement_heavy_fixed_r2,expectimax_d2,adjacent
corrected_reduced_deck_movement_heavy_fixed_r2,expectimax_d3,net
corrected_reduced_deck_movement_heavy_fixed_r2,expectimax_d3,adjacent
corrected_reduced_deck_movement_heavy_fixed_r2,expectimax_d3,adjacent
corrected_reduced_deck_movement_heavy_fixed_r2,expectimax_d3,net
corrected_reduced_deck_movement_heavy_fixed_r2,expectimax_d2,adjacent
corrected_reduced_deck_movement_heavy_fixed_r2,expectimax_d2,adjacent
corrected_reduced_deck_movement_heavy_fixed_r2,expectimax_d2,adjacent
corrected_reduced_deck_movement_heavy_fixed_r2,expectimax_d2,adjacent
corrected_reduced_deck_movement_heavy_fixed_r2,greedy,adjacent
corrected_reduced_deck_movement_heavy_fixed_r2,expectimax_d2,adjacent
corrected_reduced_deck_movement_heavy_fixed_r2,greedy,adjacent
corrected_reduced_deck_movement_heavy_fixed_r2,expectimax_d2,adjacent
corrected_reduced_deck_movement_heavy_fixed_r2,greedy,adjacent
corrected_reduced_deck_movement_heavy_fixed_r2,greedy,adjacent
corrected_reduced_deck_movement_heavy_fixed_r2,expectimax_d2,adjacent
corrected_reduced_deck_movement_heavy_fixed_r2,greedy,net
corrected_reduced_deck_movement_heavy_fixed_r2,expectimax_d2,adjacent
corrected_reduced_deck_movement_heavy_fixed_r2,expectimax_d2,adjacent
corrected_reduced_deck_movement_heavy_fixed_r2,expectimax_d2,adjacent
corrected_reduced_deck_movement_heavy_fixed_r2,expectimax_d2,adjacent
corrected_reduced_deck_movement_heavy_fixed_r2,expectimax_d2,adjacent
corrected_reduced_deck_movement_heavy_fixed_r2,expectimax_d2,adjacent
corrected_reduced_deck_movement_heavy_fixed_r2,mcts,adjacent
corrected_reduced_deck_movement_heavy_fixed_r2,expectimax_d2,adjacent
corrected_reduced_deck_movement_heavy_fixed_r2,mcts,adjacent
corrected_reduced_deck_movement_heavy_fixed_r2,mcts,adjacent
corrected_reduced_deck_movement_heavy_fixed_r2,expectimax_d2,adjacent
corrected_reduced_deck_movement_heavy_fixed_r2,mcts,adjacent
corrected_reduced_deck_movement_heavy_fixed_r2,expectimax_d2,adjacent
corrected_reduced_deck_movement_heavy_fixed_r2,expectimax_d2,adjacent
corrected_reduced_deck_movement_heavy_fixed_r2,expectimax_d2,adjacent
corrected_reduced_deck_movement_heavy_fixed_r2,expectimax_d2,adjacent
corrected_reduced_deck_movement_heavy_fixed_r2,expectimax_d2,adjacent
corrected_reduced_deck_movement_heavy_fixed_r2,expectimax_d2,net
corrected_reduced_deck_movement_heavy_fixed_r2,expectimax_d2,adjacent
corrected_reduced_deck_movement_heavy_fixed_r2,expectimax_d2,adjacent
corrected_reduced_deck_movement_heavy_fixed_r2,expectimax_d2,adjacent
corrected_reduced_deck_movement_heavy_fixed_r2,expectimax_d2,adjacent
corrected_reduced_deck_movement_heavy_fixed_r2,expectimax_d2,adjacent
corrected_reduced_deck_movement_heavy_fixed_r2,expectimax_d2,adjacent
corrected_reduced_deck_movement_heavy_fixed_r2,expectimax_d2,adjacent
corrected_reduced_deck_movement_heavy_fixed_r2,rule,adjacent
corrected_reduced_deck_movement_heavy_fixed_r2,rule,adjacent
corrected_reduced_deck_movement_heavy_fixed_r2,expectimax_d2,adjacent
corrected_reduced_deck_movement_heavy_fixed_r2,expectimax_d2,adjacent
corrected_reduced_deck_movement_heavy_fixed_r2,expectimax_d2,adjacent
corrected_reduced_deck_movement_heavy_fixed_r2,rule,adjacent
corrected_reduced_deck_movement_heavy_fixed_r2,rule,adjacent
corrected_reduced_deck_movement_heavy_fixed_r2,expectimax_d2,adjacent
corrected_reduced_deck_movement_heavy_fixed_r2,rule,adjacent
corrected_reduced_deck_movement_heavy_fixed_r2,expectimax_d2,adjacent
corrected_reduced_deck_movement_heavy_fixed_r2,expectimax_d2,adjacent
corrected_reduced_deck_movement_heavy_fixed_r2,expectimax_d2,adjacent
corrected_reduced_deck_movement_heavy_fixed_r2,expectimax_d3,adjacent
corrected_reduced_deck_movement_heavy_fixed_r2,expectimax_d2,adjacent
corrected_reduced_deck_movement_heavy_fixed_r2,expectimax_d3,adjacent
corrected_reduced_deck_movement_heavy_fixed_r2,expectimax_d2,adjacent
corrected_reduced_deck_movement_heavy_fixed_r2,expectimax_d3,adjacent
corrected_reduced_deck_movement_heavy_fixed_r2,expectimax_d2,adjacent
corrected_reduced_deck_movement_heavy_fixed_r2,expectimax_d2,adjacent
corrected_reduced_deck_movement_heavy_fixed_r2,expectimax_d3,adjacent
corrected_reduced_deck_movement_heavy_fixed_r2,expectimax_d2,net
corrected_reduced_deck_movement_heavy_fixed_r2,expectimax_d3,adjacent
corrected_reduced_deck_movement_heavy_fixed_r2,expectimax_d3,adjacent
corrected_reduced_deck_movement_heavy_fixed_r2,expectimax_d3,adjacent
corrected_reduced_deck_movement_heavy_fixed_r2,expectimax_d3,adjacent
corrected_reduced_deck_movement_heavy_fixed_r2,greedy,adjacent
corrected_reduced_deck_movement_heavy_fixed_r2,expectimax_d3,adjacent
corrected_reduced_deck_movement_heavy_fixed_r2,greedy,adjacent
corrected_reduced_deck_movement_heavy_fixed_r2,expectimax_d3,adjacent
corrected_reduced_deck_movement_heavy_fixed_r2,greedy,adjacent
corrected_reduced_deck_movement_heavy_fixed_r2,greedy,adjacent
corrected_reduced_deck_movement_heavy_fixed_r2,expectimax_d3,adjacent
corrected_reduced_deck_movement_heavy_fixed_r2,greedy,net
corrected_reduced_deck_movement_heavy_fixed_r2,expectimax_d3,adjacent
corrected_reduced_deck_movement_heavy_fixed_r2,expectimax_d3,adjacent
corrected_reduced_deck_movement_heavy_fixed_r2,expectimax_d3,adjacent
corrected_reduced_deck_movement_heavy_fixed_r2,mcts,adjacent
corrected_reduced_deck_movement_heavy_fixed_r2,mcts,adjacent
corrected_reduced_deck_movement_heavy_fixed_r2,expectimax_d3,adjacent
corrected_reduced_deck_movement_heavy_fixed_r2,expectimax_d3,adjacent
corrected_reduced_deck_movement_heavy_fixed_r2,expectimax_d3,adjacent
corrected_reduced_deck_movement_heavy_fixed_r2,expectimax_d3,adjacent
corrected_reduced_deck_movement_heavy_fixed_r2,mcts,adjacent
corrected_reduced_deck_movement_heavy_fixed_r2,mcts,adjacent
corrected_reduced_deck_movement_heavy_fixed_r2,expectimax_d3,adjacent
corrected_reduced_deck_movement_heavy_fixed_r2,expectimax_d3,adjacent
corrected_reduced_deck_movement_heavy_fixed_r2,expectimax_d3,adjacent
corrected_reduced_deck_movement_heavy_fixed_r2,expectimax_d3,adjacent
corrected_reduced_deck_movement_heavy_fixed_r2,expectimax_d3,adjacent
corrected_reduced_deck_movement_heavy_fixed_r2,expectimax_d3,adjacent
corrected_reduced_deck_movement_heavy_fixed_r2,random,adjacent
corrected_reduced_deck_movement_heavy_fixed_r2,random,adjacent
corrected_reduced_deck_movement_heavy_fixed_r2,expectimax_d3,net
corrected_reduced_deck_movement_heavy_fixed_r2,expectimax_d3,adjacent
corrected_reduced_deck_movement_heavy_fixed_r2,expectimax_d3,adjacent
corrected_reduced_deck_movement_heavy_fixed_r2,expectimax_d3,adjacent
corrected_reduced_deck_movement_heavy_fixed_r2,expectimax_d3,net
corrected_reduced_deck_movement_heavy_fixed_r2,expectimax_d3,adjacent
corrected_reduced_deck_movement_heavy_fixed_r2,rule,adjacent
corrected_reduced_deck_movement_heavy_fixed_r2,rule,adjacent
corrected_reduced_deck_movement_heavy_fixed_r2,expectimax_d3,adjacent
corrected_reduced_deck_movement_heavy_fixed_r2,expectimax_d3,adjacent
corrected_reduced_deck_movement_heavy_fixed_r2,expectimax_d3,adjacent
corrected_reduced_deck_movement_heavy_fixed_r2,rule,adjacent
corrected_reduced_deck_movement_heavy_fixed_r2,rule,adjacent
corrected_reduced_deck_movement_heavy_fixed_r2,expectimax_d3,adjacent
corrected_reduced_deck_movement_heavy_fixed_r2,rule,adjacent
corrected_reduced_deck_movement_heavy_fixed_r2,expectimax_d3,adjacent
corrected_reduced_deck_movement_heavy_fixed_r2,expectimax_d3,adjacent
corrected_reduced_deck_movement_heavy_fixed_r2,expectimax_d3,adjacent
corrected_reduced_deck_movement_heavy_fixed_r2,greedy,adjacent
corrected_reduced_deck_movement_heavy_fixed_r2,expectimax_d2,adjacent
corrected_reduced_deck_movement_heavy_fixed_r2,greedy,adjacent
corrected_reduced_deck_movement_heavy_fixed_r2,expectimax_d2,adjacent
corrected_reduced_deck_movement_heavy_fixed_r2,greedy,adjacent
corrected_reduced_deck_movement_heavy_fixed_r2,expectimax_d2,adjacent
corrected_reduced_deck_movement_heavy_fixed_r2,expectimax_d2,adjacent
corrected_reduced_deck_movement_heavy_fixed_r2,greedy,adjacent
corrected_reduced_deck_movement_heavy_fixed_r2,expectimax_d2,net
corrected_reduced_deck_movement_heavy_fixed_r2,greedy,adjacent
corrected_reduced_deck_movement_heavy_fixed_r2,greedy,adjacent
corrected_reduced_deck_movement_heavy_fixed_r2,greedy,adjacent
corrected_reduced_deck_movement_heavy_fixed_r2,greedy,adjacent
corrected_reduced_deck_movement_heavy_fixed_r2,expectimax_d3,adjacent
corrected_reduced_deck_movement_heavy_fixed_r2,greedy,adjacent
corrected_reduced_deck_movement_heavy_fixed_r2,expectimax_d3,adjacent
corrected_reduced_deck_movement_heavy_fixed_r2,greedy,adjacent
corrected_reduced_deck_movement_heavy_fixed_r2,greedy,net
corrected_reduced_deck_movement_heavy_fixed_r2,expectimax_d3,adjacent
corrected_reduced_deck_movement_heavy_fixed_r2,expectimax_d3,adjacent
corrected_reduced_deck_movement_heavy_fixed_r2,expectimax_d3,net
corrected_reduced_deck_movement_heavy_fixed_r2,greedy,adjacent
corrected_reduced_deck_movement_heavy_fixed_r2,greedy,adjacent
corrected_reduced_deck_movement_heavy_fixed_r2,greedy,adjacent
corrected_reduced_deck_movement_heavy_fixed_r2,mcts,adjacent
corrected_reduced_deck_movement_heavy_fixed_r2,mcts,adjacent
corrected_reduced_deck_movement_heavy_fixed_r2,greedy,adjacent
corrected_reduced_deck_movement_heavy_fixed_r2,greedy,adjacent
corrected_reduced_deck_movement_heavy_fixed_r2,greedy,adjacent
corrected_reduced_deck_movement_heavy_fixed_r2,greedy,adjacent
corrected_reduced_deck_movement_heavy_fixed_r2,mcts,adjacent
corrected_reduced_deck_movement_heavy_fixed_r2,mcts,net
corrected_reduced_deck_movement_heavy_fixed_r2,mcts,adjacent
corrected_reduced_deck_movement_heavy_fixed_r2,greedy,adjacent
corrected_reduced_deck_movement_heavy_fixed_r2,greedy,adjacent
corrected_reduced_deck_movement_heavy_fixed_r2,greedy,adjacent
corrected_reduced_deck_movement_heavy_fixed_r2,greedy,adjacent
corrected_reduced_deck_movement_heavy_fixed_r2,greedy,adjacent
corrected_reduced_deck_movement_heavy_fixed_r2,random,adjacent
corrected_reduced_deck_movement_heavy_fixed_r2,random,adjacent
corrected_reduced_deck_movement_heavy_fixed_r2,greedy,adjacent
corrected_reduced_deck_movement_heavy_fixed_r2,greedy,adjacent
corrected_reduced_deck_movement_heavy_fixed_r2,greedy,adjacent
corrected_reduced_deck_movement_heavy_fixed_r2,greedy,adjacent
corrected_reduced_deck_movement_heavy_fixed_r2,greedy,adjacent
corrected_reduced_deck_movement_heavy_fixed_r2,greedy,adjacent
corrected_reduced_deck_movement_heavy_fixed_r2,greedy,adjacent
corrected_reduced_deck_movement_heavy_fixed_r2,greedy,net
corrected_reduced_deck_movement_heavy_fixed_r2,rule,adjacent
corrected_reduced_deck_movement_heavy_fixed_r2,rule,adjacent
corrected_reduced_deck_movement_heavy_fixed_r2,greedy,adjacent
corrected_reduced_deck_movement_heavy_fixed_r2,greedy,adjacent
corrected_reduced_deck_movement_heavy_fixed_r2,greedy,adjacent
corrected_reduced_deck_movement_heavy_fixed_r2,rule,adjacent
corrected_reduced_deck_movement_heavy_fixed_r2,rule,adjacent
corrected_reduced_deck_movement_heavy_fixed_r2,greedy,adjacent
corrected_reduced_deck_movement_heavy_fixed_r2,rule,adjacent
corrected_reduced_deck_movement_heavy_fixed_r2,greedy,adjacent
corrected_reduced_deck_movement_heavy_fixed_r2,greedy,adjacent
corrected_reduced_deck_movement_heavy_fixed_r2,greedy,adjacent
corrected_reduced_deck_movement_heavy_fixed_r2,expectimax_d2,adjacent
corrected_reduced_deck_movement_heavy_fixed_r2,expectimax_d2,adjacent
corrected_reduced_deck_movement_heavy_fixed_r2,mcts,adjacent
corrected_reduced_deck_movement_heavy_fixed_r2,mcts,adjacent
corrected_reduced_deck_movement_heavy_fixed_r2,mcts,adjacent
corrected_reduced_deck_movement_heavy_fixed_r2,expectimax_d2,adjacent
corrected_reduced_deck_movement_heavy_fixed_r2,expectimax_d2,adjacent
corrected_reduced_deck_movement_heavy_fixed_r2,mcts,adjacent
corrected_reduced_deck_movement_heavy_fixed_r2,expectimax_d2,adjacent
corrected_reduced_deck_movement_heavy_fixed_r2,mcts,adjacent
corrected_reduced_deck_movement_heavy_fixed_r2,mcts,adjacent
corrected_reduced_deck_movement_heavy_fixed_r2,mcts,adjacent
corrected_reduced_deck_movement_heavy_fixed_r2,expectimax_d3,adjacent
corrected_reduced_deck_movement_heavy_fixed_r2,expectimax_d3,adjacent
corrected_reduced_deck_movement_heavy_fixed_r2,mcts,adjacent
corrected_reduced_deck_movement_heavy_fixed_r2,mcts,adjacent
corrected_reduced_deck_movement_heavy_fixed_r2,expectimax_d3,net
corrected_reduced_deck_movement_heavy_fixed_r2,mcts,net
corrected_reduced_deck_movement_heavy_fixed_r2,mcts,adjacent
corrected_reduced_deck_movement_heavy_fixed_r2,expectimax_d3,adjacent
corrected_reduced_deck_movement_heavy_fixed_r2,mcts,adjacent
corrected_reduced_deck_movement_heavy_fixed_r2,mcts,adjacent
corrected_reduced_deck_movement_heavy_fixed_r2,mcts,net
corrected_reduced_deck_movement_heavy_fixed_r2,greedy,adjacent
corrected_reduced_deck_movement_heavy_fixed_r2,greedy,adjacent
corrected_reduced_deck_movement_heavy_fixed_r2,mcts,adjacent
corrected_reduced_deck_movement_heavy_fixed_r2,mcts,net
corrected_reduced_deck_movement_heavy_fixed_r2,mcts,adjacent
corrected_reduced_deck_movement_heavy_fixed_r2,mcts,adjacent
corrected_reduced_deck_movement_heavy_fixed_r2,greedy,adjacent
corrected_reduced_deck_movement_heavy_fixed_r2,greedy,adjacent
corrected_reduced_deck_movement_heavy_fixed_r2,greedy,adjacent
corrected_reduced_deck_movement_heavy_fixed_r2,mcts,adjacent
corrected_reduced_deck_movement_heavy_fixed_r2,mcts,adjacent
corrected_reduced_deck_movement_heavy_fixed_r2,mcts,adjacent
corrected_reduced_deck_movement_heavy_fixed_r2,mcts,adjacent
corrected_reduced_deck_movement_heavy_fixed_r2,mcts,adjacent
corrected_reduced_deck_movement_heavy_fixed_r2,mcts,adjacent
corrected_reduced_deck_movement_heavy_fixed_r2,mcts,net
corrected_reduced_deck_movement_heavy_fixed_r2,mcts,adjacent
corrected_reduced_deck_movement_heavy_fixed_r2,mcts,adjacent
corrected_reduced_deck_movement_heavy_fixed_r2,mcts,adjacent
corrected_reduced_deck_movement_heavy_fixed_r2,mcts,net
corrected_reduced_deck_movement_heavy_fixed_r2,mcts,adjacent
corrected_reduced_deck_movement_heavy_fixed_r2,mcts,adjacent
corrected_reduced_deck_movement_heavy_fixed_r2,mcts,adjacent
corrected_reduced_deck_movement_heavy_fixed_r2,rule,adjacent
corrected_reduced_deck_movement_heavy_fixed_r2,rule,net
corrected_reduced_deck_movement_heavy_fixed_r2,mcts,net
corrected_reduced_deck_movement_heavy_fixed_r2,mcts,adjacent
corrected_reduced_deck_movement_heavy_fixed_r2,mcts,adjacent
corrected_reduced_deck_movement_heavy_fixed_r2,rule,adjacent
corrected_reduced_deck_movement_heavy_fixed_r2,rule,adjacent
corrected_reduced_deck_movement_heavy_fixed_r2,mcts,adjacent
corrected_reduced_deck_movement_heavy_fixed_r2,rule,adjacent
corrected_reduced_deck_movement_heavy_fixed_r2,mcts,adjacent
corrected_reduced_deck_movement_heavy_fixed_r2,mcts,adjacent
corrected_reduced_deck_movement_heavy_fixed_r2,mcts,adjacent
corrected_reduced_deck_movement_heavy_fixed_r2,expectimax_d2,adjacent
corrected_reduced_deck_movement_heavy_fixed_r2,expectimax_d2,adjacent
corrected_reduced_deck_movement_heavy_fixed_r2,expectimax_d2,adjacent
corrected_reduced_deck_movement_heavy_fixed_r2,expectimax_d2,adjacent
corrected_reduced_deck_movement_heavy_fixed_r2,expectimax_d2,adjacent
corrected_reduced_deck_movement_heavy_fixed_r2,expectimax_d2,adjacent
corrected_reduced_deck_movement_heavy_fixed_r2,expectimax_d2,net
corrected_reduced_deck_movement_heavy_fixed_r2,expectimax_d2,adjacent
corrected_reduced_deck_movement_heavy_fixed_r2,expectimax_d2,adjacent
corrected_reduced_deck_movement_heavy_fixed_r2,expectimax_d2,adjacent
corrected_reduced_deck_movement_heavy_fixed_r2,expectimax_d3,adjacent
corrected_reduced_deck_movement_heavy_fixed_r2,expectimax_d3,net
corrected_reduced_deck_movement_heavy_fixed_r2,expectimax_d3,adjacent
corrected_reduced_deck_movement_heavy_fixed_r2,expectimax_d3,adjacent
corrected_reduced_deck_movement_heavy_fixed_r2,expectimax_d3,adjacent
corrected_reduced_deck_movement_heavy_fixed_r2,expectimax_d3,net
corrected_reduced_deck_movement_heavy_fixed_r2,expectimax_d3,net
corrected_reduced_deck_movement_heavy_fixed_r2,expectimax_d3,adjacent
corrected_reduced_deck_movement_heavy_fixed_r2,expectimax_d3,adjacent
corrected_reduced_deck_movement_heavy_fixed_r2,expectimax_d3,adjacent
corrected_reduced_deck_movement_heavy_fixed_r2,greedy,adjacent
corrected_reduced_deck_movement_heavy_fixed_r2,greedy,net
corrected_reduced_deck_movement_heavy_fixed_r2,greedy,adjacent
corrected_reduced_deck_movement_heavy_fixed_r2,greedy,adjacent
corrected_reduced_deck_movement_heavy_fixed_r2,greedy,net
corrected_reduced_deck_movement_heavy_fixed_r2,greedy,adjacent
corrected_reduced_deck_movement_heavy_fixed_r2,greedy,net
corrected_reduced_deck_movement_heavy_fixed_r2,greedy,adjacent
corrected_reduced_deck_movement_heavy_fixed_r2,greedy,adjacent
corrected_reduced_deck_movement_heavy_fixed_r2,greedy,adjacent
corrected_reduced_deck_movement_heavy_fixed_r2,mcts,adjacent
corrected_reduced_deck_movement_heavy_fixed_r2,mcts,net
corrected_reduced_deck_movement_heavy_fixed_r2,mcts,net
corrected_reduced_deck_movement_heavy_fixed_r2,mcts,adjacent
corrected_reduced_deck_movement_heavy_fixed_r2,mcts,net
corrected_reduced_deck_movement_heavy_fixed_r2,mcts,net
corrected_reduced_deck_movement_heavy_fixed_r2,mcts,adjacent
corrected_reduced_deck_movement_heavy_fixed_r2,mcts,net
corrected_reduced_deck_movement_heavy_fixed_r2,mcts,adjacent
corrected_reduced_deck_movement_heavy_fixed_r2,mcts,adjacent
corrected_reduced_deck_movement_heavy_fixed_r2,rule,adjacent
corrected_reduced_deck_movement_heavy_fixed_r2,rule,adjacent
corrected_reduced_deck_movement_heavy_fixed_r2,rule,adjacent
corrected_reduced_deck_movement_heavy_fixed_r2,rule,net
corrected_reduced_deck_movement_heavy_fixed_r2,rule,adjacent
corrected_reduced_deck_movement_heavy_fixed_r2,rule,adjacent
corrected_reduced_deck_movement_heavy_fixed_r2,rule,adjacent
corrected_reduced_deck_movement_heavy_fixed_r2,rule,adjacent
corrected_reduced_deck_movement_heavy_fixed_r2,random,adjacent
corrected_reduced_deck_movement_heavy_fixed_r2,rule,adjacent
corrected_reduced_deck_movement_heavy_fixed_r2,rule,adjacent
corrected_reduced_deck_movement_heavy_fixed_r2,rule,adjacent
corrected_reduced_deck_movement_heavy_fixed_r2,expectimax_d2,adjacent
corrected_reduced_deck_movement_heavy_fixed_r2,rule,adjacent
corrected_reduced_deck_movement_heavy_fixed_r2,expectimax_d2,adjacent
corrected_reduced_deck_movement_heavy_fixed_r2,rule,adjacent
corrected_reduced_deck_movement_heavy_fixed_r2,expectimax_d2,adjacent
corrected_reduced_deck_movement_heavy_fixed_r2,expectimax_d2,adjacent
corrected_reduced_deck_movement_heavy_fixed_r2,rule,adjacent
corrected_reduced_deck_movement_heavy_fixed_r2,expectimax_d2,adjacent
corrected_reduced_deck_movement_heavy_fixed_r2,rule,adjacent
corrected_reduced_deck_movement_heavy_fixed_r2,rule,adjacent
corrected_reduced_deck_movement_heavy_fixed_r2,rule,adjacent
corrected_reduced_deck_movement_heavy_fixed_r2,rule,adjacent
corrected_reduced_deck_movement_heavy_fixed_r2,expectimax_d3,adjacent
corrected_reduced_deck_movement_heavy_fixed_r2,rule,adjacent
corrected_reduced_deck_movement_heavy_fixed_r2,expectimax_d3,adjacent
corrected_reduced_deck_movement_heavy_fixed_r2,rule,adjacent
corrected_reduced_deck_movement_heavy_fixed_r2,expectimax_d3,adjacent
corrected_reduced_deck_movement_heavy_fixed_r2,expectimax_d3,adjacent
corrected_reduced_deck_movement_heavy_fixed_r2,rule,adjacent
corrected_reduced_deck_movement_heavy_fixed_r2,expectimax_d3,adjacent
corrected_reduced_deck_movement_heavy_fixed_r2,rule,adjacent
corrected_reduced_deck_movement_heavy_fixed_r2,rule,adjacent
corrected_reduced_deck_movement_heavy_fixed_r2,rule,adjacent
corrected_reduced_deck_movement_heavy_fixed_r2,rule,adjacent
corrected_reduced_deck_movement_heavy_fixed_r2,greedy,adjacent
corrected_reduced_deck_movement_heavy_fixed_r2,rule,adjacent
corrected_reduced_deck_movement_heavy_fixed_r2,greedy,adjacent
corrected_reduced_deck_movement_heavy_fixed_r2,rule,adjacent
corrected_reduced_deck_movement_heavy_fixed_r2,rule,adjacent
corrected_reduced_deck_movement_heavy_fixed_r2,greedy,adjacent
corrected_reduced_deck_movement_heavy_fixed_r2,greedy,adjacent
corrected_reduced_deck_movement_heavy_fixed_r2,greedy,adjacent
corrected_reduced_deck_movement_heavy_fixed_r2,rule,adjacent
corrected_reduced_deck_movement_heavy_fixed_r2,rule,adjacent
corrected_reduced_deck_movement_heavy_fixed_r2,rule,adjacent
corrected_reduced_deck_movement_heavy_fixed_r2,mcts,adjacent
corrected_reduced_deck_movement_heavy_fixed_r2,mcts,adjacent
corrected_reduced_deck_movement_heavy_fixed_r2,rule,adjacent
corrected_reduced_deck_movement_heavy_fixed_r2,rule,adjacent
corrected_reduced_deck_movement_heavy_fixed_r2,rule,adjacent
corrected_reduced_deck_movement_heavy_fixed_r2,mcts,adjacent
corrected_reduced_deck_movement_heavy_fixed_r2,rule,net
corrected_reduced_deck_movement_heavy_fixed_r2,rule,adjacent
corrected_reduced_deck_movement_heavy_fixed_r2,mcts,adjacent
corrected_reduced_deck_movement_heavy_fixed_r2,rule,adjacent
corrected_reduced_deck_movement_heavy_fixed_r2,rule,adjacent
corrected_reduced_deck_movement_heavy_fixed_r2,rule,adjacent
corrected_reduced_deck_movement_heavy_fixed_r2,rule,adjacent
corrected_reduced_deck_movement_heavy_fixed_r2,rule,adjacent
corrected_reduced_deck_movement_heavy_fixed_r2,rule,adjacent
corrected_reduced_deck_movement_heavy_fixed_r2,random,adjacent
corrected_reduced_deck_movement_heavy_fixed_r2,rule,adjacent
corrected_reduced_deck_movement_heavy_fixed_r2,rule,adjacent
corrected_reduced_deck_movement_heavy_fixed_r2,rule,adjacent
corrected_reduced_deck_movement_heavy_fixed_r2,rule,adjacent
corrected_reduced_deck_movement_heavy_fixed_r2,rule,adjacent
corrected_reduced_deck_movement_heavy_fixed_r2,rule,adjacent
corrected_reduced_deck_movement_heavy_fixed_r2,rule,adjacent
corrected_reduced_deck_capture_heavy_fixed_r2,expectimax_d2,net
corrected_reduced_deck_capture_heavy_fixed_r2,expectimax_d2,net
corrected_reduced_deck_capture_heavy_fixed_r2,expectimax_d2,net
corrected_reduced_deck_capture_heavy_fixed_r2,expectimax_d2,net
corrected_reduced_deck_capture_heavy_fixed_r2,expectimax_d2,adjacent
corrected_reduced_deck_capture_heavy_fixed_r2,expectimax_d3,adjacent
corrected_reduced_deck_capture_heavy_fixed_r2,expectimax_d2,adjacent
corrected_reduced_deck_capture_heavy_fixed_r2,expectimax_d3,adjacent
corrected_reduced_deck_capture_heavy_fixed_r2,expectimax_d3,net
corrected_reduced_deck_capture_heavy_fixed_r2,expectimax_d2,adjacent
corrected_reduced_deck_capture_heavy_fixed_r2,expectimax_d2,adjacent
corrected_reduced_deck_capture_heavy_fixed_r2,expectimax_d3,adjacent
corrected_reduced_deck_capture_heavy_fixed_r2,expectimax_d3,adjacent
corrected_reduced_deck_capture_heavy_fixed_r2,expectimax_d3,adjacent
corrected_reduced_deck_capture_heavy_fixed_r2,expectimax_d3,adjacent
corrected_reduced_deck_capture_heavy_fixed_r2,expectimax_d3,adjacent
corrected_reduced_deck_capture_heavy_fixed_r2,expectimax_d2,adjacent
corrected_reduced_deck_capture_heavy_fixed_r2,expectimax_d3,adjacent
corrected_reduced_deck_capture_heavy_fixed_r2,expectimax_d2,adjacent
corrected_reduced_deck_capture_heavy_fixed_r2,expectimax_d3,adjacent
corrected_reduced_deck_capture_heavy_fixed_r2,expectimax_d2,adjacent
corrected_reduced_deck_capture_heavy_fixed_r2,expectimax_d3,adjacent
corrected_reduced_deck_capture_heavy_fixed_r2,expectimax_d3,adjacent
corrected_reduced_deck_capture_heavy_fixed_r2,expectimax_d2,adjacent
corrected_reduced_deck_capture_heavy_fixed_r2,expectimax_d2,net
corrected_reduced_deck_capture_heavy_fixed_r2,expectimax_d2,net
corrected_reduced_deck_capture_heavy_fixed_r2,expectimax_d3,net
corrected_reduced_deck_capture_heavy_fixed_r2,expectimax_d2,net
corrected_reduced_deck_capture_heavy_fixed_r2,expectimax_d2,adjacent
corrected_reduced_deck_capture_heavy_fixed_r2,expectimax_d3,adjacent
corrected_reduced_deck_capture_heavy_fixed_r2,expectimax_d2,adjacent
corrected_reduced_deck_capture_heavy_fixed_r2,expectimax_d3,adjacent
corrected_reduced_deck_capture_heavy_fixed_r2,expectimax_d2,adjacent
corrected_reduced_deck_capture_heavy_fixed_r2,expectimax_d2,adjacent
corrected_reduced_deck_capture_heavy_fixed_r2,expectimax_d3,adjacent
corrected_reduced_deck_capture_heavy_fixed_r2,expectimax_d3,adjacent
corrected_reduced_deck_capture_heavy_fixed_r2,expectimax_d3,adjacent
corrected_reduced_deck_capture_heavy_fixed_r2,expectimax_d3,adjacent
corrected_reduced_deck_capture_heavy_fixed_r2,expectimax_d3,adjacent
corrected_reduced_deck_capture_heavy_fixed_r2,expectimax_d3,adjacent
corrected_reduced_deck_capture_heavy_fixed_r2,expectimax_d2,net
corrected_reduced_deck_capture_heavy_fixed_r2,expectimax_d2,adjacent
corrected_reduced_deck_capture_heavy_fixed_r2,expectimax_d3,adjacent
corrected_reduced_deck_capture_heavy_fixed_r2,expectimax_d2,adjacent
corrected_reduced_deck_capture_heavy_fixed_r2,expectimax_d3,adjacent
corrected_reduced_deck_capture_heavy_fixed_r2,expectimax_d2,adjacent
corrected_reduced_deck_capture_heavy_fixed_r2,expectimax_d3,adjacent
corrected_reduced_deck_capture_heavy_fixed_r2,expectimax_d2,adjacent
corrected_reduced_deck_capture_heavy_fixed_r2,expectimax_d2,adjacent
corrected_reduced_deck_capture_heavy_fixed_r2,expectimax_d3,adjacent
corrected_reduced_deck_capture_heavy_fixed_r2,expectimax_d3,adjacent
corrected_reduced_deck_capture_heavy_fixed_r2,expectimax_d3,adjacent
corrected_reduced_deck_capture_heavy_fixed_r2,expectimax_d2,adjacent
corrected_reduced_deck_capture_heavy_fixed_r2,expectimax_d2,adjacent
corrected_reduced_deck_capture_heavy_fixed_r2,expectimax_d3,adjacent
corrected_reduced_deck_capture_heavy_fixed_r2,expectimax_d3,adjacent
corrected_reduced_deck_capture_heavy_fixed_r2,expectimax_d2,adjacent
corrected_reduced_deck_capture_heavy_fixed_r2,expectimax_d2,net
corrected_reduced_deck_capture_heavy_fixed_r2,expectimax_d2,net
corrected_reduced_deck_capture_heavy_fixed_r2,expectimax_d2,net
corrected_reduced_deck_capture_heavy_fixed_r2,expectimax_d2,net
corrected_reduced_deck_capture_heavy_fixed_r2,expectimax_d2,adjacent
corrected_reduced_deck_capture_heavy_fixed_r2,greedy,adjacent
corrected_reduced_deck_capture_heavy_fixed_r2,expectimax_d2,adjacent
corrected_reduced_deck_capture_heavy_fixed_r2,greedy,adjacent
corrected_reduced_deck_capture_heavy_fixed_r2,greedy,adjacent
corrected_reduced_deck_capture_heavy_fixed_r2,expectimax_d2,adjacent
corrected_reduced_deck_capture_heavy_fixed_r2,greedy,net
corrected_reduced_deck_capture_heavy_fixed_r2,greedy,net
corrected_reduced_deck_capture_heavy_fixed_r2,expectimax_d2,adjacent
corrected_reduced_deck_capture_heavy_fixed_r2,greedy,adjacent
corrected_reduced_deck_capture_heavy_fixed_r2,greedy,adjacent
corrected_reduced_deck_capture_heavy_fixed_r2,greedy,adjacent
corrected_reduced_deck_capture_heavy_fixed_r2,greedy,adjacent
corrected_reduced_deck_capture_heavy_fixed_r2,expectimax_d2,adjacent
corrected_reduced_deck_capture_heavy_fixed_r2,expectimax_d2,adjacent
corrected_reduced_deck_capture_heavy_fixed_r2,greedy,adjacent
corrected_reduced_deck_capture_heavy_fixed_r2,expectimax_d2,adjacent
corrected_reduced_deck_capture_heavy_fixed_r2,greedy,adjacent
corrected_reduced_deck_capture_heavy_fixed_r2,greedy,adjacent
corrected_reduced_deck_capture_heavy_fixed_r2,expectimax_d2,adjacent
corrected_reduced_deck_capture_heavy_fixed_r2,expectimax_d2,net
corrected_reduced_deck_capture_heavy_fixed_r2,expectimax_d2,net
corrected_reduced_deck_capture_heavy_fixed_r2,expectimax_d2,net
corrected_reduced_deck_capture_heavy_fixed_r2,greedy,net
corrected_reduced_deck_capture_heavy_fixed_r2,expectimax_d2,net
corrected_reduced_deck_capture_heavy_fixed_r2,expectimax_d2,adjacent
corrected_reduced_deck_capture_heavy_fixed_r2,expectimax_d2,adjacent
corrected_reduced_deck_capture_heavy_fixed_r2,greedy,adjacent
corrected_reduced_deck_capture_heavy_fixed_r2,expectimax_d2,adjacent
corrected_reduced_deck_capture_heavy_fixed_r2,expectimax_d2,adjacent
corrected_reduced_deck_capture_heavy_fixed_r2,expectimax_d2,adjacent
corrected_reduced_deck_capture_heavy_fixed_r2,expectimax_d2,adjacent
corrected_reduced_deck_capture_heavy_fixed_r2,greedy,adjacent
corrected_reduced_deck_capture_heavy_fixed_r2,expectimax_d2,adjacent
corrected_reduced_deck_capture_heavy_fixed_r2,greedy,net
corrected_reduced_deck_capture_heavy_fixed_r2,greedy,adjacent
corrected_reduced_deck_capture_heavy_fixed_r2,expectimax_d2,adjacent
corrected_reduced_deck_capture_heavy_fixed_r2,greedy,net
corrected_reduced_deck_capture_heavy_fixed_r2,greedy,net
corrected_reduced_deck_capture_heavy_fixed_r2,expectimax_d2,net
corrected_reduced_deck_capture_heavy_fixed_r2,expectimax_d2,adjacent
corrected_reduced_deck_capture_heavy_fixed_r2,greedy,adjacent
corrected_reduced_deck_capture_heavy_fixed_r2,greedy,adjacent
corrected_reduced_deck_capture_heavy_fixed_r2,greedy,adjacent
corrected_reduced_deck_capture_heavy_fixed_r2,greedy,adjacent
corrected_reduced_deck_capture_heavy_fixed_r2,expectimax_d2,adjacent
corrected_reduced_deck_capture_heavy_fixed_r2,greedy,adjacent
corrected_reduced_deck_capture_heavy_fixed_r2,expectimax_d2,adjacent
corrected_reduced_deck_capture_heavy_fixed_r2,greedy,adjacent
corrected_reduced_deck_capture_heavy_fixed_r2,greedy,net
corrected_reduced_deck_capture_heavy_fixed_r2,expectimax_d2,adjacent
corrected_reduced_deck_capture_heavy_fixed_r2,expectimax_d2,net
corrected_reduced_deck_capture_heavy_fixed_r2,expectimax_d2,net
corrected_reduced_deck_capture_heavy_fixed_r2,greedy,net
corrected_reduced_deck_capture_heavy_fixed_r2,expectimax_d2,net
corrected_reduced_deck_capture_heavy_fixed_r2,mcts,net
corrected_reduced_deck_capture_heavy_fixed_r2,mcts,net
corrected_reduced_deck_capture_heavy_fixed_r2,mcts,net
corrected_reduced_deck_capture_heavy_fixed_r2,mcts,adjacent
corrected_reduced_deck_capture_heavy_fixed_r2,expectimax_d2,adjacent
corrected_reduced_deck_capture_heavy_fixed_r2,expectimax_d2,net
corrected_reduced_deck_capture_heavy_fixed_r2,expectimax_d2,net
corrected_reduced_deck_capture_heavy_fixed_r2,expectimax_d2,adjacent
corrected_reduced_deck_capture_heavy_fixed_r2,expectimax_d2,net
corrected_reduced_deck_capture_heavy_fixed_r2,mcts,adjacent
corrected_reduced_deck_capture_heavy_fixed_r2,mcts,adjacent
corrected_reduced_deck_capture_heavy_fixed_r2,expectimax_d2,adjacent
corrected_reduced_deck_capture_heavy_fixed_r2,mcts,adjacent
corrected_reduced_deck_capture_heavy_fixed_r2,expectimax_d2,net
corrected_reduced_deck_capture_heavy_fixed_r2,expectimax_d2,adjacent
corrected_reduced_deck_capture_heavy_fixed_r2,mcts,adjacent
corrected_reduced_deck_capture_heavy_fixed_r2,expectimax_d2,net
corrected_reduced_deck_capture_heavy_fixed_r2,mcts,adjacent
corrected_reduced_deck_capture_heavy_fixed_r2,mcts,adjacent
corrected_reduced_deck_capture_heavy_fixed_r2,mcts,adjacent
corrected_reduced_deck_capture_heavy_fixed_r2,mcts,adjacent
corrected_reduced_deck_capture_heavy_fixed_r2,mcts,adjacent
corrected_reduced_deck_capture_heavy_fixed_r2,expectimax_d2,adjacent
corrected_reduced_deck_capture_heavy_fixed_r2,expectimax_d2,adjacent
corrected_reduced_deck_capture_heavy_fixed_r2,expectimax_d2,adjacent
corrected_reduced_deck_capture_heavy_fixed_r2,mcts,adjacent
corrected_reduced_deck_capture_heavy_fixed_r2,expectimax_d2,adjacent
corrected_reduced_deck_capture_heavy_fixed_r2,expectimax_d2,adjacent
corrected_reduced_deck_capture_heavy_fixed_r2,expectimax_d2,adjacent
corrected_reduced_deck_capture_heavy_fixed_r2,mcts,adjacent
corrected_reduced_deck_capture_heavy_fixed_r2,expectimax_d2,net
corrected_reduced_deck_capture_heavy_fixed_r2,mcts,adjacent
corrected_reduced_deck_capture_heavy_fixed_r2,mcts,adjacent
corrected_reduced_deck_capture_heavy_fixed_r2,expectimax_d2,adjacent
corrected_reduced_deck_capture_heavy_fixed_r2,mcts,net
corrected_reduced_deck_capture_heavy_fixed_r2,mcts,net
corrected_reduced_deck_capture_heavy_fixed_r2,expectimax_d2,adjacent
corrected_reduced_deck_capture_heavy_fixed_r2,expectimax_d2,adjacent
corrected_reduced_deck_capture_heavy_fixed_r2,expectimax_d2,adjacent
corrected_reduced_deck_capture_heavy_fixed_r2,mcts,adjacent
corrected_reduced_deck_capture_heavy_fixed_r2,expectimax_d2,adjacent
corrected_reduced_deck_capture_heavy_fixed_r2,mcts,adjacent
corrected_reduced_deck_capture_heavy_fixed_r2,expectimax_d2,adjacent
corrected_reduced_deck_capture_heavy_fixed_r2,mcts,adjacent
corrected_reduced_deck_capture_heavy_fixed_r2,expectimax_d2,adjacent
corrected_reduced_deck_capture_heavy_fixed_r2,mcts,adjacent
corrected_reduced_deck_capture_heavy_fixed_r2,mcts,adjacent
corrected_reduced_deck_capture_heavy_fixed_r2,mcts,adjacent
corrected_reduced_deck_capture_heavy_fixed_r2,expectimax_d2,net
corrected_reduced_deck_capture_heavy_fixed_r2,expectimax_d2,net
corrected_reduced_deck_capture_heavy_fixed_r2,expectimax_d2,net
corrected_reduced_deck_capture_heavy_fixed_r2,expectimax_d2,net
corrected_reduced_deck_capture_heavy_fixed_r2,expectimax_d2,adjacent
corrected_reduced_deck_capture_heavy_fixed_r2,expectimax_d2,adjacent
corrected_reduced_deck_capture_heavy_fixed_r2,expectimax_d2,adjacent
corrected_reduced_deck_capture_heavy_fixed_r2,expectimax_d2,adjacent
corrected_reduced_deck_capture_heavy_fixed_r2,expectimax_d2,adjacent
corrected_reduced_deck_capture_heavy_fixed_r2,expectimax_d2,adjacent
corrected_reduced_deck_capture_heavy_fixed_r2,expectimax_d2,adjacent
corrected_reduced_deck_capture_heavy_fixed_r2,expectimax_d2,adjacent
corrected_reduced_deck_capture_heavy_fixed_r2,expectimax_d2,net
corrected_reduced_deck_capture_heavy_fixed_r2,expectimax_d2,net
corrected_reduced_deck_capture_heavy_fixed_r2,expectimax_d2,adjacent
corrected_reduced_deck_capture_heavy_fixed_r2,expectimax_d2,net
corrected_reduced_deck_capture_heavy_fixed_r2,expectimax_d2,net
corrected_reduced_deck_capture_heavy_fixed_r2,expectimax_d2,net
corrected_reduced_deck_capture_heavy_fixed_r2,expectimax_d2,adjacent
corrected_reduced_deck_capture_heavy_fixed_r2,random,adjacent
corrected_reduced_deck_capture_heavy_fixed_r2,expectimax_d2,adjacent
corrected_reduced_deck_capture_heavy_fixed_r2,random,adjacent
corrected_reduced_deck_capture_heavy_fixed_r2,expectimax_d2,net
corrected_reduced_deck_capture_heavy_fixed_r2,expectimax_d2,net
corrected_reduced_deck_capture_heavy_fixed_r2,expectimax_d2,net
corrected_reduced_deck_capture_heavy_fixed_r2,expectimax_d2,adjacent
corrected_reduced_deck_capture_heavy_fixed_r2,expectimax_d2,adjacent
corrected_reduced_deck_capture_heavy_fixed_r2,expectimax_d2,adjacent
corrected_reduced_deck_capture_heavy_fixed_r2,expectimax_d2,adjacent
corrected_reduced_deck_capture_heavy_fixed_r2,expectimax_d2,adjacent
corrected_reduced_deck_capture_heavy_fixed_r2,random,adjacent
corrected_reduced_deck_capture_heavy_fixed_r2,expectimax_d2,adjacent
corrected_reduced_deck_capture_heavy_fixed_r2,expectimax_d2,net
corrected_reduced_deck_capture_heavy_fixed_r2,expectimax_d2,adjacent
corrected_reduced_deck_capture_heavy_fixed_r2,expectimax_d2,adjacent
corrected_reduced_deck_capture_heavy_fixed_r2,random,adjacent
corrected_reduced_deck_capture_heavy_fixed_r2,expectimax_d2,adjacent
corrected_reduced_deck_capture_heavy_fixed_r2,expectimax_d2,net
corrected_reduced_deck_capture_heavy_fixed_r2,expectimax_d2,adjacent
corrected_reduced_deck_capture_heavy_fixed_r2,expectimax_d2,adjacent
corrected_reduced_deck_capture_heavy_fixed_r2,expectimax_d2,adjacent
corrected_reduced_deck_capture_heavy_fixed_r2,expectimax_d2,adjacent
corrected_reduced_deck_capture_heavy_fixed_r2,expectimax_d2,adjacent
corrected_reduced_deck_capture_heavy_fixed_r2,expectimax_d2,adjacent
corrected_reduced_deck_capture_heavy_fixed_r2,random,adjacent
corrected_reduced_deck_capture_heavy_fixed_r2,expectimax_d2,adjacent
corrected_reduced_deck_capture_heavy_fixed_r2,expectimax_d2,adjacent
corrected_reduced_deck_capture_heavy_fixed_r2,expectimax_d2,adjacent
corrected_reduced_deck_capture_heavy_fixed_r2,expectimax_d2,adjacent
corrected_reduced_deck_capture_heavy_fixed_r2,expectimax_d2,adjacent
corrected_reduced_deck_capture_heavy_fixed_r2,expectimax_d2,adjacent
corrected_reduced_deck_capture_heavy_fixed_r2,expectimax_d2,adjacent
corrected_reduced_deck_capture_heavy_fixed_r2,expectimax_d2,adjacent
corrected_reduced_deck_capture_heavy_fixed_r2,expectimax_d2,adjacent
corrected_reduced_deck_capture_heavy_fixed_r2,expectimax_d2,net
corrected_reduced_deck_capture_heavy_fixed_r2,expectimax_d2,net
corrected_reduced_deck_capture_heavy_fixed_r2,expectimax_d2,adjacent
corrected_reduced_deck_capture_heavy_fixed_r2,rule,adjacent
corrected_reduced_deck_capture_heavy_fixed_r2,expectimax_d2,adjacent
corrected_reduced_deck_capture_heavy_fixed_r2,rule,adjacent
corrected_reduced_deck_capture_heavy_fixed_r2,expectimax_d2,adjacent
corrected_reduced_deck_capture_heavy_fixed_r2,expectimax_d2,net
corrected_reduced_deck_capture_heavy_fixed_r2,expectimax_d2,adjacent
corrected_reduced_deck_capture_heavy_fixed_r2,expectimax_d2,adjacent
corrected_reduced_deck_capture_heavy_fixed_r2,rule,adjacent
corrected_reduced_deck_capture_heavy_fixed_r2,rule,adjacent
corrected_reduced_deck_capture_heavy_fixed_r2,expectimax_d2,adjacent
corrected_reduced_deck_capture_heavy_fixed_r2,rule,adjacent
corrected_reduced_deck_capture_heavy_fixed_r2,expectimax_d2,adjacent
corrected_reduced_deck_capture_heavy_fixed_r2,rule,adjacent
corrected_reduced_deck_capture_heavy_fixed_r2,rule,net
corrected_reduced_deck_capture_heavy_fixed_r2,expectimax_d2,net
corrected_reduced_deck_capture_heavy_fixed_r2,rule,adjacent
corrected_reduced_deck_capture_heavy_fixed_r2,expectimax_d2,net
corrected_reduced_deck_capture_heavy_fixed_r2,expectimax_d2,net
corrected_reduced_deck_capture_heavy_fixed_r2,expectimax_d2,adjacent
corrected_reduced_deck_capture_heavy_fixed_r2,rule,adjacent
corrected_reduced_deck_capture_heavy_fixed_r2,rule,adjacent
corrected_reduced_deck_capture_heavy_fixed_r2,rule,adjacent
corrected_reduced_deck_capture_heavy_fixed_r2,rule,adjacent
corrected_reduced_deck_capture_heavy_fixed_r2,rule,net
corrected_reduced_deck_capture_heavy_fixed_r2,rule,adjacent
corrected_reduced_deck_capture_heavy_fixed_r2,expectimax_d2,adjacent
corrected_reduced_deck_capture_heavy_fixed_r2,expectimax_d2,adjacent
corrected_reduced_deck_capture_heavy_fixed_r2,rule,adjacent
corrected_reduced_deck_capture_heavy_fixed_r2,expectimax_d2,adjacent
corrected_reduced_deck_capture_heavy_fixed_r2,expectimax_d2,adjacent
corrected_reduced_deck_capture_heavy_fixed_r2,rule,adjacent
corrected_reduced_deck_capture_heavy_fixed_r2,rule,adjacent
corrected_reduced_deck_capture_heavy_fixed_r2,rule,adjacent
corrected_reduced_deck_capture_heavy_fixed_r2,expectimax_d2,adjacent
corrected_reduced_deck_capture_heavy_fixed_r2,expectimax_d2,adjacent
corrected_reduced_deck_capture_heavy_fixed_r2,rule,adjacent
corrected_reduced_deck_capture_heavy_fixed_r2,expectimax_d2,adjacent
corrected_reduced_deck_capture_heavy_fixed_r2,expectimax_d2,adjacent
corrected_reduced_deck_capture_heavy_fixed_r2,expectimax_d2,adjacent
corrected_reduced_deck_capture_heavy_fixed_r2,rule,adjacent
corrected_reduced_deck_capture_heavy_fixed_r2,expectimax_d2,adjacent
corrected_reduced_deck_capture_heavy_fixed_r2,rule,adjacent
corrected_reduced_deck_capture_heavy_fixed_r2,expectimax_d2,adjacent
corrected_reduced_deck_capture_heavy_fixed_r2,rule,adjacent
corrected_reduced_deck_capture_heavy_fixed_r2,expectimax_d2,adjacent
corrected_reduced_deck_capture_heavy_fixed_r2,expectimax_d2,adjacent
corrected_reduced_deck_capture_heavy_fixed_r2,rule,adjacent
corrected_reduced_deck_capture_heavy_fixed_r2,rule,adjacent
corrected_reduced_deck_capture_heavy_fixed_r2,rule,adjacent
corrected_reduced_deck_capture_heavy_fixed_r2,expectimax_d2,adjacent
corrected_reduced_deck_capture_heavy_fixed_r2,expectimax_d2,adjacent
corrected_reduced_deck_capture_heavy_fixed_r2,rule,adjacent
corrected_reduced_deck_capture_heavy_fixed_r2,expectimax_d2,net
corrected_reduced_deck_capture_heavy_fixed_r2,rule,net
corrected_reduced_deck_capture_heavy_fixed_r2,expectimax_d3,net
corrected_reduced_deck_capture_heavy_fixed_r2,expectimax_d3,net
corrected_reduced_deck_capture_heavy_fixed_r2,expectimax_d3,net
corrected_reduced_deck_capture_heavy_fixed_r2,expectimax_d3,net
corrected_reduced_deck_capture_heavy_fixed_r2,expectimax_d3,adjacent
corrected_reduced_deck_capture_heavy_fixed_r2,expectimax_d2,adjacent
corrected_reduced_deck_capture_heavy_fixed_r2,expectimax_d3,adjacent
corrected_reduced_deck_capture_heavy_fixed_r2,expectimax_d2,adjacent
corrected_reduced_deck_capture_heavy_fixed_r2,expectimax_d3,adjacent
corrected_reduced_deck_capture_heavy_fixed_r2,expectimax_d2,net
corrected_reduced_deck_capture_heavy_fixed_r2,expectimax_d3,adjacent
corrected_reduced_deck_capture_heavy_fixed_r2,expectimax_d3,adjacent
corrected_reduced_deck_capture_heavy_fixed_r2,expectimax_d2,adjacent
corrected_reduced_deck_capture_heavy_fixed_r2,expectimax_d2,adjacent
corrected_reduced_deck_capture_heavy_fixed_r2,expectimax_d2,net
corrected_reduced_deck_capture_heavy_fixed_r2,expectimax_d2,net
corrected_reduced_deck_capture_heavy_fixed_r2,expectimax_d3,adjacent
corrected_reduced_deck_capture_heavy_fixed_r2,expectimax_d2,adjacent
corrected_reduced_deck_capture_heavy_fixed_r2,expectimax_d3,adjacent
corrected_reduced_deck_capture_heavy_fixed_r2,expectimax_d2,adjacent
corrected_reduced_deck_capture_heavy_fixed_r2,expectimax_d2,adjacent
corrected_reduced_deck_capture_heavy_fixed_r2,expectimax_d2,net
corrected_reduced_deck_capture_heavy_fixed_r2,expectimax_d2,adjacent
corrected_reduced_deck_capture_heavy_fixed_r2,expectimax_d2,adjacent
corrected_reduced_deck_capture_heavy_fixed_r2,expectimax_d2,adjacent
corrected_reduced_deck_capture_heavy_fixed_r2,expectimax_d3,adjacent
corrected_reduced_deck_capture_heavy_fixed_r2,expectimax_d3,adjacent
corrected_reduced_deck_capture_heavy_fixed_r2,expectimax_d3,adjacent
corrected_reduced_deck_capture_heavy_fixed_r2,expectimax_d3,adjacent
corrected_reduced_deck_capture_heavy_fixed_r2,expectimax_d3,adjacent
corrected_reduced_deck_capture_heavy_fixed_r2,expectimax_d3,adjacent
corrected_reduced_deck_capture_heavy_fixed_r2,expectimax_d3,adjacent
corrected_reduced_deck_capture_heavy_fixed_r2,expectimax_d2,adjacent
corrected_reduced_deck_capture_heavy_fixed_r2,expectimax_d3,adjacent
corrected_reduced_deck_capture_heavy_fixed_r2,expectimax_d2,net
corrected_reduced_deck_capture_heavy_fixed_r2,expectimax_d2,adjacent
corrected_reduced_deck_capture_heavy_fixed_r2,expectimax_d3,adjacent
corrected_reduced_deck_capture_heavy_fixed_r2,expectimax_d3,net
corrected_reduced_deck_capture_heavy_fixed_r2,expectimax_d3,adjacent
corrected_reduced_deck_capture_heavy_fixed_r2,expectimax_d2,adjacent
corrected_reduced_deck_capture_heavy_fixed_r2,expectimax_d3,adjacent
corrected_reduced_deck_capture_heavy_fixed_r2,expectimax_d2,adjacent
corrected_reduced_deck_capture_heavy_fixed_r2,expectimax_d3,adjacent
corrected_reduced_deck_capture_heavy_fixed_r2,expectimax_d2,adjacent
corrected_reduced_deck_capture_heavy_fixed_r2,expectimax_d3,adjacent
corrected_reduced_deck_capture_heavy_fixed_r2,expectimax_d3,adjacent
corrected_reduced_deck_capture_heavy_fixed_r2,expectimax_d2,adjacent
corrected_reduced_deck_capture_heavy_fixed_r2,expectimax_d2,adjacent
corrected_reduced_deck_capture_heavy_fixed_r2,expectimax_d2,adjacent
corrected_reduced_deck_capture_heavy_fixed_r2,expectimax_d3,adjacent
corrected_reduced_deck_capture_heavy_fixed_r2,expectimax_d3,adjacent
corrected_reduced_deck_capture_heavy_fixed_r2,expectimax_d2,adjacent
corrected_reduced_deck_capture_heavy_fixed_r2,expectimax_d2,adjacent
corrected_reduced_deck_capture_heavy_fixed_r2,expectimax_d3,adjacent
corrected_reduced_deck_capture_heavy_fixed_r2,expectimax_d2,adjacent
corrected_reduced_deck_capture_heavy_fixed_r2,expectimax_d3,net
corrected_reduced_deck_capture_heavy_fixed_r2,expectimax_d3,net
corrected_reduced_deck_capture_heavy_fixed_r2,expectimax_d3,net
corrected_reduced_deck_capture_heavy_fixed_r2,expectimax_d3,net
corrected_reduced_deck_capture_heavy_fixed_r2,expectimax_d3,adjacent
corrected_reduced_deck_capture_heavy_fixed_r2,greedy,adjacent
corrected_reduced_deck_capture_heavy_fixed_r2,expectimax_d3,adjacent
corrected_reduced_deck_capture_heavy_fixed_r2,greedy,adjacent
corrected_reduced_deck_capture_heavy_fixed_r2,greedy,adjacent
corrected_reduced_deck_capture_heavy_fixed_r2,expectimax_d3,adjacent
corrected_reduced_deck_capture_heavy_fixed_r2,greedy,net
corrected_reduced_deck_capture_heavy_fixed_r2,greedy,net
corrected_reduced_deck_capture_heavy_fixed_r2,expectimax_d3,adjacent
corrected_reduced_deck_capture_heavy_fixed_r2,greedy,adjacent
corrected_reduced_deck_capture_heavy_fixed_r2,greedy,adjacent
corrected_reduced_deck_capture_heavy_fixed_r2,greedy,adjacent
corrected_reduced_deck_capture_heavy_fixed_r2,expectimax_d3,adjacent
corrected_reduced_deck_capture_heavy_fixed_r2,expectimax_d3,adjacent
corrected_reduced_deck_capture_heavy_fixed_r2,expectimax_d3,adjacent
corrected_reduced_deck_capture_heavy_fixed_r2,greedy,adjacent
corrected_reduced_deck_capture_heavy_fixed_r2,greedy,adjacent
corrected_reduced_deck_capture_heavy_fixed_r2,greedy,net
corrected_reduced_deck_capture_heavy_fixed_r2,greedy,adjacent
corrected_reduced_deck_capture_heavy_fixed_r2,greedy,adjacent
corrected_reduced_deck_capture_heavy_fixed_r2,greedy,adjacent
corrected_reduced_deck_capture_heavy_fixed_r2,expectimax_d3,adjacent
corrected_reduced_deck_capture_heavy_fixed_r2,expectimax_d3,adjacent
corrected_reduced_deck_capture_heavy_fixed_r2,greedy,adjacent
corrected_reduced_deck_capture_heavy_fixed_r2,expectimax_d3,adjacent
corrected_reduced_deck_capture_heavy_fixed_r2,expectimax_d3,adjacent
corrected_reduced_deck_capture_heavy_fixed_r2,expectimax_d3,adjacent
corrected_reduced_deck_capture_heavy_fixed_r2,greedy,adjacent
corrected_reduced_deck_capture_heavy_fixed_r2,expectimax_d3,adjacent
corrected_reduced_deck_capture_heavy_fixed_r2,expectimax_d3,net
corrected_reduced_deck_capture_heavy_fixed_r2,expectimax_d3,adjacent
corrected_reduced_deck_capture_heavy_fixed_r2,greedy,adjacent
corrected_reduced_deck_capture_heavy_fixed_r2,greedy,adjacent
corrected_reduced_deck_capture_heavy_fixed_r2,expectimax_d3,adjacent
corrected_reduced_deck_capture_heavy_fixed_r2,greedy,net
corrected_reduced_deck_capture_heavy_fixed_r2,expectimax_d3,net
corrected_reduced_deck_capture_heavy_fixed_r2,expectimax_d3,net
corrected_reduced_deck_capture_heavy_fixed_r2,expectimax_d3,adjacent
corrected_reduced_deck_capture_heavy_fixed_r2,expectimax_d3,adjacent
corrected_reduced_deck_capture_heavy_fixed_r2,expectimax_d3,adjacent
corrected_reduced_deck_capture_heavy_fixed_r2,greedy,adjacent
corrected_reduced_deck_capture_heavy_fixed_r2,greedy,adjacent
corrected_reduced_deck_capture_heavy_fixed_r2,greedy,adjacent
corrected_reduced_deck_capture_heavy_fixed_r2,expectimax_d3,adjacent
corrected_reduced_deck_capture_heavy_fixed_r2,greedy,adjacent
corrected_reduced_deck_capture_heavy_fixed_r2,expectimax_d3,adjacent
corrected_reduced_deck_capture_heavy_fixed_r2,greedy,adjacent
corrected_reduced_deck_capture_heavy_fixed_r2,greedy,adjacent
corrected_reduced_deck_capture_heavy_fixed_r2,expectimax_d3,adjacent
corrected_reduced_deck_capture_heavy_fixed_r2,expectimax_d3,adjacent
corrected_reduced_deck_capture_heavy_fixed_r2,mcts,adjacent
corrected_reduced_deck_capture_heavy_fixed_r2,expectimax_d3,adjacent
corrected_reduced_deck_capture_heavy_fixed_r2,mcts,adjacent
corrected_reduced_deck_capture_heavy_fixed_r2,expectimax_d3,adjacent
corrected_reduced_deck_capture_heavy_fixed_r2,mcts,adjacent
corrected_reduced_deck_capture_heavy_fixed_r2,expectimax_d3,net
corrected_reduced_deck_capture_heavy_fixed_r2,mcts,adjacent
corrected_reduced_deck_capture_heavy_fixed_r2,expectimax_d3,adjacent
corrected_reduced_deck_capture_heavy_fixed_r2,mcts,adjacent
corrected_reduced_deck_capture_heavy_fixed_r2,expectimax_d3,adjacent
corrected_reduced_deck_capture_heavy_fixed_r2,mcts,net
corrected_reduced_deck_capture_heavy_fixed_r2,expectimax_d3,adjacent
corrected_reduced_deck_capture_heavy_fixed_r2,mcts,adjacent
corrected_reduced_deck_capture_heavy_fixed_r2,expectimax_d3,adjacent
corrected_reduced_deck_capture_heavy_fixed_r2,mcts,adjacent
corrected_reduced_deck_capture_heavy_fixed_r2,expectimax_d3,adjacent
corrected_reduced_deck_capture_heavy_fixed_r2,mcts,adjacent
corrected_reduced_deck_capture_heavy_fixed_r2,expectimax_d3,adjacent
corrected_reduced_deck_capture_heavy_fixed_r2,mcts,adjacent
corrected_reduced_deck_capture_heavy_fixed_r2,mcts,adjacent
corrected_reduced_deck_capture_heavy_fixed_r2,mcts,adjacent
corrected_reduced_deck_capture_heavy_fixed_r2,mcts,adjacent
corrected_reduced_deck_capture_heavy_fixed_r2,expectimax_d3,adjacent
corrected_reduced_deck_capture_heavy_fixed_r2,expectimax_d3,adjacent
corrected_reduced_deck_capture_heavy_fixed_r2,mcts,net
corrected_reduced_deck_capture_heavy_fixed_r2,expectimax_d3,adjacent
corrected_reduced_deck_capture_heavy_fixed_r2,mcts,adjacent
corrected_reduced_deck_capture_heavy_fixed_r2,mcts,adjacent
corrected_reduced_deck_capture_heavy_fixed_r2,mcts,adjacent
corrected_reduced_deck_capture_heavy_fixed_r2,mcts,adjacent
corrected_reduced_deck_capture_heavy_fixed_r2,expectimax_d3,adjacent
corrected_reduced_deck_capture_heavy_fixed_r2,expectimax_d3,adjacent
corrected_reduced_deck_capture_heavy_fixed_r2,mcts,adjacent
corrected_reduced_deck_capture_heavy_fixed_r2,expectimax_d3,adjacent
corrected_reduced_deck_capture_heavy_fixed_r2,mcts,net
corrected_reduced_deck_capture_heavy_fixed_r2,mcts,net
corrected_reduced_deck_capture_heavy_fixed_r2,mcts,net
corrected_reduced_deck_capture_heavy_fixed_r2,mcts,adjacent
corrected_reduced_deck_capture_heavy_fixed_r2,expectimax_d3,adjacent
corrected_reduced_deck_capture_heavy_fixed_r2,expectimax_d3,adjacent
corrected_reduced_deck_capture_heavy_fixed_r2,mcts,adjacent
corrected_reduced_deck_capture_heavy_fixed_r2,mcts,adjacent
corrected_reduced_deck_capture_heavy_fixed_r2,expectimax_d3,adjacent
corrected_reduced_deck_capture_heavy_fixed_r2,mcts,adjacent
corrected_reduced_deck_capture_heavy_fixed_r2,expectimax_d3,adjacent
corrected_reduced_deck_capture_heavy_fixed_r2,expectimax_d3,adjacent
corrected_reduced_deck_capture_heavy_fixed_r2,expectimax_d3,adjacent
corrected_reduced_deck_capture_heavy_fixed_r2,mcts,adjacent
corrected_reduced_deck_capture_heavy_fixed_r2,expectimax_d3,adjacent
corrected_reduced_deck_capture_heavy_fixed_r2,expectimax_d3,net
corrected_reduced_deck_capture_heavy_fixed_r2,expectimax_d3,net
corrected_reduced_deck_capture_heavy_fixed_r2,expectimax_d3,adjacent
corrected_reduced_deck_capture_heavy_fixed_r2,expectimax_d3,adjacent
corrected_reduced_deck_capture_heavy_fixed_r2,expectimax_d3,adjacent
corrected_reduced_deck_capture_heavy_fixed_r2,expectimax_d3,adjacent
corrected_reduced_deck_capture_heavy_fixed_r2,expectimax_d3,adjacent
corrected_reduced_deck_capture_heavy_fixed_r2,expectimax_d3,adjacent
corrected_reduced_deck_capture_heavy_fixed_r2,expectimax_d3,adjacent
corrected_reduced_deck_capture_heavy_fixed_r2,expectimax_d3,adjacent
corrected_reduced_deck_capture_heavy_fixed_r2,expectimax_d3,adjacent
corrected_reduced_deck_capture_heavy_fixed_r2,expectimax_d3,adjacent
corrected_reduced_deck_capture_heavy_fixed_r2,expectimax_d3,adjacent
corrected_reduced_deck_capture_heavy_fixed_r2,expectimax_d3,adjacent
corrected_reduced_deck_capture_heavy_fixed_r2,expectimax_d3,adjacent
corrected_reduced_deck_capture_heavy_fixed_r2,expectimax_d3,adjacent
corrected_reduced_deck_capture_heavy_fixed_r2,random,adjacent
corrected_reduced_deck_capture_heavy_fixed_r2,expectimax_d3,adjacent
corrected_reduced_deck_capture_heavy_fixed_r2,expectimax_d3,adjacent
corrected_reduced_deck_capture_heavy_fixed_r2,expectimax_d3,adjacent
corrected_reduced_deck_capture_heavy_fixed_r2,random,adjacent
corrected_reduced_deck_capture_heavy_fixed_r2,expectimax_d3,net
corrected_reduced_deck_capture_heavy_fixed_r2,expectimax_d3,net
corrected_reduced_deck_capture_heavy_fixed_r2,expectimax_d3,net
corrected_reduced_deck_capture_heavy_fixed_r2,expectimax_d3,adjacent
corrected_reduced_deck_capture_heavy_fixed_r2,expectimax_d3,adjacent
corrected_reduced_deck_capture_heavy_fixed_r2,expectimax_d3,adjacent
corrected_reduced_deck_capture_heavy_fixed_r2,expectimax_d3,adjacent
corrected_reduced_deck_capture_heavy_fixed_r2,random,adjacent
corrected_reduced_deck_capture_heavy_fixed_r2,expectimax_d3,adjacent
corrected_reduced_deck_capture_heavy_fixed_r2,expectimax_d3,adjacent
corrected_reduced_deck_capture_heavy_fixed_r2,expectimax_d3,net
corrected_reduced_deck_capture_heavy_fixed_r2,expectimax_d3,net
corrected_reduced_deck_capture_heavy_fixed_r2,expectimax_d3,net
corrected_reduced_deck_capture_heavy_fixed_r2,expectimax_d3,adjacent
corrected_reduced_deck_capture_heavy_fixed_r2,expectimax_d3,adjacent
corrected_reduced_deck_capture_heavy_fixed_r2,expectimax_d3,adjacent
corrected_reduced_deck_capture_heavy_fixed_r2,expectimax_d3,adjacent
corrected_reduced_deck_capture_heavy_fixed_r2,expectimax_d3,adjacent
corrected_reduced_deck_capture_heavy_fixed_r2,expectimax_d3,adjacent
corrected_reduced_deck_capture_heavy_fixed_r2,random,adjacent
corrected_reduced_deck_capture_heavy_fixed_r2,expectimax_d3,adjacent
corrected_reduced_deck_capture_heavy_fixed_r2,expectimax_d3,adjacent
corrected_reduced_deck_capture_heavy_fixed_r2,expectimax_d3,adjacent
corrected_reduced_deck_capture_heavy_fixed_r2,expectimax_d3,adjacent
corrected_reduced_deck_capture_heavy_fixed_r2,expectimax_d3,adjacent
corrected_reduced_deck_capture_heavy_fixed_r2,expectimax_d3,adjacent
corrected_reduced_deck_capture_heavy_fixed_r2,expectimax_d3,adjacent
corrected_reduced_deck_capture_heavy_fixed_r2,expectimax_d3,adjacent
corrected_reduced_deck_capture_heavy_fixed_r2,expectimax_d3,adjacent
corrected_reduced_deck_capture_heavy_fixed_r2,expectimax_d3,net
corrected_reduced_deck_capture_heavy_fixed_r2,expectimax_d3,net
corrected_reduced_deck_capture_heavy_fixed_r2,expectimax_d3,adjacent
corrected_reduced_deck_capture_heavy_fixed_r2,rule,adjacent
corrected_reduced_deck_capture_heavy_fixed_r2,expectimax_d3,adjacent
corrected_reduced_deck_capture_heavy_fixed_r2,rule,adjacent
corrected_reduced_deck_capture_heavy_fixed_r2,expectimax_d3,adjacent
corrected_reduced_deck_capture_heavy_fixed_r2,expectimax_d3,adjacent
corrected_reduced_deck_capture_heavy_fixed_r2,expectimax_d3,adjacent
corrected_reduced_deck_capture_heavy_fixed_r2,expectimax_d3,adjacent
corrected_reduced_deck_capture_heavy_fixed_r2,rule,adjacent
corrected_reduced_deck_capture_heavy_fixed_r2,rule,adjacent
corrected_reduced_deck_capture_heavy_fixed_r2,rule,adjacent
corrected_reduced_deck_capture_heavy_fixed_r2,expectimax_d3,adjacent
corrected_reduced_deck_capture_heavy_fixed_r2,rule,adjacent
corrected_reduced_deck_capture_heavy_fixed_r2,rule,adjacent
corrected_reduced_deck_capture_heavy_fixed_r2,expectimax_d3,net
corrected_reduced_deck_capture_heavy_fixed_r2,rule,adjacent
corrected_reduced_deck_capture_heavy_fixed_r2,expectimax_d3,adjacent
corrected_reduced_deck_capture_heavy_fixed_r2,rule,adjacent
corrected_reduced_deck_capture_heavy_fixed_r2,expectimax_d3,adjacent
corrected_reduced_deck_capture_heavy_fixed_r2,rule,adjacent
corrected_reduced_deck_capture_heavy_fixed_r2,expectimax_d3,net
corrected_reduced_deck_capture_heavy_fixed_r2,expectimax_d3,adjacent
corrected_reduced_deck_capture_heavy_fixed_r2,expectimax_d3,adjacent
corrected_reduced_deck_capture_heavy_fixed_r2,expectimax_d3,adjacent
corrected_reduced_deck_capture_heavy_fixed_r2,expectimax_d3,adjacent
corrected_reduced_deck_capture_heavy_fixed_r2,expectimax_d3,adjacent
corrected_reduced_deck_capture_heavy_fixed_r2,expectimax_d3,adjacent
corrected_reduced_deck_capture_heavy_fixed_r2,rule,adjacent
corrected_reduced_deck_capture_heavy_fixed_r2,expectimax_d3,adjacent
corrected_reduced_deck_capture_heavy_fixed_r2,rule,adjacent
corrected_reduced_deck_capture_heavy_fixed_r2,expectimax_d3,adjacent
corrected_reduced_deck_capture_heavy_fixed_r2,expectimax_d3,adjacent
corrected_reduced_deck_capture_heavy_fixed_r2,expectimax_d3,adjacent
corrected_reduced_deck_capture_heavy_fixed_r2,rule,adjacent
corrected_reduced_deck_capture_heavy_fixed_r2,rule,adjacent
corrected_reduced_deck_capture_heavy_fixed_r2,rule,adjacent
corrected_reduced_deck_capture_heavy_fixed_r2,rule,adjacent
corrected_reduced_deck_capture_heavy_fixed_r2,expectimax_d3,adjacent
corrected_reduced_deck_capture_heavy_fixed_r2,expectimax_d3,adjacent
corrected_reduced_deck_capture_heavy_fixed_r2,rule,adjacent
corrected_reduced_deck_capture_heavy_fixed_r2,expectimax_d3,adjacent
corrected_reduced_deck_capture_heavy_fixed_r2,rule,adjacent
corrected_reduced_deck_capture_heavy_fixed_r2,expectimax_d3,adjacent
corrected_reduced_deck_capture_heavy_fixed_r2,rule,adjacent
corrected_reduced_deck_capture_heavy_fixed_r2,expectimax_d3,adjacent
corrected_reduced_deck_capture_heavy_fixed_r2,expectimax_d3,adjacent
corrected_reduced_deck_capture_heavy_fixed_r2,rule,adjacent
corrected_reduced_deck_capture_heavy_fixed_r2,rule,adjacent
corrected_reduced_deck_capture_heavy_fixed_r2,rule,adjacent
corrected_reduced_deck_capture_heavy_fixed_r2,expectimax_d3,adjacent
corrected_reduced_deck_capture_heavy_fixed_r2,expectimax_d3,adjacent
corrected_reduced_deck_capture_heavy_fixed_r2,rule,adjacent
corrected_reduced_deck_capture_heavy_fixed_r2,rule,adjacent
corrected_reduced_deck_capture_heavy_fixed_r2,rule,adjacent
corrected_reduced_deck_capture_heavy_fixed_r2,greedy,net
corrected_reduced_deck_capture_heavy_fixed_r2,greedy,net
corrected_reduced_deck_capture_heavy_fixed_r2,greedy,net
corrected_reduced_deck_capture_heavy_fixed_r2,greedy,net
corrected_reduced_deck_capture_heavy_fixed_r2,greedy,adjacent
corrected_reduced_deck_capture_heavy_fixed_r2,expectimax_d2,adjacent
corrected_reduced_deck_capture_heavy_fixed_r2,greedy,adjacent
corrected_reduced_deck_capture_heavy_fixed_r2,expectimax_d2,adjacent
corrected_reduced_deck_capture_heavy_fixed_r2,expectimax_d2,net
corrected_reduced_deck_capture_heavy_fixed_r2,greedy,adjacent
corrected_reduced_deck_capture_heavy_fixed_r2,greedy,adjacent
corrected_reduced_deck_capture_heavy_fixed_r2,expectimax_d2,adjacent
corrected_reduced_deck_capture_heavy_fixed_r2,expectimax_d2,adjacent
corrected_reduced_deck_capture_heavy_fixed_r2,expectimax_d2,adjacent
corrected_reduced_deck_capture_heavy_fixed_r2,expectimax_d2,adjacent
corrected_reduced_deck_capture_heavy_fixed_r2,expectimax_d2,adjacent
corrected_reduced_deck_capture_heavy_fixed_r2,greedy,adjacent
corrected_reduced_deck_capture_heavy_fixed_r2,greedy,adjacent
corrected_reduced_deck_capture_heavy_fixed_r2,expectimax_d2,net
corrected_reduced_deck_capture_heavy_fixed_r2,greedy,adjacent
corrected_reduced_deck_capture_heavy_fixed_r2,expectimax_d2,adjacent
corrected_reduced_deck_capture_heavy_fixed_r2,expectimax_d2,adjacent
corrected_reduced_deck_capture_heavy_fixed_r2,greedy,adjacent
corrected_reduced_deck_capture_heavy_fixed_r2,greedy,adjacent
corrected_reduced_deck_capture_heavy_fixed_r2,greedy,adjacent
corrected_reduced_deck_capture_heavy_fixed_r2,expectimax_d2,adjacent
corrected_reduced_deck_capture_heavy_fixed_r2,expectimax_d2,adjacent
corrected_reduced_deck_capture_heavy_fixed_r2,greedy,adjacent
corrected_reduced_deck_capture_heavy_fixed_r2,expectimax_d2,adjacent
corrected_reduced_deck_capture_heavy_fixed_r2,expectimax_d2,adjacent
corrected_reduced_deck_capture_heavy_fixed_r2,expectimax_d2,adjacent
corrected_reduced_deck_capture_heavy_fixed_r2,greedy,adjacent
corrected_reduced_deck_capture_heavy_fixed_r2,expectimax_d2,adjacent
corrected_reduced_deck_capture_heavy_fixed_r2,expectimax_d2,adjacent
corrected_reduced_deck_capture_heavy_fixed_r2,expectimax_d2,adjacent
corrected_reduced_deck_capture_heavy_fixed_r2,greedy,adjacent
corrected_reduced_deck_capture_heavy_fixed_r2,expectimax_d2,adjacent
corrected_reduced_deck_capture_heavy_fixed_r2,greedy,adjacent
corrected_reduced_deck_capture_heavy_fixed_r2,greedy,net
corrected_reduced_deck_capture_heavy_fixed_r2,greedy,adjacent
corrected_reduced_deck_capture_heavy_fixed_r2,expectimax_d2,adjacent
corrected_reduced_deck_capture_heavy_fixed_r2,greedy,adjacent
corrected_reduced_deck_capture_heavy_fixed_r2,expectimax_d2,adjacent
corrected_reduced_deck_capture_heavy_fixed_r2,greedy,adjacent
corrected_reduced_deck_capture_heavy_fixed_r2,expectimax_d2,adjacent
corrected_reduced_deck_capture_heavy_fixed_r2,greedy,adjacent
corrected_reduced_deck_capture_heavy_fixed_r2,greedy,adjacent
corrected_reduced_deck_capture_heavy_fixed_r2,expectimax_d2,net
corrected_reduced_deck_capture_heavy_fixed_r2,expectimax_d2,adjacent
corrected_reduced_deck_capture_heavy_fixed_r2,expectimax_d2,adjacent
corrected_reduced_deck_capture_heavy_fixed_r2,expectimax_d2,adjacent
corrected_reduced_deck_capture_heavy_fixed_r2,greedy,adjacent
corrected_reduced_deck_capture_heavy_fixed_r2,greedy,adjacent
corrected_reduced_deck_capture_heavy_fixed_r2,expectimax_d2,net
corrected_reduced_deck_capture_heavy_fixed_r2,expectimax_d2,net
corrected_reduced_deck_capture_heavy_fixed_r2,greedy,net
corrected_reduced_deck_capture_heavy_fixed_r2,greedy,net
corrected_reduced_deck_capture_heavy_fixed_r2,greedy,net
corrected_reduced_deck_capture_heavy_fixed_r2,greedy,net
corrected_reduced_deck_capture_heavy_fixed_r2,greedy,adjacent
corrected_reduced_deck_capture_heavy_fixed_r2,expectimax_d3,adjacent
corrected_reduced_deck_capture_heavy_fixed_r2,greedy,adjacent
corrected_reduced_deck_capture_heavy_fixed_r2,expectimax_d3,adjacent
corrected_reduced_deck_capture_heavy_fixed_r2,expectimax_d3,net
corrected_reduced_deck_capture_heavy_fixed_r2,greedy,adjacent
corrected_reduced_deck_capture_heavy_fixed_r2,greedy,adjacent
corrected_reduced_deck_capture_heavy_fixed_r2,expectimax_d3,adjacent
corrected_reduced_deck_capture_heavy_fixed_r2,expectimax_d3,adjacent
corrected_reduced_deck_capture_heavy_fixed_r2,expectimax_d3,adjacent
corrected_reduced_deck_capture_heavy_fixed_r2,expectimax_d3,adjacent
corrected_reduced_deck_capture_heavy_fixed_r2,expectimax_d3,adjacent
corrected_reduced_deck_capture_heavy_fixed_r2,greedy,adjacent
corrected_reduced_deck_capture_heavy_fixed_r2,expectimax_d3,adjacent
corrected_reduced_deck_capture_heavy_fixed_r2,greedy,adjacent
corrected_reduced_deck_capture_heavy_fixed_r2,expectimax_d3,adjacent
corrected_reduced_deck_capture_heavy_fixed_r2,expectimax_d3,adjacent
corrected_reduced_deck_capture_heavy_fixed_r2,greedy,adjacent
corrected_reduced_deck_capture_heavy_fixed_r2,greedy,adjacent
corrected_reduced_deck_capture_heavy_fixed_r2,greedy,adjacent
corrected_reduced_deck_capture_heavy_fixed_r2,expectimax_d3,adjacent
corrected_reduced_deck_capture_heavy_fixed_r2,expectimax_d3,adjacent
corrected_reduced_deck_capture_heavy_fixed_r2,expectimax_d3,adjacent
corrected_reduced_deck_capture_heavy_fixed_r2,expectimax_d3,adjacent
corrected_reduced_deck_capture_heavy_fixed_r2,greedy,net
corrected_reduced_deck_capture_heavy_fixed_r2,expectimax_d3,adjacent
corrected_reduced_deck_capture_heavy_fixed_r2,expectimax_d3,adjacent
corrected_reduced_deck_capture_heavy_fixed_r2,expectimax_d3,net
corrected_reduced_deck_capture_heavy_fixed_r2,expectimax_d3,adjacent
corrected_reduced_deck_capture_heavy_fixed_r2,expectimax_d3,adjacent
corrected_reduced_deck_capture_heavy_fixed_r2,greedy,adjacent
corrected_reduced_deck_capture_heavy_fixed_r2,expectimax_d3,adjacent
corrected_reduced_deck_capture_heavy_fixed_r2,greedy,adjacent
corrected_reduced_deck_capture_heavy_fixed_r2,greedy,net
corrected_reduced_deck_capture_heavy_fixed_r2,greedy,adjacent
corrected_reduced_deck_capture_heavy_fixed_r2,expectimax_d3,adjacent
corrected_reduced_deck_capture_heavy_fixed_r2,greedy,adjacent
corrected_reduced_deck_capture_heavy_fixed_r2,expectimax_d3,adjacent
corrected_reduced_deck_capture_heavy_fixed_r2,greedy,adjacent
corrected_reduced_deck_capture_heavy_fixed_r2,expectimax_d3,adjacent
corrected_reduced_deck_capture_heavy_fixed_r2,greedy,adjacent
corrected_reduced_deck_capture_heavy_fixed_r2,greedy,adjacent
corrected_reduced_deck_capture_heavy_fixed_r2,expectimax_d3,adjacent
corrected_reduced_deck_capture_heavy_fixed_r2,expectimax_d3,adjacent
corrected_reduced_deck_capture_heavy_fixed_r2,expectimax_d3,adjacent
corrected_reduced_deck_capture_heavy_fixed_r2,greedy,adjacent
corrected_reduced_deck_capture_heavy_fixed_r2,greedy,adjacent
corrected_reduced_deck_capture_heavy_fixed_r2,greedy,adjacent
corrected_reduced_deck_capture_heavy_fixed_r2,expectimax_d3,adjacent
corrected_reduced_deck_capture_heavy_fixed_r2,greedy,adjacent
corrected_reduced_deck_capture_heavy_fixed_r2,mcts,net
corrected_reduced_deck_capture_heavy_fixed_r2,mcts,net
corrected_reduced_deck_capture_heavy_fixed_r2,mcts,net
corrected_reduced_deck_capture_heavy_fixed_r2,mcts,net
corrected_reduced_deck_capture_heavy_fixed_r2,mcts,adjacent
corrected_reduced_deck_capture_heavy_fixed_r2,greedy,adjacent
corrected_reduced_deck_capture_heavy_fixed_r2,mcts,net
corrected_reduced_deck_capture_heavy_fixed_r2,mcts,adjacent
corrected_reduced_deck_capture_heavy_fixed_r2,greedy,adjacent
corrected_reduced_deck_capture_heavy_fixed_r2,mcts,net
corrected_reduced_deck_capture_heavy_fixed_r2,mcts,adjacent
corrected_reduced_deck_capture_heavy_fixed_r2,greedy,adjacent
corrected_reduced_deck_capture_heavy_fixed_r2,greedy,adjacent
corrected_reduced_deck_capture_heavy_fixed_r2,greedy,adjacent
corrected_reduced_deck_capture_heavy_fixed_r2,greedy,adjacent
corrected_reduced_deck_capture_heavy_fixed_r2,mcts,adjacent
corrected_reduced_deck_capture_heavy_fixed_r2,greedy,net
corrected_reduced_deck_capture_heavy_fixed_r2,mcts,adjacent
corrected_reduced_deck_capture_heavy_fixed_r2,mcts,adjacent
corrected_reduced_deck_capture_heavy_fixed_r2,greedy,adjacent
corrected_reduced_deck_capture_heavy_fixed_r2,mcts,adjacent
corrected_reduced_deck_capture_heavy_fixed_r2,greedy,adjacent
corrected_reduced_deck_capture_heavy_fixed_r2,greedy,adjacent
corrected_reduced_deck_capture_heavy_fixed_r2,mcts,net
corrected_reduced_deck_capture_heavy_fixed_r2,greedy,adjacent
corrected_reduced_deck_capture_heavy_fixed_r2,greedy,adjacent
corrected_reduced_deck_capture_heavy_fixed_r2,mcts,adjacent
corrected_reduced_deck_capture_heavy_fixed_r2,mcts,net
corrected_reduced_deck_capture_heavy_fixed_r2,mcts,adjacent
corrected_reduced_deck_capture_heavy_fixed_r2,mcts,adjacent
corrected_reduced_deck_capture_heavy_fixed_r2,mcts,adjacent
corrected_reduced_deck_capture_heavy_fixed_r2,greedy,adjacent
corrected_reduced_deck_capture_heavy_fixed_r2,mcts,adjacent
corrected_reduced_deck_capture_heavy_fixed_r2,greedy,adjacent
corrected_reduced_deck_capture_heavy_fixed_r2,mcts,adjacent
corrected_reduced_deck_capture_heavy_fixed_r2,greedy,adjacent
corrected_reduced_deck_capture_heavy_fixed_r2,mcts,adjacent
corrected_reduced_deck_capture_heavy_fixed_r2,greedy,net
corrected_reduced_deck_capture_heavy_fixed_r2,mcts,adjacent
corrected_reduced_deck_capture_heavy_fixed_r2,greedy,adjacent
corrected_reduced_deck_capture_heavy_fixed_r2,mcts,adjacent
corrected_reduced_deck_capture_heavy_fixed_r2,greedy,adjacent
corrected_reduced_deck_capture_heavy_fixed_r2,mcts,adjacent
corrected_reduced_deck_capture_heavy_fixed_r2,greedy,adjacent
corrected_reduced_deck_capture_heavy_fixed_r2,mcts,adjacent
corrected_reduced_deck_capture_heavy_fixed_r2,greedy,adjacent
corrected_reduced_deck_capture_heavy_fixed_r2,greedy,adjacent
corrected_reduced_deck_capture_heavy_fixed_r2,mcts,adjacent
corrected_reduced_deck_capture_heavy_fixed_r2,greedy,adjacent
corrected_reduced_deck_capture_heavy_fixed_r2,mcts,adjacent
corrected_reduced_deck_capture_heavy_fixed_r2,greedy,adjacent
corrected_reduced_deck_capture_heavy_fixed_r2,greedy,adjacent
corrected_reduced_deck_capture_heavy_fixed_r2,greedy,adjacent
corrected_reduced_deck_capture_heavy_fixed_r2,mcts,adjacent
corrected_reduced_deck_capture_heavy_fixed_r2,mcts,adjacent
corrected_reduced_deck_capture_heavy_fixed_r2,greedy,net
corrected_reduced_deck_capture_heavy_fixed_r2,greedy,net
corrected_reduced_deck_capture_heavy_fixed_r2,greedy,adjacent
corrected_reduced_deck_capture_heavy_fixed_r2,greedy,adjacent
corrected_reduced_deck_capture_heavy_fixed_r2,greedy,adjacent
corrected_reduced_deck_capture_heavy_fixed_r2,greedy,adjacent
corrected_reduced_deck_capture_heavy_fixed_r2,greedy,adjacent
corrected_reduced_deck_capture_heavy_fixed_r2,greedy,adjacent
corrected_reduced_deck_capture_heavy_fixed_r2,random,adjacent
corrected_reduced_deck_capture_heavy_fixed_r2,greedy,net
corrected_reduced_deck_capture_heavy_fixed_r2,greedy,adjacent
corrected_reduced_deck_capture_heavy_fixed_r2,greedy,adjacent
corrected_reduced_deck_capture_heavy_fixed_r2,greedy,adjacent
corrected_reduced_deck_capture_heavy_fixed_r2,greedy,net
corrected_reduced_deck_capture_heavy_fixed_r2,greedy,adjacent
corrected_reduced_deck_capture_heavy_fixed_r2,greedy,adjacent
corrected_reduced_deck_capture_heavy_fixed_r2,random,adjacent
corrected_reduced_deck_capture_heavy_fixed_r2,greedy,adjacent
corrected_reduced_deck_capture_heavy_fixed_r2,greedy,adjacent
corrected_reduced_deck_capture_heavy_fixed_r2,greedy,adjacent
corrected_reduced_deck_capture_heavy_fixed_r2,greedy,adjacent
corrected_reduced_deck_capture_heavy_fixed_r2,random,adjacent
corrected_reduced_deck_capture_heavy_fixed_r2,greedy,net
corrected_reduced_deck_capture_heavy_fixed_r2,greedy,net
corrected_reduced_deck_capture_heavy_fixed_r2,greedy,net
corrected_reduced_deck_capture_heavy_fixed_r2,greedy,net
corrected_reduced_deck_capture_heavy_fixed_r2,greedy,adjacent
corrected_reduced_deck_capture_heavy_fixed_r2,greedy,adjacent
corrected_reduced_deck_capture_heavy_fixed_r2,greedy,adjacent
corrected_reduced_deck_capture_heavy_fixed_r2,greedy,adjacent
corrected_reduced_deck_capture_heavy_fixed_r2,random,adjacent
corrected_reduced_deck_capture_heavy_fixed_r2,greedy,adjacent
corrected_reduced_deck_capture_heavy_fixed_r2,greedy,adjacent
corrected_reduced_deck_capture_heavy_fixed_r2,random,adjacent
corrected_reduced_deck_capture_heavy_fixed_r2,greedy,adjacent
corrected_reduced_deck_capture_heavy_fixed_r2,greedy,net
corrected_reduced_deck_capture_heavy_fixed_r2,greedy,net
corrected_reduced_deck_capture_heavy_fixed_r2,random,adjacent
corrected_reduced_deck_capture_heavy_fixed_r2,greedy,adjacent
corrected_reduced_deck_capture_heavy_fixed_r2,random,adjacent
corrected_reduced_deck_capture_heavy_fixed_r2,greedy,net
corrected_reduced_deck_capture_heavy_fixed_r2,greedy,net
corrected_reduced_deck_capture_heavy_fixed_r2,greedy,net
corrected_reduced_deck_capture_heavy_fixed_r2,greedy,adjacent
corrected_reduced_deck_capture_heavy_fixed_r2,greedy,adjacent
corrected_reduced_deck_capture_heavy_fixed_r2,greedy,adjacent
corrected_reduced_deck_capture_heavy_fixed_r2,greedy,adjacent
corrected_reduced_deck_capture_heavy_fixed_r2,greedy,adjacent
corrected_reduced_deck_capture_heavy_fixed_r2,greedy,adjacent
corrected_reduced_deck_capture_heavy_fixed_r2,greedy,net
corrected_reduced_deck_capture_heavy_fixed_r2,greedy,adjacent
corrected_reduced_deck_capture_heavy_fixed_r2,greedy,adjacent
corrected_reduced_deck_capture_heavy_fixed_r2,greedy,adjacent
corrected_reduced_deck_capture_heavy_fixed_r2,greedy,net
corrected_reduced_deck_capture_heavy_fixed_r2,greedy,net
corrected_reduced_deck_capture_heavy_fixed_r2,greedy,adjacent
corrected_reduced_deck_capture_heavy_fixed_r2,rule,adjacent
corrected_reduced_deck_capture_heavy_fixed_r2,greedy,adjacent
corrected_reduced_deck_capture_heavy_fixed_r2,rule,adjacent
corrected_reduced_deck_capture_heavy_fixed_r2,greedy,adjacent
corrected_reduced_deck_capture_heavy_fixed_r2,greedy,net
corrected_reduced_deck_capture_heavy_fixed_r2,greedy,adjacent
corrected_reduced_deck_capture_heavy_fixed_r2,greedy,adjacent
corrected_reduced_deck_capture_heavy_fixed_r2,rule,adjacent
corrected_reduced_deck_capture_heavy_fixed_r2,rule,adjacent
corrected_reduced_deck_capture_heavy_fixed_r2,rule,adjacent
corrected_reduced_deck_capture_heavy_fixed_r2,greedy,adjacent
corrected_reduced_deck_capture_heavy_fixed_r2,rule,adjacent
corrected_reduced_deck_capture_heavy_fixed_r2,rule,adjacent
corrected_reduced_deck_capture_heavy_fixed_r2,greedy,adjacent
corrected_reduced_deck_capture_heavy_fixed_r2,greedy,net
corrected_reduced_deck_capture_heavy_fixed_r2,greedy,adjacent
corrected_reduced_deck_capture_heavy_fixed_r2,rule,adjacent
corrected_reduced_deck_capture_heavy_fixed_r2,greedy,adjacent
corrected_reduced_deck_capture_heavy_fixed_r2,rule,adjacent
corrected_reduced_deck_capture_heavy_fixed_r2,greedy,net
corrected_reduced_deck_capture_heavy_fixed_r2,greedy,adjacent
corrected_reduced_deck_capture_heavy_fixed_r2,rule,adjacent
corrected_reduced_deck_capture_heavy_fixed_r2,greedy,adjacent
corrected_reduced_deck_capture_heavy_fixed_r2,rule,net
corrected_reduced_deck_capture_heavy_fixed_r2,rule,net
corrected_reduced_deck_capture_heavy_fixed_r2,greedy,adjacent
corrected_reduced_deck_capture_heavy_fixed_r2,greedy,adjacent
corrected_reduced_deck_capture_heavy_fixed_r2,rule,net
corrected_reduced_deck_capture_heavy_fixed_r2,greedy,adjacent
corrected_reduced_deck_capture_heavy_fixed_r2,greedy,adjacent
corrected_reduced_deck_capture_heavy_fixed_r2,greedy,adjacent
corrected_reduced_deck_capture_heavy_fixed_r2,rule,adjacent
corrected_reduced_deck_capture_heavy_fixed_r2,rule,adjacent
corrected_reduced_deck_capture_heavy_fixed_r2,rule,adjacent
corrected_reduced_deck_capture_heavy_fixed_r2,rule,adjacent
corrected_reduced_deck_capture_heavy_fixed_r2,greedy,adjacent
corrected_reduced_deck_capture_heavy_fixed_r2,rule,adjacent
corrected_reduced_deck_capture_heavy_fixed_r2,greedy,adjacent
corrected_reduced_deck_capture_heavy_fixed_r2,greedy,adjacent
corrected_reduced_deck_capture_heavy_fixed_r2,rule,adjacent
corrected_reduced_deck_capture_heavy_fixed_r2,greedy,adjacent
corrected_reduced_deck_capture_heavy_fixed_r2,rule,adjacent
corrected_reduced_deck_capture_heavy_fixed_r2,greedy,adjacent
corrected_reduced_deck_capture_heavy_fixed_r2,rule,adjacent
corrected_reduced_deck_capture_heavy_fixed_r2,greedy,adjacent
corrected_reduced_deck_capture_heavy_fixed_r2,greedy,adjacent
corrected_reduced_deck_capture_heavy_fixed_r2,rule,net
corrected_reduced_deck_capture_heavy_fixed_r2,rule,adjacent
corrected_reduced_deck_capture_heavy_fixed_r2,greedy,adjacent
corrected_reduced_deck_capture_heavy_fixed_r2,rule,adjacent
corrected_reduced_deck_capture_heavy_fixed_r2,greedy,adjacent
corrected_reduced_deck_capture_heavy_fixed_r2,greedy,adjacent
corrected_reduced_deck_capture_heavy_fixed_r2,rule,adjacent
corrected_reduced_deck_capture_heavy_fixed_r2,greedy,adjacent
corrected_reduced_deck_capture_heavy_fixed_r2,rule,net
corrected_reduced_deck_capture_heavy_fixed_r2,mcts,net
corrected_reduced_deck_capture_heavy_fixed_r2,mcts,net
corrected_reduced_deck_capture_heavy_fixed_r2,mcts,net
corrected_reduced_deck_capture_heavy_fixed_r2,mcts,net
corrected_reduced_deck_capture_heavy_fixed_r2,mcts,adjacent
corrected_reduced_deck_capture_heavy_fixed_r2,expectimax_d2,adjacent
corrected_reduced_deck_capture_heavy_fixed_r2,mcts,adjacent
corrected_reduced_deck_capture_heavy_fixed_r2,expectimax_d2,adjacent
corrected_reduced_deck_capture_heavy_fixed_r2,expectimax_d2,adjacent
corrected_reduced_deck_capture_heavy_fixed_r2,mcts,net
corrected_reduced_deck_capture_heavy_fixed_r2,mcts,adjacent
corrected_reduced_deck_capture_heavy_fixed_r2,expectimax_d2,adjacent
corrected_reduced_deck_capture_heavy_fixed_r2,expectimax_d2,adjacent
corrected_reduced_deck_capture_heavy_fixed_r2,expectimax_d2,adjacent
corrected_reduced_deck_capture_heavy_fixed_r2,expectimax_d2,adjacent
corrected_reduced_deck_capture_heavy_fixed_r2,expectimax_d2,adjacent
corrected_reduced_deck_capture_heavy_fixed_r2,mcts,net
corrected_reduced_deck_capture_heavy_fixed_r2,mcts,net
corrected_reduced_deck_capture_heavy_fixed_r2,expectimax_d2,adjacent
corrected_reduced_deck_capture_heavy_fixed_r2,mcts,adjacent
corrected_reduced_deck_capture_heavy_fixed_r2,expectimax_d2,net
corrected_reduced_deck_capture_heavy_fixed_r2,mcts,adjacent
corrected_reduced_deck_capture_heavy_fixed_r2,expectimax_d2,adjacent
corrected_reduced_deck_capture_heavy_fixed_r2,expectimax_d2,adjacent
corrected_reduced_deck_capture_heavy_fixed_r2,mcts,adjacent
corrected_reduced_deck_capture_heavy_fixed_r2,expectimax_d2,adjacent
corrected_reduced_deck_capture_heavy_fixed_r2,mcts,adjacent
corrected_reduced_deck_capture_heavy_fixed_r2,mcts,adjacent
corrected_reduced_deck_capture_heavy_fixed_r2,mcts,adjacent
corrected_reduced_deck_capture_heavy_fixed_r2,mcts,adjacent
corrected_reduced_deck_capture_heavy_fixed_r2,expectimax_d2,adjacent
corrected_reduced_deck_capture_heavy_fixed_r2,expectimax_d2,adjacent
corrected_reduced_deck_capture_heavy_fixed_r2,expectimax_d2,adjacent
corrected_reduced_deck_capture_heavy_fixed_r2,mcts,net
corrected_reduced_deck_capture_heavy_fixed_r2,expectimax_d2,adjacent
corrected_reduced_deck_capture_heavy_fixed_r2,mcts,adjacent
corrected_reduced_deck_capture_heavy_fixed_r2,mcts,adjacent
corrected_reduced_deck_capture_heavy_fixed_r2,expectimax_d2,adjacent
corrected_reduced_deck_capture_heavy_fixed_r2,expectimax_d2,adjacent
corrected_reduced_deck_capture_heavy_fixed_r2,expectimax_d2,net
corrected_reduced_deck_capture_heavy_fixed_r2,expectimax_d2,adjacent
corrected_reduced_deck_capture_heavy_fixed_r2,mcts,adjacent
corrected_reduced_deck_capture_heavy_fixed_r2,expectimax_d2,adjacent
corrected_reduced_deck_capture_heavy_fixed_r2,expectimax_d2,adjacent
corrected_reduced_deck_capture_heavy_fixed_r2,expectimax_d2,adjacent
corrected_reduced_deck_capture_heavy_fixed_r2,expectimax_d2,adjacent
corrected_reduced_deck_capture_heavy_fixed_r2,mcts,adjacent
corrected_reduced_deck_capture_heavy_fixed_r2,mcts,adjacent
corrected_reduced_deck_capture_heavy_fixed_r2,expectimax_d2,adjacent
corrected_reduced_deck_capture_heavy_fixed_r2,expectimax_d2,adjacent
corrected_reduced_deck_capture_heavy_fixed_r2,mcts,net
corrected_reduced_deck_capture_heavy_fixed_r2,expectimax_d2,net
corrected_reduced_deck_capture_heavy_fixed_r2,expectimax_d2,net
corrected_reduced_deck_capture_heavy_fixed_r2,expectimax_d2,adjacent
corrected_reduced_deck_capture_heavy_fixed_r2,expectimax_d2,adjacent
corrected_reduced_deck_capture_heavy_fixed_r2,expectimax_d2,adjacent
corrected_reduced_deck_capture_heavy_fixed_r2,mcts,net
corrected_reduced_deck_capture_heavy_fixed_r2,mcts,net
corrected_reduced_deck_capture_heavy_fixed_r2,mcts,net
corrected_reduced_deck_capture_heavy_fixed_r2,mcts,net
corrected_reduced_deck_capture_heavy_fixed_r2,mcts,adjacent
corrected_reduced_deck_capture_heavy_fixed_r2,expectimax_d3,adjacent
corrected_reduced_deck_capture_heavy_fixed_r2,expectimax_d3,net
corrected_reduced_deck_capture_heavy_fixed_r2,expectimax_d3,net
corrected_reduced_deck_capture_heavy_fixed_r2,expectimax_d3,adjacent
corrected_reduced_deck_capture_heavy_fixed_r2,expectimax_d3,adjacent
corrected_reduced_deck_capture_heavy_fixed_r2,expectimax_d3,adjacent
corrected_reduced_deck_capture_heavy_fixed_r2,expectimax_d3,adjacent
corrected_reduced_deck_capture_heavy_fixed_r2,mcts,adjacent
corrected_reduced_deck_capture_heavy_fixed_r2,expectimax_d3,adjacent
corrected_reduced_deck_capture_heavy_fixed_r2,expectimax_d3,adjacent
corrected_reduced_deck_capture_heavy_fixed_r2,expectimax_d3,adjacent
corrected_reduced_deck_capture_heavy_fixed_r2,mcts,adjacent
corrected_reduced_deck_capture_heavy_fixed_r2,mcts,adjacent
corrected_reduced_deck_capture_heavy_fixed_r2,expectimax_d3,net
corrected_reduced_deck_capture_heavy_fixed_r2,mcts,adjacent
corrected_reduced_deck_capture_heavy_fixed_r2,expectimax_d3,adjacent
corrected_reduced_deck_capture_heavy_fixed_r2,expectimax_d3,adjacent
corrected_reduced_deck_capture_heavy_fixed_r2,mcts,adjacent
corrected_reduced_deck_capture_heavy_fixed_r2,expectimax_d3,adjacent
corrected_reduced_deck_capture_heavy_fixed_r2,mcts,adjacent
corrected_reduced_deck_capture_heavy_fixed_r2,mcts,adjacent
corrected_reduced_deck_capture_heavy_fixed_r2,expectimax_d3,adjacent
corrected_reduced_deck_capture_heavy_fixed_r2,mcts,adjacent
corrected_reduced_deck_capture_heavy_fixed_r2,mcts,net
corrected_reduced_deck_capture_heavy_fixed_r2,expectimax_d3,adjacent
corrected_reduced_deck_capture_heavy_fixed_r2,mcts,adjacent
corrected_reduced_deck_capture_heavy_fixed_r2,expectimax_d3,adjacent
corrected_reduced_deck_capture_heavy_fixed_r2,mcts,adjacent
corrected_reduced_deck_capture_heavy_fixed_r2,mcts,net
corrected_reduced_deck_capture_heavy_fixed_r2,mcts,net
corrected_reduced_deck_capture_heavy_fixed_r2,mcts,net
corrected_reduced_deck_capture_heavy_fixed_r2,expectimax_d3,adjacent
corrected_reduced_deck_capture_heavy_fixed_r2,mcts,adjacent
corrected_reduced_deck_capture_heavy_fixed_r2,expectimax_d3,adjacent
corrected_reduced_deck_capture_heavy_fixed_r2,expectimax_d3,adjacent
corrected_reduced_deck_capture_heavy_fixed_r2,expectimax_d3,adjacent
corrected_reduced_deck_capture_heavy_fixed_r2,expectimax_d3,adjacent
corrected_reduced_deck_capture_heavy_fixed_r2,mcts,adjacent
corrected_reduced_deck_capture_heavy_fixed_r2,mcts,adjacent
corrected_reduced_deck_capture_heavy_fixed_r2,expectimax_d3,adjacent
corrected_reduced_deck_capture_heavy_fixed_r2,expectimax_d3,adjacent
corrected_reduced_deck_capture_heavy_fixed_r2,mcts,net
corrected_reduced_deck_capture_heavy_fixed_r2,expectimax_d3,net
corrected_reduced_deck_capture_heavy_fixed_r2,expectimax_d3,net
corrected_reduced_deck_capture_heavy_fixed_r2,expectimax_d3,adjacent
corrected_reduced_deck_capture_heavy_fixed_r2,expectimax_d3,adjacent
corrected_reduced_deck_capture_heavy_fixed_r2,expectimax_d3,adjacent
corrected_reduced_deck_capture_heavy_fixed_r2,mcts,net
corrected_reduced_deck_capture_heavy_fixed_r2,mcts,net
corrected_reduced_deck_capture_heavy_fixed_r2,mcts,net
corrected_reduced_deck_capture_heavy_fixed_r2,mcts,net
corrected_reduced_deck_capture_heavy_fixed_r2,mcts,adjacent
corrected_reduced_deck_capture_heavy_fixed_r2,greedy,net
corrected_reduced_deck_capture_heavy_fixed_r2,mcts,adjacent
corrected_reduced_deck_capture_heavy_fixed_r2,greedy,adjacent
corrected_reduced_deck_capture_heavy_fixed_r2,mcts,adjacent
corrected_reduced_deck_capture_heavy_fixed_r2,greedy,adjacent
corrected_reduced_deck_capture_heavy_fixed_r2,mcts,adjacent
corrected_reduced_deck_capture_heavy_fixed_r2,greedy,adjacent
corrected_reduced_deck_capture_heavy_fixed_r2,greedy,adjacent
corrected_reduced_deck_capture_heavy_fixed_r2,greedy,net
corrected_reduced_deck_capture_heavy_fixed_r2,greedy,net
corrected_reduced_deck_capture_heavy_fixed_r2,mcts,adjacent
corrected_reduced_deck_capture_heavy_fixed_r2,mcts,adjacent
corrected_reduced_deck_capture_heavy_fixed_r2,mcts,adjacent
corrected_reduced_deck_capture_heavy_fixed_r2,greedy,net
corrected_reduced_deck_capture_heavy_fixed_r2,mcts,net
corrected_reduced_deck_capture_heavy_fixed_r2,greedy,net
corrected_reduced_deck_capture_heavy_fixed_r2,mcts,adjacent
corrected_reduced_deck_capture_heavy_fixed_r2,greedy,net
corrected_reduced_deck_capture_heavy_fixed_r2,greedy,net
corrected_reduced_deck_capture_heavy_fixed_r2,mcts,adjacent
corrected_reduced_deck_capture_heavy_fixed_r2,greedy,net
corrected_reduced_deck_capture_heavy_fixed_r2,greedy,adjacent
corrected_reduced_deck_capture_heavy_fixed_r2,mcts,adjacent
corrected_reduced_deck_capture_heavy_fixed_r2,greedy,adjacent
corrected_reduced_deck_capture_heavy_fixed_r2,greedy,adjacent
corrected_reduced_deck_capture_heavy_fixed_r2,mcts,adjacent
corrected_reduced_deck_capture_heavy_fixed_r2,greedy,adjacent
corrected_reduced_deck_capture_heavy_fixed_r2,mcts,net
corrected_reduced_deck_capture_heavy_fixed_r2,mcts,adjacent
corrected_reduced_deck_capture_heavy_fixed_r2,greedy,adjacent
corrected_reduced_deck_capture_heavy_fixed_r2,mcts,adjacent
corrected_reduced_deck_capture_heavy_fixed_r2,greedy,adjacent
corrected_reduced_deck_capture_heavy_fixed_r2,greedy,adjacent
corrected_reduced_deck_capture_heavy_fixed_r2,mcts,adjacent
corrected_reduced_deck_capture_heavy_fixed_r2,greedy,adjacent
corrected_reduced_deck_capture_heavy_fixed_r2,mcts,adjacent
corrected_reduced_deck_capture_heavy_fixed_r2,greedy,adjacent
corrected_reduced_deck_capture_heavy_fixed_r2,mcts,adjacent
corrected_reduced_deck_capture_heavy_fixed_r2,greedy,net
corrected_reduced_deck_capture_heavy_fixed_r2,greedy,adjacent
corrected_reduced_deck_capture_heavy_fixed_r2,mcts,net
corrected_reduced_deck_capture_heavy_fixed_r2,mcts,adjacent
corrected_reduced_deck_capture_heavy_fixed_r2,greedy,adjacent
corrected_reduced_deck_capture_heavy_fixed_r2,greedy,adjacent
corrected_reduced_deck_capture_heavy_fixed_r2,greedy,adjacent
corrected_reduced_deck_capture_heavy_fixed_r2,mcts,adjacent
corrected_reduced_deck_capture_heavy_fixed_r2,greedy,adjacent
corrected_reduced_deck_capture_heavy_fixed_r2,mcts,adjacent
corrected_reduced_deck_capture_heavy_fixed_r2,greedy,adjacent
corrected_reduced_deck_capture_heavy_fixed_r2,greedy,adjacent
corrected_reduced_deck_capture_heavy_fixed_r2,mcts,net
corrected_reduced_deck_capture_heavy_fixed_r2,mcts,net
corrected_reduced_deck_capture_heavy_fixed_r2,mcts,adjacent
corrected_reduced_deck_capture_heavy_fixed_r2,mcts,adjacent
corrected_reduced_deck_capture_heavy_fixed_r2,mcts,adjacent
corrected_reduced_deck_capture_heavy_fixed_r2,mcts,adjacent
corrected_reduced_deck_capture_heavy_fixed_r2,mcts,adjacent
corrected_reduced_deck_capture_heavy_fixed_r2,mcts,adjacent
corrected_reduced_deck_capture_heavy_fixed_r2,random,adjacent
corrected_reduced_deck_capture_heavy_fixed_r2,mcts,adjacent
corrected_reduced_deck_capture_heavy_fixed_r2,mcts,adjacent
corrected_reduced_deck_capture_heavy_fixed_r2,mcts,adjacent
corrected_reduced_deck_capture_heavy_fixed_r2,mcts,adjacent
corrected_reduced_deck_capture_heavy_fixed_r2,random,adjacent
corrected_reduced_deck_capture_heavy_fixed_r2,random,adjacent
corrected_reduced_deck_capture_heavy_fixed_r2,random,adjacent
corrected_reduced_deck_capture_heavy_fixed_r2,mcts,adjacent
corrected_reduced_deck_capture_heavy_fixed_r2,mcts,net
corrected_reduced_deck_capture_heavy_fixed_r2,mcts,adjacent
corrected_reduced_deck_capture_heavy_fixed_r2,mcts,adjacent
corrected_reduced_deck_capture_heavy_fixed_r2,mcts,adjacent
corrected_reduced_deck_capture_heavy_fixed_r2,mcts,adjacent
corrected_reduced_deck_capture_heavy_fixed_r2,random,adjacent
corrected_reduced_deck_capture_heavy_fixed_r2,mcts,adjacent
corrected_reduced_deck_capture_heavy_fixed_r2,random,adjacent
corrected_reduced_deck_capture_heavy_fixed_r2,mcts,adjacent
corrected_reduced_deck_capture_heavy_fixed_r2,random,adjacent
corrected_reduced_deck_capture_heavy_fixed_r2,mcts,adjacent
corrected_reduced_deck_capture_heavy_fixed_r2,mcts,adjacent
corrected_reduced_deck_capture_heavy_fixed_r2,mcts,adjacent
corrected_reduced_deck_capture_heavy_fixed_r2,mcts,adjacent
corrected_reduced_deck_capture_heavy_fixed_r2,mcts,net
corrected_reduced_deck_capture_heavy_fixed_r2,mcts,net
corrected_reduced_deck_capture_heavy_fixed_r2,mcts,net
corrected_reduced_deck_capture_heavy_fixed_r2,mcts,net
corrected_reduced_deck_capture_heavy_fixed_r2,mcts,adjacent
corrected_reduced_deck_capture_heavy_fixed_r2,rule,adjacent
corrected_reduced_deck_capture_heavy_fixed_r2,rule,net
corrected_reduced_deck_capture_heavy_fixed_r2,rule,adjacent
corrected_reduced_deck_capture_heavy_fixed_r2,rule,adjacent
corrected_reduced_deck_capture_heavy_fixed_r2,rule,net
corrected_reduced_deck_capture_heavy_fixed_r2,mcts,adjacent
corrected_reduced_deck_capture_heavy_fixed_r2,rule,adjacent
corrected_reduced_deck_capture_heavy_fixed_r2,mcts,adjacent
corrected_reduced_deck_capture_heavy_fixed_r2,rule,adjacent
corrected_reduced_deck_capture_heavy_fixed_r2,mcts,adjacent
corrected_reduced_deck_capture_heavy_fixed_r2,rule,adjacent
corrected_reduced_deck_capture_heavy_fixed_r2,mcts,net
corrected_reduced_deck_capture_heavy_fixed_r2,mcts,net
corrected_reduced_deck_capture_heavy_fixed_r2,rule,adjacent
corrected_reduced_deck_capture_heavy_fixed_r2,rule,adjacent
corrected_reduced_deck_capture_heavy_fixed_r2,mcts,adjacent
corrected_reduced_deck_capture_heavy_fixed_r2,rule,adjacent
corrected_reduced_deck_capture_heavy_fixed_r2,rule,adjacent
corrected_reduced_deck_capture_heavy_fixed_r2,rule,adjacent
corrected_reduced_deck_capture_heavy_fixed_r2,rule,adjacent
corrected_reduced_deck_capture_heavy_fixed_r2,mcts,adjacent
corrected_reduced_deck_capture_heavy_fixed_r2,rule,adjacent
corrected_reduced_deck_capture_heavy_fixed_r2,rule,adjacent
corrected_reduced_deck_capture_heavy_fixed_r2,rule,adjacent
corrected_reduced_deck_capture_heavy_fixed_r2,mcts,adjacent
corrected_reduced_deck_capture_heavy_fixed_r2,mcts,adjacent
corrected_reduced_deck_capture_heavy_fixed_r2,rule,adjacent
corrected_reduced_deck_capture_heavy_fixed_r2,mcts,net
corrected_reduced_deck_capture_heavy_fixed_r2,mcts,adjacent
corrected_reduced_deck_capture_heavy_fixed_r2,rule,net
corrected_reduced_deck_capture_heavy_fixed_r2,rule,net
corrected_reduced_deck_capture_heavy_fixed_r2,rule,adjacent
corrected_reduced_deck_capture_heavy_fixed_r2,rule,net
corrected_reduced_deck_capture_heavy_fixed_r2,mcts,adjacent
corrected_reduced_deck_capture_heavy_fixed_r2,rule,adjacent
corrected_reduced_deck_capture_heavy_fixed_r2,mcts,adjacent
corrected_reduced_deck_capture_heavy_fixed_r2,rule,adjacent
corrected_reduced_deck_capture_heavy_fixed_r2,mcts,net
corrected_reduced_deck_capture_heavy_fixed_r2,mcts,net
corrected_reduced_deck_capture_heavy_fixed_r2,expectimax_d2,net
corrected_reduced_deck_capture_heavy_fixed_r2,expectimax_d2,adjacent
corrected_reduced_deck_capture_heavy_fixed_r2,expectimax_d2,adjacent
corrected_reduced_deck_capture_heavy_fixed_r2,expectimax_d2,adjacent
corrected_reduced_deck_capture_heavy_fixed_r2,expectimax_d2,adjacent
corrected_reduced_deck_capture_heavy_fixed_r2,expectimax_d2,adjacent
corrected_reduced_deck_capture_heavy_fixed_r2,expectimax_d2,adjacent
corrected_reduced_deck_capture_heavy_fixed_r2,expectimax_d2,adjacent
corrected_reduced_deck_capture_heavy_fixed_r2,random,adjacent
corrected_reduced_deck_capture_heavy_fixed_r2,expectimax_d2,adjacent
corrected_reduced_deck_capture_heavy_fixed_r2,expectimax_d2,net
corrected_reduced_deck_capture_heavy_fixed_r2,random,adjacent
corrected_reduced_deck_capture_heavy_fixed_r2,expectimax_d2,net
corrected_reduced_deck_capture_heavy_fixed_r2,random,adjacent
corrected_reduced_deck_capture_heavy_fixed_r2,expectimax_d2,adjacent
corrected_reduced_deck_capture_heavy_fixed_r2,expectimax_d2,adjacent
corrected_reduced_deck_capture_heavy_fixed_r2,expectimax_d2,net
corrected_reduced_deck_capture_heavy_fixed_r2,expectimax_d2,net
corrected_reduced_deck_capture_heavy_fixed_r2,expectimax_d2,net
corrected_reduced_deck_capture_heavy_fixed_r2,expectimax_d2,adjacent
corrected_reduced_deck_capture_heavy_fixed_r2,expectimax_d2,adjacent
corrected_reduced_deck_capture_heavy_fixed_r2,expectimax_d2,adjacent
corrected_reduced_deck_capture_heavy_fixed_r2,expectimax_d2,adjacent
corrected_reduced_deck_capture_heavy_fixed_r2,expectimax_d2,adjacent
corrected_reduced_deck_capture_heavy_fixed_r2,expectimax_d2,net
corrected_reduced_deck_capture_heavy_fixed_r2,expectimax_d2,adjacent
corrected_reduced_deck_capture_heavy_fixed_r2,expectimax_d2,net
corrected_reduced_deck_capture_heavy_fixed_r2,expectimax_d2,adjacent
corrected_reduced_deck_capture_heavy_fixed_r2,expectimax_d2,adjacent
corrected_reduced_deck_capture_heavy_fixed_r2,expectimax_d2,adjacent
corrected_reduced_deck_capture_heavy_fixed_r2,random,net
corrected_reduced_deck_capture_heavy_fixed_r2,random,adjacent
corrected_reduced_deck_capture_heavy_fixed_r2,expectimax_d2,adjacent
corrected_reduced_deck_capture_heavy_fixed_r2,random,adjacent
corrected_reduced_deck_capture_heavy_fixed_r2,expectimax_d2,adjacent
corrected_reduced_deck_capture_heavy_fixed_r2,expectimax_d2,net
corrected_reduced_deck_capture_heavy_fixed_r2,expectimax_d2,adjacent
corrected_reduced_deck_capture_heavy_fixed_r2,random,adjacent
corrected_reduced_deck_capture_heavy_fixed_r2,expectimax_d2,net
corrected_reduced_deck_capture_heavy_fixed_r2,expectimax_d2,adjacent
corrected_reduced_deck_capture_heavy_fixed_r2,expectimax_d2,adjacent
corrected_reduced_deck_capture_heavy_fixed_r2,expectimax_d3,net
corrected_reduced_deck_capture_heavy_fixed_r2,expectimax_d3,adjacent
corrected_reduced_deck_capture_heavy_fixed_r2,expectimax_d3,net
corrected_reduced_deck_capture_heavy_fixed_r2,expectimax_d3,adjacent
corrected_reduced_deck_capture_heavy_fixed_r2,expectimax_d3,adjacent
corrected_reduced_deck_capture_heavy_fixed_r2,expectimax_d3,adjacent
corrected_reduced_deck_capture_heavy_fixed_r2,expectimax_d3,adjacent
corrected_reduced_deck_capture_heavy_fixed_r2,expectimax_d3,adjacent
corrected_reduced_deck_capture_heavy_fixed_r2,expectimax_d3,adjacent
corrected_reduced_deck_capture_heavy_fixed_r2,expectimax_d3,adjacent
corrected_reduced_deck_capture_heavy_fixed_r2,random,adjacent
corrected_reduced_deck_capture_heavy_fixed_r2,expectimax_d3,adjacent
corrected_reduced_deck_capture_heavy_fixed_r2,expectimax_d3,adjacent
corrected_reduced_deck_capture_heavy_fixed_r2,expectimax_d3,adjacent
corrected_reduced_deck_capture_heavy_fixed_r2,expectimax_d3,adjacent
corrected_reduced_deck_capture_heavy_fixed_r2,expectimax_d3,adjacent
corrected_reduced_deck_capture_heavy_fixed_r2,expectimax_d3,adjacent
corrected_reduced_deck_capture_heavy_fixed_r2,expectimax_d3,adjacent
corrected_reduced_deck_capture_heavy_fixed_r2,expectimax_d3,adjacent
corrected_reduced_deck_capture_heavy_fixed_r2,expectimax_d3,adjacent
corrected_reduced_deck_capture_heavy_fixed_r2,expectimax_d3,adjacent
corrected_reduced_deck_capture_heavy_fixed_r2,random,net
corrected_reduced_deck_capture_heavy_fixed_r2,expectimax_d3,adjacent
corrected_reduced_deck_capture_heavy_fixed_r2,expectimax_d3,net
corrected_reduced_deck_capture_heavy_fixed_r2,expectimax_d3,adjacent
corrected_reduced_deck_capture_heavy_fixed_r2,expectimax_d3,adjacent
corrected_reduced_deck_capture_heavy_fixed_r2,expectimax_d3,adjacent
corrected_reduced_deck_capture_heavy_fixed_r2,random,net
corrected_reduced_deck_capture_heavy_fixed_r2,expectimax_d3,adjacent
corrected_reduced_deck_capture_heavy_fixed_r2,expectimax_d3,adjacent
corrected_reduced_deck_capture_heavy_fixed_r2,expectimax_d3,net
corrected_reduced_deck_capture_heavy_fixed_r2,expectimax_d3,adjacent
corrected_reduced_deck_capture_heavy_fixed_r2,expectimax_d3,adjacent
corrected_reduced_deck_capture_heavy_fixed_r2,expectimax_d3,adjacent
corrected_reduced_deck_capture_heavy_fixed_r2,expectimax_d3,adjacent
corrected_reduced_deck_capture_heavy_fixed_r2,expectimax_d3,adjacent
corrected_reduced_deck_capture_heavy_fixed_r2,expectimax_d3,adjacent
corrected_reduced_deck_capture_heavy_fixed_r2,expectimax_d3,adjacent
corrected_reduced_deck_capture_heavy_fixed_r2,expectimax_d3,adjacent
corrected_reduced_deck_capture_heavy_fixed_r2,expectimax_d3,adjacent
corrected_reduced_deck_capture_heavy_fixed_r2,expectimax_d3,adjacent
corrected_reduced_deck_capture_heavy_fixed_r2,expectimax_d3,adjacent
corrected_reduced_deck_capture_heavy_fixed_r2,greedy,net
corrected_reduced_deck_capture_heavy_fixed_r2,greedy,adjacent
corrected_reduced_deck_capture_heavy_fixed_r2,greedy,net
corrected_reduced_deck_capture_heavy_fixed_r2,greedy,adjacent
corrected_reduced_deck_capture_heavy_fixed_r2,greedy,adjacent
corrected_reduced_deck_capture_heavy_fixed_r2,greedy,net
corrected_reduced_deck_capture_heavy_fixed_r2,greedy,adjacent
corrected_reduced_deck_capture_heavy_fixed_r2,greedy,adjacent
corrected_reduced_deck_capture_heavy_fixed_r2,greedy,adjacent
corrected_reduced_deck_capture_heavy_fixed_r2,greedy,net
corrected_reduced_deck_capture_heavy_fixed_r2,random,adjacent
corrected_reduced_deck_capture_heavy_fixed_r2,greedy,adjacent
corrected_reduced_deck_capture_heavy_fixed_r2,random,adjacent
corrected_reduced_deck_capture_heavy_fixed_r2,greedy,adjacent
corrected_reduced_deck_capture_heavy_fixed_r2,greedy,adjacent
corrected_reduced_deck_capture_heavy_fixed_r2,greedy,net
corrected_reduced_deck_capture_heavy_fixed_r2,greedy,net
corrected_reduced_deck_capture_heavy_fixed_r2,greedy,net
corrected_reduced_deck_capture_heavy_fixed_r2,greedy,adjacent
corrected_reduced_deck_capture_heavy_fixed_r2,greedy,adjacent
corrected_reduced_deck_capture_heavy_fixed_r2,greedy,adjacent
corrected_reduced_deck_capture_heavy_fixed_r2,greedy,adjacent
corrected_reduced_deck_capture_heavy_fixed_r2,greedy,adjacent
corrected_reduced_deck_capture_heavy_fixed_r2,greedy,net
corrected_reduced_deck_capture_heavy_fixed_r2,greedy,adjacent
corrected_reduced_deck_capture_heavy_fixed_r2,greedy,net
corrected_reduced_deck_capture_heavy_fixed_r2,greedy,net
corrected_reduced_deck_capture_heavy_fixed_r2,greedy,adjacent
corrected_reduced_deck_capture_heavy_fixed_r2,greedy,adjacent
corrected_reduced_deck_capture_heavy_fixed_r2,random,net
corrected_reduced_deck_capture_heavy_fixed_r2,greedy,adjacent
corrected_reduced_deck_capture_heavy_fixed_r2,greedy,adjacent
corrected_reduced_deck_capture_heavy_fixed_r2,greedy,adjacent
corrected_reduced_deck_capture_heavy_fixed_r2,greedy,adjacent
corrected_reduced_deck_capture_heavy_fixed_r2,greedy,adjacent
corrected_reduced_deck_capture_heavy_fixed_r2,random,adjacent
corrected_reduced_deck_capture_heavy_fixed_r2,greedy,adjacent
corrected_reduced_deck_capture_heavy_fixed_r2,greedy,adjacent
corrected_reduced_deck_capture_heavy_fixed_r2,greedy,adjacent
corrected_reduced_deck_capture_heavy_fixed_r2,greedy,adjacent
corrected_reduced_deck_capture_heavy_fixed_r2,random,adjacent
corrected_reduced_deck_capture_heavy_fixed_r2,greedy,adjacent
corrected_reduced_deck_capture_heavy_fixed_r2,mcts,adjacent
corrected_reduced_deck_capture_heavy_fixed_r2,random,net
corrected_reduced_deck_capture_heavy_fixed_r2,mcts,net
corrected_reduced_deck_capture_heavy_fixed_r2,mcts,net
corrected_reduced_deck_capture_heavy_fixed_r2,mcts,net
corrected_reduced_deck_capture_heavy_fixed_r2,mcts,adjacent
corrected_reduced_deck_capture_heavy_fixed_r2,mcts,adjacent
corrected_reduced_deck_capture_heavy_fixed_r2,mcts,adjacent
corrected_reduced_deck_capture_heavy_fixed_r2,random,net
corrected_reduced_deck_capture_heavy_fixed_r2,mcts,adjacent
corrected_reduced_deck_capture_heavy_fixed_r2,random,net
corrected_reduced_deck_capture_heavy_fixed_r2,mcts,adjacent
corrected_reduced_deck_capture_heavy_fixed_r2,mcts,adjacent
corrected_reduced_deck_capture_heavy_fixed_r2,random,adjacent
corrected_reduced_deck_capture_heavy_fixed_r2,mcts,adjacent
corrected_reduced_deck_capture_heavy_fixed_r2,mcts,adjacent
corrected_reduced_deck_capture_heavy_fixed_r2,mcts,net
corrected_reduced_deck_capture_heavy_fixed_r2,random,adjacent
corrected_reduced_deck_capture_heavy_fixed_r2,mcts,adjacent
corrected_reduced_deck_capture_heavy_fixed_r2,mcts,adjacent
corrected_reduced_deck_capture_heavy_fixed_r2,mcts,adjacent
corrected_reduced_deck_capture_heavy_fixed_r2,mcts,adjacent
corrected_reduced_deck_capture_heavy_fixed_r2,mcts,adjacent
corrected_reduced_deck_capture_heavy_fixed_r2,mcts,net
corrected_reduced_deck_capture_heavy_fixed_r2,mcts,adjacent
corrected_reduced_deck_capture_heavy_fixed_r2,mcts,net
corrected_reduced_deck_capture_heavy_fixed_r2,mcts,adjacent
corrected_reduced_deck_capture_heavy_fixed_r2,mcts,adjacent
corrected_reduced_deck_capture_heavy_fixed_r2,random,adjacent
corrected_reduced_deck_capture_heavy_fixed_r2,mcts,adjacent
corrected_reduced_deck_capture_heavy_fixed_r2,mcts,adjacent
corrected_reduced_deck_capture_heavy_fixed_r2,rule,adjacent
corrected_reduced_deck_capture_heavy_fixed_r2,rule,adjacent
corrected_reduced_deck_capture_heavy_fixed_r2,rule,adjacent
corrected_reduced_deck_capture_heavy_fixed_r2,rule,adjacent
corrected_reduced_deck_capture_heavy_fixed_r2,rule,adjacent
corrected_reduced_deck_capture_heavy_fixed_r2,rule,adjacent
corrected_reduced_deck_capture_heavy_fixed_r2,rule,adjacent
corrected_reduced_deck_capture_heavy_fixed_r2,rule,net
corrected_reduced_deck_capture_heavy_fixed_r2,rule,adjacent
corrected_reduced_deck_capture_heavy_fixed_r2,rule,adjacent
corrected_reduced_deck_capture_heavy_fixed_r2,random,adjacent
corrected_reduced_deck_capture_heavy_fixed_r2,rule,net
corrected_reduced_deck_capture_heavy_fixed_r2,random,adjacent
corrected_reduced_deck_capture_heavy_fixed_r2,rule,adjacent
corrected_reduced_deck_capture_heavy_fixed_r2,random,adjacent
corrected_reduced_deck_capture_heavy_fixed_r2,rule,adjacent
corrected_reduced_deck_capture_heavy_fixed_r2,rule,adjacent
corrected_reduced_deck_capture_heavy_fixed_r2,rule,adjacent
corrected_reduced_deck_capture_heavy_fixed_r2,rule,adjacent
corrected_reduced_deck_capture_heavy_fixed_r2,random,adjacent
corrected_reduced_deck_capture_heavy_fixed_r2,rule,adjacent
corrected_reduced_deck_capture_heavy_fixed_r2,random,adjacent
corrected_reduced_deck_capture_heavy_fixed_r2,rule,adjacent
corrected_reduced_deck_capture_heavy_fixed_r2,rule,adjacent
corrected_reduced_deck_capture_heavy_fixed_r2,rule,adjacent
corrected_reduced_deck_capture_heavy_fixed_r2,rule,net
corrected_reduced_deck_capture_heavy_fixed_r2,rule,net
corrected_reduced_deck_capture_heavy_fixed_r2,random,adjacent
corrected_reduced_deck_capture_heavy_fixed_r2,random,adjacent
corrected_reduced_deck_capture_heavy_fixed_r2,random,adjacent
corrected_reduced_deck_capture_heavy_fixed_r2,random,adjacent
corrected_reduced_deck_capture_heavy_fixed_r2,rule,net
corrected_reduced_deck_capture_heavy_fixed_r2,rule,net
corrected_reduced_deck_capture_heavy_fixed_r2,rule,adjacent
corrected_reduced_deck_capture_heavy_fixed_r2,rule,adjacent
corrected_reduced_deck_capture_heavy_fixed_r2,random,adjacent
corrected_reduced_deck_capture_heavy_fixed_r2,rule,adjacent
corrected_reduced_deck_capture_heavy_fixed_r2,rule,adjacent
corrected_reduced_deck_capture_heavy_fixed_r2,random,adjacent
corrected_reduced_deck_capture_heavy_fixed_r2,rule,adjacent
corrected_reduced_deck_capture_heavy_fixed_r2,rule,adjacent
corrected_reduced_deck_capture_heavy_fixed_r2,rule,adjacent
corrected_reduced_deck_capture_heavy_fixed_r2,rule,adjacent
corrected_reduced_deck_capture_heavy_fixed_r2,rule,adjacent
corrected_reduced_deck_capture_heavy_fixed_r2,rule,adjacent
corrected_reduced_deck_capture_heavy_fixed_r2,expectimax_d2,net
corrected_reduced_deck_capture_heavy_fixed_r2,rule,net
corrected_reduced_deck_capture_heavy_fixed_r2,rule,net
corrected_reduced_deck_capture_heavy_fixed_r2,rule,adjacent
corrected_reduced_deck_capture_heavy_fixed_r2,expectimax_d2,adjacent
corrected_reduced_deck_capture_heavy_fixed_r2,rule,adjacent
corrected_reduced_deck_capture_heavy_fixed_r2,expectimax_d2,adjacent
corrected_reduced_deck_capture_heavy_fixed_r2,rule,adjacent
corrected_reduced_deck_capture_heavy_fixed_r2,expectimax_d2,adjacent
corrected_reduced_deck_capture_heavy_fixed_r2,rule,adjacent
corrected_reduced_deck_capture_heavy_fixed_r2,rule,adjacent
corrected_reduced_deck_capture_heavy_fixed_r2,expectimax_d2,adjacent
corrected_reduced_deck_capture_heavy_fixed_r2,expectimax_d2,adjacent
corrected_reduced_deck_capture_heavy_fixed_r2,rule,adjacent
corrected_reduced_deck_capture_heavy_fixed_r2,expectimax_d2,adjacent
corrected_reduced_deck_capture_heavy_fixed_r2,rule,adjacent
corrected_reduced_deck_capture_heavy_fixed_r2,expectimax_d2,adjacent
corrected_reduced_deck_capture_heavy_fixed_r2,expectimax_d2,adjacent
corrected_reduced_deck_capture_heavy_fixed_r2,rule,adjacent
corrected_reduced_deck_capture_heavy_fixed_r2,expectimax_d2,adjacent
corrected_reduced_deck_capture_heavy_fixed_r2,rule,adjacent
corrected_reduced_deck_capture_heavy_fixed_r2,expectimax_d2,adjacent
corrected_reduced_deck_capture_heavy_fixed_r2,rule,adjacent
corrected_reduced_deck_capture_heavy_fixed_r2,expectimax_d2,adjacent
corrected_reduced_deck_capture_heavy_fixed_r2,rule,adjacent
corrected_reduced_deck_capture_heavy_fixed_r2,rule,adjacent
corrected_reduced_deck_capture_heavy_fixed_r2,rule,adjacent
corrected_reduced_deck_capture_heavy_fixed_r2,expectimax_d2,adjacent
corrected_reduced_deck_capture_heavy_fixed_r2,rule,adjacent
corrected_reduced_deck_capture_heavy_fixed_r2,rule,adjacent
corrected_reduced_deck_capture_heavy_fixed_r2,expectimax_d2,adjacent
corrected_reduced_deck_capture_heavy_fixed_r2,rule,adjacent
corrected_reduced_deck_capture_heavy_fixed_r2,expectimax_d2,adjacent
corrected_reduced_deck_capture_heavy_fixed_r2,rule,adjacent
corrected_reduced_deck_capture_heavy_fixed_r2,rule,adjacent
corrected_reduced_deck_capture_heavy_fixed_r2,expectimax_d2,adjacent
corrected_reduced_deck_capture_heavy_fixed_r2,expectimax_d2,adjacent
corrected_reduced_deck_capture_heavy_fixed_r2,expectimax_d2,adjacent
corrected_reduced_deck_capture_heavy_fixed_r2,rule,adjacent
corrected_reduced_deck_capture_heavy_fixed_r2,expectimax_d2,adjacent
corrected_reduced_deck_capture_heavy_fixed_r2,expectimax_d2,adjacent
corrected_reduced_deck_capture_heavy_fixed_r2,rule,adjacent
corrected_reduced_deck_capture_heavy_fixed_r2,rule,adjacent
corrected_reduced_deck_capture_heavy_fixed_r2,rule,adjacent
corrected_reduced_deck_capture_heavy_fixed_r2,rule,adjacent
corrected_reduced_deck_capture_heavy_fixed_r2,expectimax_d2,adjacent
corrected_reduced_deck_capture_heavy_fixed_r2,expectimax_d2,adjacent
corrected_reduced_deck_capture_heavy_fixed_r2,rule,adjacent
corrected_reduced_deck_capture_heavy_fixed_r2,rule,adjacent
corrected_reduced_deck_capture_heavy_fixed_r2,rule,adjacent
corrected_reduced_deck_capture_heavy_fixed_r2,expectimax_d2,adjacent
corrected_reduced_deck_capture_heavy_fixed_r2,expectimax_d2,adjacent
corrected_reduced_deck_capture_heavy_fixed_r2,expectimax_d2,net
corrected_reduced_deck_capture_heavy_fixed_r2,expectimax_d3,adjacent
corrected_reduced_deck_capture_heavy_fixed_r2,expectimax_d3,adjacent
corrected_reduced_deck_capture_heavy_fixed_r2,expectimax_d3,adjacent
corrected_reduced_deck_capture_heavy_fixed_r2,expectimax_d3,adjacent
corrected_reduced_deck_capture_heavy_fixed_r2,expectimax_d3,net
corrected_reduced_deck_capture_heavy_fixed_r2,expectimax_d3,adjacent
corrected_reduced_deck_capture_heavy_fixed_r2,expectimax_d3,adjacent
corrected_reduced_deck_capture_heavy_fixed_r2,expectimax_d3,adjacent
corrected_reduced_deck_capture_heavy_fixed_r2,expectimax_d3,adjacent
corrected_reduced_deck_capture_heavy_fixed_r2,rule,adjacent
corrected_reduced_deck_capture_heavy_fixed_r2,rule,adjacent
corrected_reduced_deck_capture_heavy_fixed_r2,rule,adjacent
corrected_reduced_deck_capture_heavy_fixed_r2,rule,adjacent
corrected_reduced_deck_capture_heavy_fixed_r2,expectimax_d3,net
corrected_reduced_deck_capture_heavy_fixed_r2,rule,adjacent
corrected_reduced_deck_capture_heavy_fixed_r2,rule,adjacent
corrected_reduced_deck_capture_heavy_fixed_r2,expectimax_d3,adjacent
corrected_reduced_deck_capture_heavy_fixed_r2,expectimax_d3,adjacent
corrected_reduced_deck_capture_heavy_fixed_r2,expectimax_d3,net
corrected_reduced_deck_capture_heavy_fixed_r2,rule,adjacent
corrected_reduced_deck_capture_heavy_fixed_r2,expectimax_d3,adjacent
corrected_reduced_deck_capture_heavy_fixed_r2,expectimax_d3,adjacent
corrected_reduced_deck_capture_heavy_fixed_r2,rule,adjacent
corrected_reduced_deck_capture_heavy_fixed_r2,expectimax_d3,adjacent
corrected_reduced_deck_capture_heavy_fixed_r2,rule,adjacent
corrected_reduced_deck_capture_heavy_fixed_r2,expectimax_d3,adjacent
corrected_reduced_deck_capture_heavy_fixed_r2,rule,adjacent
corrected_reduced_deck_capture_heavy_fixed_r2,expectimax_d3,adjacent
corrected_reduced_deck_capture_heavy_fixed_r2,rule,adjacent
corrected_reduced_deck_capture_heavy_fixed_r2,rule,adjacent
corrected_reduced_deck_capture_heavy_fixed_r2,rule,adjacent
corrected_reduced_deck_capture_heavy_fixed_r2,expectimax_d3,adjacent
corrected_reduced_deck_capture_heavy_fixed_r2,rule,adjacent
corrected_reduced_deck_capture_heavy_fixed_r2,expectimax_d3,adjacent
corrected_reduced_deck_capture_heavy_fixed_r2,rule,adjacent
corrected_reduced_deck_capture_heavy_fixed_r2,expectimax_d3,adjacent
corrected_reduced_deck_capture_heavy_fixed_r2,rule,adjacent
corrected_reduced_deck_capture_heavy_fixed_r2,rule,adjacent
corrected_reduced_deck_capture_heavy_fixed_r2,rule,adjacent
corrected_reduced_deck_capture_heavy_fixed_r2,expectimax_d3,adjacent
corrected_reduced_deck_capture_heavy_fixed_r2,rule,net
corrected_reduced_deck_capture_heavy_fixed_r2,expectimax_d3,adjacent
corrected_reduced_deck_capture_heavy_fixed_r2,expectimax_d3,adjacent
corrected_reduced_deck_capture_heavy_fixed_r2,expectimax_d3,adjacent
corrected_reduced_deck_capture_heavy_fixed_r2,rule,adjacent
corrected_reduced_deck_capture_heavy_fixed_r2,expectimax_d3,adjacent
corrected_reduced_deck_capture_heavy_fixed_r2,expectimax_d3,adjacent
corrected_reduced_deck_capture_heavy_fixed_r2,rule,adjacent
corrected_reduced_deck_capture_heavy_fixed_r2,rule,adjacent
corrected_reduced_deck_capture_heavy_fixed_r2,rule,adjacent
corrected_reduced_deck_capture_heavy_fixed_r2,rule,adjacent
corrected_reduced_deck_capture_heavy_fixed_r2,expectimax_d3,adjacent
corrected_reduced_deck_capture_heavy_fixed_r2,expectimax_d3,adjacent
corrected_reduced_deck_capture_heavy_fixed_r2,rule,adjacent
corrected_reduced_deck_capture_heavy_fixed_r2,rule,adjacent
corrected_reduced_deck_capture_heavy_fixed_r2,rule,adjacent
corrected_reduced_deck_capture_heavy_fixed_r2,expectimax_d3,adjacent
corrected_reduced_deck_capture_heavy_fixed_r2,expectimax_d3,adjacent
corrected_reduced_deck_capture_heavy_fixed_r2,expectimax_d3,adjacent
corrected_reduced_deck_capture_heavy_fixed_r2,greedy,adjacent
corrected_reduced_deck_capture_heavy_fixed_r2,greedy,adjacent
corrected_reduced_deck_capture_heavy_fixed_r2,greedy,adjacent
corrected_reduced_deck_capture_heavy_fixed_r2,greedy,adjacent
corrected_reduced_deck_capture_heavy_fixed_r2,greedy,net
corrected_reduced_deck_capture_heavy_fixed_r2,greedy,adjacent
corrected_reduced_deck_capture_heavy_fixed_r2,greedy,adjacent
corrected_reduced_deck_capture_heavy_fixed_r2,greedy,adjacent
corrected_reduced_deck_capture_heavy_fixed_r2,greedy,adjacent
corrected_reduced_deck_capture_heavy_fixed_r2,rule,adjacent
corrected_reduced_deck_capture_heavy_fixed_r2,rule,adjacent
corrected_reduced_deck_capture_heavy_fixed_r2,rule,adjacent
corrected_reduced_deck_capture_heavy_fixed_r2,rule,adjacent
corrected_reduced_deck_capture_heavy_fixed_r2,rule,adjacent
corrected_reduced_deck_capture_heavy_fixed_r2,greedy,adjacent
corrected_reduced_deck_capture_heavy_fixed_r2,rule,adjacent
corrected_reduced_deck_capture_heavy_fixed_r2,greedy,adjacent
corrected_reduced_deck_capture_heavy_fixed_r2,greedy,adjacent
corrected_reduced_deck_capture_heavy_fixed_r2,rule,adjacent
corrected_reduced_deck_capture_heavy_fixed_r2,rule,adjacent
corrected_reduced_deck_capture_heavy_fixed_r2,greedy,adjacent
corrected_reduced_deck_capture_heavy_fixed_r2,rule,adjacent
corrected_reduced_deck_capture_heavy_fixed_r2,greedy,adjacent
corrected_reduced_deck_capture_heavy_fixed_r2,rule,adjacent
corrected_reduced_deck_capture_heavy_fixed_r2,rule,adjacent
corrected_reduced_deck_capture_heavy_fixed_r2,rule,adjacent
corrected_reduced_deck_capture_heavy_fixed_r2,rule,adjacent
corrected_reduced_deck_capture_heavy_fixed_r2,greedy,adjacent
corrected_reduced_deck_capture_heavy_fixed_r2,rule,adjacent
corrected_reduced_deck_capture_heavy_fixed_r2,rule,adjacent
corrected_reduced_deck_capture_heavy_fixed_r2,greedy,adjacent
corrected_reduced_deck_capture_heavy_fixed_r2,rule,adjacent
corrected_reduced_deck_capture_heavy_fixed_r2,rule,adjacent
corrected_reduced_deck_capture_heavy_fixed_r2,rule,adjacent
corrected_reduced_deck_capture_heavy_fixed_r2,rule,adjacent
corrected_reduced_deck_capture_heavy_fixed_r2,greedy,adjacent
corrected_reduced_deck_capture_heavy_fixed_r2,rule,adjacent
corrected_reduced_deck_capture_heavy_fixed_r2,greedy,adjacent
corrected_reduced_deck_capture_heavy_fixed_r2,rule,adjacent
corrected_reduced_deck_capture_heavy_fixed_r2,greedy,net
corrected_reduced_deck_capture_heavy_fixed_r2,greedy,net
corrected_reduced_deck_capture_heavy_fixed_r2,rule,net
corrected_reduced_deck_capture_heavy_fixed_r2,rule,adjacent
corrected_reduced_deck_capture_heavy_fixed_r2,greedy,adjacent
corrected_reduced_deck_capture_heavy_fixed_r2,greedy,adjacent
corrected_reduced_deck_capture_heavy_fixed_r2,greedy,adjacent
corrected_reduced_deck_capture_heavy_fixed_r2,greedy,adjacent
corrected_reduced_deck_capture_heavy_fixed_r2,rule,adjacent
corrected_reduced_deck_capture_heavy_fixed_r2,greedy,adjacent
corrected_reduced_deck_capture_heavy_fixed_r2,rule,net
corrected_reduced_deck_capture_heavy_fixed_r2,greedy,adjacent
corrected_reduced_deck_capture_heavy_fixed_r2,greedy,adjacent
corrected_reduced_deck_capture_heavy_fixed_r2,rule,adjacent
corrected_reduced_deck_capture_heavy_fixed_r2,rule,adjacent
corrected_reduced_deck_capture_heavy_fixed_r2,rule,adjacent
corrected_reduced_deck_capture_heavy_fixed_r2,greedy,adjacent
corrected_reduced_deck_capture_heavy_fixed_r2,rule,adjacent
corrected_reduced_deck_capture_heavy_fixed_r2,mcts,adjacent
corrected_reduced_deck_capture_heavy_fixed_r2,rule,adjacent
corrected_reduced_deck_capture_heavy_fixed_r2,mcts,adjacent
corrected_reduced_deck_capture_heavy_fixed_r2,rule,adjacent
corrected_reduced_deck_capture_heavy_fixed_r2,mcts,adjacent
corrected_reduced_deck_capture_heavy_fixed_r2,mcts,adjacent
corrected_reduced_deck_capture_heavy_fixed_r2,mcts,adjacent
corrected_reduced_deck_capture_heavy_fixed_r2,rule,adjacent
corrected_reduced_deck_capture_heavy_fixed_r2,mcts,adjacent
corrected_reduced_deck_capture_heavy_fixed_r2,mcts,adjacent
corrected_reduced_deck_capture_heavy_fixed_r2,rule,net
corrected_reduced_deck_capture_heavy_fixed_r2,rule,adjacent
corrected_reduced_deck_capture_heavy_fixed_r2,mcts,adjacent
corrected_reduced_deck_capture_heavy_fixed_r2,mcts,adjacent
corrected_reduced_deck_capture_heavy_fixed_r2,mcts,adjacent
corrected_reduced_deck_capture_heavy_fixed_r2,rule,adjacent
corrected_reduced_deck_capture_heavy_fixed_r2,mcts,adjacent
corrected_reduced_deck_capture_heavy_fixed_r2,rule,adjacent
corrected_reduced_deck_capture_heavy_fixed_r2,mcts,net
corrected_reduced_deck_capture_heavy_fixed_r2,mcts,net
corrected_reduced_deck_capture_heavy_fixed_r2,mcts,adjacent
corrected_reduced_deck_capture_heavy_fixed_r2,mcts,adjacent
corrected_reduced_deck_capture_heavy_fixed_r2,mcts,net
corrected_reduced_deck_capture_heavy_fixed_r2,mcts,net
corrected_reduced_deck_capture_heavy_fixed_r2,rule,adjacent
corrected_reduced_deck_capture_heavy_fixed_r2,mcts,adjacent
corrected_reduced_deck_capture_heavy_fixed_r2,mcts,adjacent
corrected_reduced_deck_capture_heavy_fixed_r2,mcts,adjacent
corrected_reduced_deck_capture_heavy_fixed_r2,rule,adjacent
corrected_reduced_deck_capture_heavy_fixed_r2,mcts,adjacent
corrected_reduced_deck_capture_heavy_fixed_r2,rule,net
corrected_reduced_deck_capture_heavy_fixed_r2,rule,adjacent
corrected_reduced_deck_capture_heavy_fixed_r2,rule,adjacent
corrected_reduced_deck_capture_heavy_fixed_r2,mcts,adjacent
corrected_reduced_deck_capture_heavy_fixed_r2,rule,adjacent
corrected_reduced_deck_capture_heavy_fixed_r2,mcts,net
corrected_reduced_deck_capture_heavy_fixed_r2,mcts,net
corrected_reduced_deck_capture_heavy_fixed_r2,rule,adjacent
corrected_reduced_deck_capture_heavy_fixed_r2,rule,adjacent
corrected_reduced_deck_capture_heavy_fixed_r2,rule,net
corrected_reduced_deck_capture_heavy_fixed_r2,mcts,adjacent
corrected_reduced_deck_capture_heavy_fixed_r2,rule,adjacent
corrected_reduced_deck_capture_heavy_fixed_r2,mcts,adjacent
corrected_reduced_deck_capture_heavy_fixed_r2,rule,adjacent
corrected_reduced_deck_capture_heavy_fixed_r2,rule,net
corrected_reduced_deck_capture_heavy_fixed_r2,rule,net
corrected_reduced_deck_capture_heavy_fixed_r2,rule,adjacent
corrected_reduced_deck_capture_heavy_fixed_r2,mcts,adjacent
corrected_reduced_deck_capture_heavy_fixed_r2,rule,adjacent
corrected_reduced_deck_capture_heavy_fixed_r2,rule,adjacent
corrected_reduced_deck_capture_heavy_fixed_r2,random,adjacent
corrected_reduced_deck_capture_heavy_fixed_r2,rule,adjacent
corrected_reduced_deck_capture_heavy_fixed_r2,rule,adjacent
corrected_reduced_deck_capture_heavy_fixed_r2,rule,adjacent
corrected_reduced_deck_capture_heavy_fixed_r2,rule,adjacent
corrected_reduced_deck_capture_heavy_fixed_r2,rule,adjacent
corrected_reduced_deck_capture_heavy_fixed_r2,rule,adjacent
corrected_reduced_deck_capture_heavy_fixed_r2,rule,adjacent
corrected_reduced_deck_capture_heavy_fixed_r2,rule,adjacent
corrected_reduced_deck_capture_heavy_fixed_r2,rule,adjacent
corrected_reduced_deck_capture_heavy_fixed_r2,rule,adjacent
corrected_reduced_deck_capture_heavy_fixed_r2,rule,adjacent
corrected_reduced_deck_capture_heavy_fixed_r2,rule,adjacent
corrected_reduced_deck_capture_heavy_fixed_r2,random,adjacent
corrected_reduced_deck_capture_heavy_fixed_r2,rule,adjacent
corrected_reduced_deck_capture_heavy_fixed_r2,random,adjacent
corrected_reduced_deck_capture_heavy_fixed_r2,rule,adjacent
corrected_reduced_deck_capture_heavy_fixed_r2,rule,adjacent
corrected_reduced_deck_capture_heavy_fixed_r2,rule,adjacent
corrected_reduced_deck_capture_heavy_fixed_r2,rule,adjacent
corrected_reduced_deck_capture_heavy_fixed_r2,random,adjacent
corrected_reduced_deck_capture_heavy_fixed_r2,rule,net
corrected_reduced_deck_capture_heavy_fixed_r2,rule,adjacent
corrected_reduced_deck_capture_heavy_fixed_r2,rule,adjacent
corrected_reduced_deck_capture_heavy_fixed_r2,rule,adjacent
corrected_reduced_deck_capture_heavy_fixed_r2,rule,adjacent
corrected_reduced_deck_capture_heavy_fixed_r2,random,adjacent
corrected_reduced_deck_capture_heavy_fixed_r2,rule,adjacent
corrected_reduced_deck_capture_heavy_fixed_r2,random,adjacent
corrected_reduced_deck_capture_heavy_fixed_r2,random,adjacent
corrected_reduced_deck_capture_heavy_fixed_r2,rule,net
corrected_reduced_deck_capture_heavy_fixed_r2,rule,adjacent
corrected_reduced_deck_capture_heavy_fixed_r2,rule,adjacent
corrected_reduced_deck_capture_heavy_fixed_r2,rule,adjacent
corrected_reduced_deck_capture_heavy_fixed_r2,rule,adjacent
corrected_reduced_deck_capture_heavy_fixed_r2,rule,adjacent
corrected_reduced_deck_capture_heavy_fixed_r2,rule,adjacent
corrected_reduced_deck_capture_heavy_fixed_r2,rule,adjacent
corrected_reduced_deck_capture_heavy_fixed_r2,rule,adjacent
corrected_reduced_deck_capture_heavy_fixed_r2,rule,adjacent
corrected_reduced_deck_capture_heavy_fixed_r2,random,adjacent
corrected_reduced_deck_capture_heavy_fixed_r2,rule,adjacent
corrected_reduced_deck_capture_heavy_fixed_r2,random,adjacent
corrected_reduced_deck_capture_heavy_fixed_r2,random,adjacent
corrected_reduced_deck_capture_heavy_fixed_r2,rule,adjacent
corrected_reduced_deck_capture_heavy_fixed_r2,random,net
corrected_reduced_deck_capture_heavy_fixed_r2,rule,adjacent
corrected_reduced_deck_swap_heavy_fixed_r2,expectimax_d2,net
corrected_reduced_deck_swap_heavy_fixed_r2,expectimax_d3,adjacent
corrected_reduced_deck_swap_heavy_fixed_r2,expectimax_d2,adjacent
corrected_reduced_deck_swap_heavy_fixed_r2,expectimax_d2,adjacent
corrected_reduced_deck_swap_heavy_fixed_r2,expectimax_d3,adjacent
corrected_reduced_deck_swap_heavy_fixed_r2,expectimax_d3,adjacent
corrected_reduced_deck_swap_heavy_fixed_r2,expectimax_d3,adjacent
corrected_reduced_deck_swap_heavy_fixed_r2,expectimax_d2,adjacent
corrected_reduced_deck_swap_heavy_fixed_r2,expectimax_d3,adjacent
corrected_reduced_deck_swap_heavy_fixed_r2,expectimax_d2,adjacent
corrected_reduced_deck_swap_heavy_fixed_r2,expectimax_d2,adjacent
corrected_reduced_deck_swap_heavy_fixed_r2,expectimax_d2,adjacent
corrected_reduced_deck_swap_heavy_fixed_r2,expectimax_d3,adjacent
corrected_reduced_deck_swap_heavy_fixed_r2,expectimax_d2,adjacent
corrected_reduced_deck_swap_heavy_fixed_r2,expectimax_d2,adjacent
corrected_reduced_deck_swap_heavy_fixed_r2,expectimax_d3,adjacent
corrected_reduced_deck_swap_heavy_fixed_r2,expectimax_d2,adjacent
corrected_reduced_deck_swap_heavy_fixed_r2,expectimax_d3,adjacent
corrected_reduced_deck_swap_heavy_fixed_r2,expectimax_d3,adjacent
corrected_reduced_deck_swap_heavy_fixed_r2,expectimax_d3,adjacent
corrected_reduced_deck_swap_heavy_fixed_r2,expectimax_d2,adjacent
corrected_reduced_deck_swap_heavy_fixed_r2,expectimax_d2,adjacent
corrected_reduced_deck_swap_heavy_fixed_r2,expectimax_d3,adjacent
corrected_reduced_deck_swap_heavy_fixed_r2,expectimax_d3,adjacent
corrected_reduced_deck_swap_heavy_fixed_r2,expectimax_d2,net
corrected_reduced_deck_swap_heavy_fixed_r2,greedy,adjacent
corrected_reduced_deck_swap_heavy_fixed_r2,expectimax_d2,adjacent
corrected_reduced_deck_swap_heavy_fixed_r2,greedy,adjacent
corrected_reduced_deck_swap_heavy_fixed_r2,greedy,adjacent
corrected_reduced_deck_swap_heavy_fixed_r2,greedy,adjacent
corrected_reduced_deck_swap_heavy_fixed_r2,expectimax_d2,adjacent
corrected_reduced_deck_swap_heavy_fixed_r2,expectimax_d2,adjacent
corrected_reduced_deck_swap_heavy_fixed_r2,greedy,adjacent
corrected_reduced_deck_swap_heavy_fixed_r2,expectimax_d2,adjacent
corrected_reduced_deck_swap_heavy_fixed_r2,expectimax_d2,adjacent
corrected_reduced_deck_swap_heavy_fixed_r2,expectimax_d2,adjacent
corrected_reduced_deck_swap_heavy_fixed_r2,greedy,adjacent
corrected_reduced_deck_swap_heavy_fixed_r2,expectimax_d2,adjacent
corrected_reduced_deck_swap_heavy_fixed_r2,expectimax_d2,adjacent
corrected_reduced_deck_swap_heavy_fixed_r2,greedy,adjacent
corrected_reduced_deck_swap_heavy_fixed_r2,expectimax_d2,adjacent
corrected_reduced_deck_swap_heavy_fixed_r2,greedy,adjacent
corrected_reduced_deck_swap_heavy_fixed_r2,expectimax_d2,adjacent
corrected_reduced_deck_swap_heavy_fixed_r2,greedy,adjacent
corrected_reduced_deck_swap_heavy_fixed_r2,expectimax_d2,adjacent
corrected_reduced_deck_swap_heavy_fixed_r2,expectimax_d2,adjacent
corrected_reduced_deck_swap_heavy_fixed_r2,greedy,adjacent
corrected_reduced_deck_swap_heavy_fixed_r2,expectimax_d2,net
corrected_reduced_deck_swap_heavy_fixed_r2,expectimax_d2,adjacent
corrected_reduced_deck_swap_heavy_fixed_r2,expectimax_d2,adjacent
corrected_reduced_deck_swap_heavy_fixed_r2,mcts,adjacent
corrected_reduced_deck_swap_heavy_fixed_r2,expectimax_d2,net
corrected_reduced_deck_swap_heavy_fixed_r2,expectimax_d2,adjacent
corrected_reduced_deck_swap_heavy_fixed_r2,mcts,adjacent
corrected_reduced_deck_swap_heavy_fixed_r2,expectimax_d2,adjacent
corrected_reduced_deck_swap_heavy_fixed_r2,expectimax_d2,adjacent
corrected_reduced_deck_swap_heavy_fixed_r2,expectimax_d2,adjacent
corrected_reduced_deck_swap_heavy_fixed_r2,expectimax_d2,adjacent
corrected_reduced_deck_swap_heavy_fixed_r2,expectimax_d2,adjacent
corrected_reduced_deck_swap_heavy_fixed_r2,expectimax_d2,adjacent
corrected_reduced_deck_swap_heavy_fixed_r2,expectimax_d2,adjacent
corrected_reduced_deck_swap_heavy_fixed_r2,expectimax_d2,adjacent
corrected_reduced_deck_swap_heavy_fixed_r2,mcts,adjacent
corrected_reduced_deck_swap_heavy_fixed_r2,expectimax_d2,adjacent
corrected_reduced_deck_swap_heavy_fixed_r2,mcts,adjacent
corrected_reduced_deck_swap_heavy_fixed_r2,mcts,adjacent
corrected_reduced_deck_swap_heavy_fixed_r2,mcts,adjacent
corrected_reduced_deck_swap_heavy_fixed_r2,expectimax_d2,adjacent
corrected_reduced_deck_swap_heavy_fixed_r2,expectimax_d2,adjacent
corrected_reduced_deck_swap_heavy_fixed_r2,mcts,adjacent
corrected_reduced_deck_swap_heavy_fixed_r2,expectimax_d2,adjacent
corrected_reduced_deck_swap_heavy_fixed_r2,expectimax_d2,net
corrected_reduced_deck_swap_heavy_fixed_r2,expectimax_d2,adjacent
corrected_reduced_deck_swap_heavy_fixed_r2,expectimax_d2,adjacent
corrected_reduced_deck_swap_heavy_fixed_r2,expectimax_d2,adjacent
corrected_reduced_deck_swap_heavy_fixed_r2,expectimax_d2,net
corrected_reduced_deck_swap_heavy_fixed_r2,expectimax_d2,adjacent
corrected_reduced_deck_swap_heavy_fixed_r2,expectimax_d2,adjacent
corrected_reduced_deck_swap_heavy_fixed_r2,random,adjacent
corrected_reduced_deck_swap_heavy_fixed_r2,expectimax_d2,net
corrected_reduced_deck_swap_heavy_fixed_r2,expectimax_d2,adjacent
corrected_reduced_deck_swap_heavy_fixed_r2,expectimax_d2,adjacent
corrected_reduced_deck_swap_heavy_fixed_r2,expectimax_d2,adjacent
corrected_reduced_deck_swap_heavy_fixed_r2,expectimax_d2,adjacent
corrected_reduced_deck_swap_heavy_fixed_r2,expectimax_d2,adjacent
corrected_reduced_deck_swap_heavy_fixed_r2,expectimax_d2,adjacent
corrected_reduced_deck_swap_heavy_fixed_r2,expectimax_d2,adjacent
corrected_reduced_deck_swap_heavy_fixed_r2,expectimax_d2,adjacent
corrected_reduced_deck_swap_heavy_fixed_r2,expectimax_d2,adjacent
corrected_reduced_deck_swap_heavy_fixed_r2,expectimax_d2,adjacent
corrected_reduced_deck_swap_heavy_fixed_r2,expectimax_d2,adjacent
corrected_reduced_deck_swap_heavy_fixed_r2,expectimax_d2,adjacent
corrected_reduced_deck_swap_heavy_fixed_r2,random,adjacent
corrected_reduced_deck_swap_heavy_fixed_r2,expectimax_d2,adjacent
corrected_reduced_deck_swap_heavy_fixed_r2,expectimax_d2,net
corrected_reduced_deck_swap_heavy_fixed_r2,rule,adjacent
corrected_reduced_deck_swap_heavy_fixed_r2,expectimax_d2,adjacent
corrected_reduced_deck_swap_heavy_fixed_r2,rule,adjacent
corrected_reduced_deck_swap_heavy_fixed_r2,rule,adjacent
corrected_reduced_deck_swap_heavy_fixed_r2,rule,adjacent
corrected_reduced_deck_swap_heavy_fixed_r2,expectimax_d2,adjacent
corrected_reduced_deck_swap_heavy_fixed_r2,expectimax_d2,adjacent
corrected_reduced_deck_swap_heavy_fixed_r2,rule,adjacent
corrected_reduced_deck_swap_heavy_fixed_r2,expectimax_d2,adjacent
corrected_reduced_deck_swap_heavy_fixed_r2,expectimax_d2,adjacent
corrected_reduced_deck_swap_heavy_fixed_r2,expectimax_d2,adjacent
corrected_reduced_deck_swap_heavy_fixed_r2,rule,adjacent
corrected_reduced_deck_swap_heavy_fixed_r2,expectimax_d2,adjacent
corrected_reduced_deck_swap_heavy_fixed_r2,expectimax_d2,adjacent
corrected_reduced_deck_swap_heavy_fixed_r2,rule,adjacent
corrected_reduced_deck_swap_heavy_fixed_r2,expectimax_d2,adjacent
corrected_reduced_deck_swap_heavy_fixed_r2,rule,adjacent
corrected_reduced_deck_swap_heavy_fixed_r2,rule,adjacent
corrected_reduced_deck_swap_heavy_fixed_r2,rule,adjacent
corrected_reduced_deck_swap_heavy_fixed_r2,expectimax_d2,adjacent
corrected_reduced_deck_swap_heavy_fixed_r2,expectimax_d2,adjacent
corrected_reduced_deck_swap_heavy_fixed_r2,rule,adjacent
corrected_reduced_deck_swap_heavy_fixed_r2,expectimax_d2,adjacent
corrected_reduced_deck_swap_heavy_fixed_r2,expectimax_d3,net
corrected_reduced_deck_swap_heavy_fixed_r2,expectimax_d2,adjacent
corrected_reduced_deck_swap_heavy_fixed_r2,expectimax_d3,adjacent
corrected_reduced_deck_swap_heavy_fixed_r2,expectimax_d2,adjacent
corrected_reduced_deck_swap_heavy_fixed_r2,expectimax_d2,adjacent
corrected_reduced_deck_swap_heavy_fixed_r2,expectimax_d2,adjacent
corrected_reduced_deck_swap_heavy_fixed_r2,expectimax_d3,adjacent
corrected_reduced_deck_swap_heavy_fixed_r2,expectimax_d3,adjacent
corrected_reduced_deck_swap_heavy_fixed_r2,expectimax_d2,adjacent
corrected_reduced_deck_swap_heavy_fixed_r2,expectimax_d3,adjacent
corrected_reduced_deck_swap_heavy_fixed_r2,expectimax_d3,adjacent
corrected_reduced_deck_swap_heavy_fixed_r2,expectimax_d3,adjacent
corrected_reduced_deck_swap_heavy_fixed_r2,expectimax_d2,adjacent
corrected_reduced_deck_swap_heavy_fixed_r2,expectimax_d3,adjacent
corrected_reduced_deck_swap_heavy_fixed_r2,expectimax_d3,adjacent
corrected_reduced_deck_swap_heavy_fixed_r2,expectimax_d2,adjacent
corrected_reduced_deck_swap_heavy_fixed_r2,expectimax_d3,adjacent
corrected_reduced_deck_swap_heavy_fixed_r2,expectimax_d2,adjacent
corrected_reduced_deck_swap_heavy_fixed_r2,expectimax_d3,adjacent
corrected_reduced_deck_swap_heavy_fixed_r2,expectimax_d2,adjacent
corrected_reduced_deck_swap_heavy_fixed_r2,expectimax_d3,adjacent
corrected_reduced_deck_swap_heavy_fixed_r2,expectimax_d3,adjacent
corrected_reduced_deck_swap_heavy_fixed_r2,expectimax_d2,adjacent
corrected_reduced_deck_swap_heavy_fixed_r2,expectimax_d3,net
corrected_reduced_deck_swap_heavy_fixed_r2,greedy,adjacent
corrected_reduced_deck_swap_heavy_fixed_r2,expectimax_d3,adjacent
corrected_reduced_deck_swap_heavy_fixed_r2,greedy,adjacent
corrected_reduced_deck_swap_heavy_fixed_r2,greedy,adjacent
corrected_reduced_deck_swap_heavy_fixed_r2,greedy,adjacent
corrected_reduced_deck_swap_heavy_fixed_r2,expectimax_d3,adjacent
corrected_reduced_deck_swap_heavy_fixed_r2,expectimax_d3,adjacent
corrected_reduced_deck_swap_heavy_fixed_r2,greedy,adjacent
corrected_reduced_deck_swap_heavy_fixed_r2,expectimax_d3,adjacent
corrected_reduced_deck_swap_heavy_fixed_r2,expectimax_d3,adjacent
corrected_reduced_deck_swap_heavy_fixed_r2,expectimax_d3,adjacent
corrected_reduced_deck_swap_heavy_fixed_r2,greedy,adjacent
corrected_reduced_deck_swap_heavy_fixed_r2,expectimax_d3,adjacent
corrected_reduced_deck_swap_heavy_fixed_r2,expectimax_d3,adjacent
corrected_reduced_deck_swap_heavy_fixed_r2,greedy,adjacent
corrected_reduced_deck_swap_heavy_fixed_r2,expectimax_d3,adjacent
corrected_reduced_deck_swap_heavy_fixed_r2,greedy,adjacent
corrected_reduced_deck_swap_heavy_fixed_r2,expectimax_d3,adjacent
corrected_reduced_deck_swap_heavy_fixed_r2,greedy,adjacent
corrected_reduced_deck_swap_heavy_fixed_r2,expectimax_d3,adjacent
corrected_reduced_deck_swap_heavy_fixed_r2,expectimax_d3,adjacent
corrected_reduced_deck_swap_heavy_fixed_r2,greedy,adjacent
corrected_reduced_deck_swap_heavy_fixed_r2,expectimax_d3,net
corrected_reduced_deck_swap_heavy_fixed_r2,expectimax_d3,adjacent
corrected_reduced_deck_swap_heavy_fixed_r2,expectimax_d3,adjacent
corrected_reduced_deck_swap_heavy_fixed_r2,mcts,adjacent
corrected_reduced_deck_swap_heavy_fixed_r2,mcts,adjacent
corrected_reduced_deck_swap_heavy_fixed_r2,expectimax_d3,adjacent
corrected_reduced_deck_swap_heavy_fixed_r2,mcts,adjacent
corrected_reduced_deck_swap_heavy_fixed_r2,expectimax_d3,adjacent
corrected_reduced_deck_swap_heavy_fixed_r2,mcts,adjacent
corrected_reduced_deck_swap_heavy_fixed_r2,mcts,adjacent
corrected_reduced_deck_swap_heavy_fixed_r2,expectimax_d3,adjacent
corrected_reduced_deck_swap_heavy_fixed_r2,expectimax_d3,adjacent
corrected_reduced_deck_swap_heavy_fixed_r2,expectimax_d3,adjacent
corrected_reduced_deck_swap_heavy_fixed_r2,mcts,adjacent
corrected_reduced_deck_swap_heavy_fixed_r2,expectimax_d3,adjacent
corrected_reduced_deck_swap_heavy_fixed_r2,mcts,adjacent
corrected_reduced_deck_swap_heavy_fixed_r2,expectimax_d3,adjacent
corrected_reduced_deck_swap_heavy_fixed_r2,mcts,adjacent
corrected_reduced_deck_swap_heavy_fixed_r2,mcts,adjacent
corrected_reduced_deck_swap_heavy_fixed_r2,expectimax_d3,net
corrected_reduced_deck_swap_heavy_fixed_r2,expectimax_d3,net
corrected_reduced_deck_swap_heavy_fixed_r2,mcts,adjacent
corrected_reduced_deck_swap_heavy_fixed_r2,mcts,adjacent
corrected_reduced_deck_swap_heavy_fixed_r2,expectimax_d3,adjacent
corrected_reduced_deck_swap_heavy_fixed_r2,expectimax_d3,net
corrected_reduced_deck_swap_heavy_fixed_r2,expectimax_d3,adjacent
corrected_reduced_deck_swap_heavy_fixed_r2,expectimax_d3,adjacent
corrected_reduced_deck_swap_heavy_fixed_r2,expectimax_d3,adjacent
corrected_reduced_deck_swap_heavy_fixed_r2,expectimax_d3,net
corrected_reduced_deck_swap_heavy_fixed_r2,expectimax_d3,adjacent
corrected_reduced_deck_swap_heavy_fixed_r2,expectimax_d3,net
corrected_reduced_deck_swap_heavy_fixed_r2,expectimax_d3,adjacent
corrected_reduced_deck_swap_heavy_fixed_r2,expectimax_d3,adjacent
corrected_reduced_deck_swap_heavy_fixed_r2,expectimax_d3,adjacent
corrected_reduced_deck_swap_heavy_fixed_r2,expectimax_d3,adjacent
corrected_reduced_deck_swap_heavy_fixed_r2,expectimax_d3,adjacent
corrected_reduced_deck_swap_heavy_fixed_r2,expectimax_d3,adjacent
corrected_reduced_deck_swap_heavy_fixed_r2,expectimax_d3,adjacent
corrected_reduced_deck_swap_heavy_fixed_r2,expectimax_d3,adjacent
corrected_reduced_deck_swap_heavy_fixed_r2,expectimax_d3,adjacent
corrected_reduced_deck_swap_heavy_fixed_r2,expectimax_d3,adjacent
corrected_reduced_deck_swap_heavy_fixed_r2,expectimax_d3,adjacent
corrected_reduced_deck_swap_heavy_fixed_r2,expectimax_d3,adjacent
corrected_reduced_deck_swap_heavy_fixed_r2,random,adjacent
corrected_reduced_deck_swap_heavy_fixed_r2,expectimax_d3,adjacent
corrected_reduced_deck_swap_heavy_fixed_r2,expectimax_d3,net
corrected_reduced_deck_swap_heavy_fixed_r2,rule,adjacent
corrected_reduced_deck_swap_heavy_fixed_r2,expectimax_d3,adjacent
corrected_reduced_deck_swap_heavy_fixed_r2,rule,adjacent
corrected_reduced_deck_swap_heavy_fixed_r2,rule,adjacent
corrected_reduced_deck_swap_heavy_fixed_r2,rule,adjacent
corrected_reduced_deck_swap_heavy_fixed_r2,expectimax_d3,adjacent
corrected_reduced_deck_swap_heavy_fixed_r2,expectimax_d3,adjacent
corrected_reduced_deck_swap_heavy_fixed_r2,rule,adjacent
corrected_reduced_deck_swap_heavy_fixed_r2,expectimax_d3,adjacent
corrected_reduced_deck_swap_heavy_fixed_r2,expectimax_d3,adjacent
corrected_reduced_deck_swap_heavy_fixed_r2,expectimax_d3,adjacent
corrected_reduced_deck_swap_heavy_fixed_r2,rule,adjacent
corrected_reduced_deck_swap_heavy_fixed_r2,expectimax_d3,adjacent
corrected_reduced_deck_swap_heavy_fixed_r2,expectimax_d3,adjacent
corrected_reduced_deck_swap_heavy_fixed_r2,rule,adjacent
corrected_reduced_deck_swap_heavy_fixed_r2,expectimax_d3,adjacent
corrected_reduced_deck_swap_heavy_fixed_r2,rule,adjacent
corrected_reduced_deck_swap_heavy_fixed_r2,rule,adjacent
corrected_reduced_deck_swap_heavy_fixed_r2,rule,adjacent
corrected_reduced_deck_swap_heavy_fixed_r2,expectimax_d3,adjacent
corrected_reduced_deck_swap_heavy_fixed_r2,expectimax_d3,adjacent
corrected_reduced_deck_swap_heavy_fixed_r2,rule,adjacent
corrected_reduced_deck_swap_heavy_fixed_r2,expectimax_d3,adjacent
corrected_reduced_deck_swap_heavy_fixed_r2,greedy,net
corrected_reduced_deck_swap_heavy_fixed_r2,expectimax_d2,adjacent
corrected_reduced_deck_swap_heavy_fixed_r2,greedy,adjacent
corrected_reduced_deck_swap_heavy_fixed_r2,expectimax_d2,adjacent
corrected_reduced_deck_swap_heavy_fixed_r2,expectimax_d2,adjacent
corrected_reduced_deck_swap_heavy_fixed_r2,expectimax_d2,adjacent
corrected_reduced_deck_swap_heavy_fixed_r2,greedy,adjacent
corrected_reduced_deck_swap_heavy_fixed_r2,greedy,adjacent
corrected_reduced_deck_swap_heavy_fixed_r2,expectimax_d2,adjacent
corrected_reduced_deck_swap_heavy_fixed_r2,greedy,adjacent
corrected_reduced_deck_swap_heavy_fixed_r2,greedy,adjacent
corrected_reduced_deck_swap_heavy_fixed_r2,greedy,adjacent
corrected_reduced_deck_swap_heavy_fixed_r2,expectimax_d2,adjacent
corrected_reduced_deck_swap_heavy_fixed_r2,greedy,adjacent
corrected_reduced_deck_swap_heavy_fixed_r2,greedy,adjacent
corrected_reduced_deck_swap_heavy_fixed_r2,expectimax_d2,adjacent
corrected_reduced_deck_swap_heavy_fixed_r2,greedy,adjacent
corrected_reduced_deck_swap_heavy_fixed_r2,expectimax_d2,adjacent
corrected_reduced_deck_swap_heavy_fixed_r2,greedy,net
corrected_reduced_deck_swap_heavy_fixed_r2,expectimax_d2,adjacent
corrected_reduced_deck_swap_heavy_fixed_r2,greedy,adjacent
corrected_reduced_deck_swap_heavy_fixed_r2,greedy,adjacent
corrected_reduced_deck_swap_heavy_fixed_r2,expectimax_d2,adjacent
corrected_reduced_deck_swap_heavy_fixed_r2,expectimax_d2,adjacent
corrected_reduced_deck_swap_heavy_fixed_r2,greedy,net
corrected_reduced_deck_swap_heavy_fixed_r2,expectimax_d3,adjacent
corrected_reduced_deck_swap_heavy_fixed_r2,greedy,adjacent
corrected_reduced_deck_swap_heavy_fixed_r2,greedy,adjacent
corrected_reduced_deck_swap_heavy_fixed_r2,expectimax_d3,adjacent
corrected_reduced_deck_swap_heavy_fixed_r2,expectimax_d3,adjacent
corrected_reduced_deck_swap_heavy_fixed_r2,greedy,adjacent
corrected_reduced_deck_swap_heavy_fixed_r2,expectimax_d3,adjacent
corrected_reduced_deck_swap_heavy_fixed_r2,expectimax_d3,adjacent
corrected_reduced_deck_swap_heavy_fixed_r2,greedy,adjacent
corrected_reduced_deck_swap_heavy_fixed_r2,greedy,adjacent
corrected_reduced_deck_swap_heavy_fixed_r2,greedy,adjacent
corrected_reduced_deck_swap_heavy_fixed_r2,expectimax_d3,adjacent
corrected_reduced_deck_swap_heavy_fixed_r2,expectimax_d3,adjacent
corrected_reduced_deck_swap_heavy_fixed_r2,greedy,adjacent
corrected_reduced_deck_swap_heavy_fixed_r2,expectimax_d3,adjacent
corrected_reduced_deck_swap_heavy_fixed_r2,greedy,adjacent
corrected_reduced_deck_swap_heavy_fixed_r2,expectimax_d3,adjacent
corrected_reduced_deck_swap_heavy_fixed_r2,expectimax_d3,adjacent
corrected_reduced_deck_swap_heavy_fixed_r2,expectimax_d3,adjacent
corrected_reduced_deck_swap_heavy_fixed_r2,greedy,adjacent
corrected_reduced_deck_swap_heavy_fixed_r2,greedy,adjacent
corrected_reduced_deck_swap_heavy_fixed_r2,expectimax_d3,adjacent
corrected_reduced_deck_swap_heavy_fixed_r2,greedy,adjacent
corrected_reduced_deck_swap_heavy_fixed_r2,greedy,net
corrected_reduced_deck_swap_heavy_fixed_r2,greedy,adjacent
corrected_reduced_deck_swap_heavy_fixed_r2,greedy,adjacent
corrected_reduced_deck_swap_heavy_fixed_r2,mcts,adjacent
corrected_reduced_deck_swap_heavy_fixed_r2,mcts,adjacent
corrected_reduced_deck_swap_heavy_fixed_r2,greedy,net
corrected_reduced_deck_swap_heavy_fixed_r2,mcts,adjacent
corrected_reduced_deck_swap_heavy_fixed_r2,greedy,adjacent
corrected_reduced_deck_swap_heavy_fixed_r2,mcts,adjacent
corrected_reduced_deck_swap_heavy_fixed_r2,greedy,adjacent
corrected_reduced_deck_swap_heavy_fixed_r2,mcts,adjacent
corrected_reduced_deck_swap_heavy_fixed_r2,greedy,adjacent
corrected_reduced_deck_swap_heavy_fixed_r2,greedy,adjacent
corrected_reduced_deck_swap_heavy_fixed_r2,greedy,adjacent
corrected_reduced_deck_swap_heavy_fixed_r2,greedy,adjacent
corrected_reduced_deck_swap_heavy_fixed_r2,mcts,adjacent
corrected_reduced_deck_swap_heavy_fixed_r2,greedy,adjacent
corrected_reduced_deck_swap_heavy_fixed_r2,mcts,adjacent
corrected_reduced_deck_swap_heavy_fixed_r2,mcts,adjacent
corrected_reduced_deck_swap_heavy_fixed_r2,mcts,adjacent
corrected_reduced_deck_swap_heavy_fixed_r2,greedy,adjacent
corrected_reduced_deck_swap_heavy_fixed_r2,greedy,adjacent
corrected_reduced_deck_swap_heavy_fixed_r2,greedy,adjacent
corrected_reduced_deck_swap_heavy_fixed_r2,greedy,adjacent
corrected_reduced_deck_swap_heavy_fixed_r2,greedy,net
corrected_reduced_deck_swap_heavy_fixed_r2,greedy,adjacent
corrected_reduced_deck_swap_heavy_fixed_r2,greedy,adjacent
corrected_reduced_deck_swap_heavy_fixed_r2,greedy,adjacent
corrected_reduced_deck_swap_heavy_fixed_r2,greedy,adjacent
corrected_reduced_deck_swap_heavy_fixed_r2,greedy,adjacent
corrected_reduced_deck_swap_heavy_fixed_r2,greedy,adjacent
corrected_reduced_deck_swap_heavy_fixed_r2,greedy,adjacent
corrected_reduced_deck_swap_heavy_fixed_r2,greedy,adjacent
corrected_reduced_deck_swap_heavy_fixed_r2,greedy,adjacent
corrected_reduced_deck_swap_heavy_fixed_r2,greedy,adjacent
corrected_reduced_deck_swap_heavy_fixed_r2,greedy,net
corrected_reduced_deck_swap_heavy_fixed_r2,greedy,adjacent
corrected_reduced_deck_swap_heavy_fixed_r2,greedy,adjacent
corrected_reduced_deck_swap_heavy_fixed_r2,greedy,adjacent
corrected_reduced_deck_swap_heavy_fixed_r2,greedy,adjacent
corrected_reduced_deck_swap_heavy_fixed_r2,greedy,adjacent
corrected_reduced_deck_swap_heavy_fixed_r2,greedy,adjacent
corrected_reduced_deck_swap_heavy_fixed_r2,greedy,adjacent
corrected_reduced_deck_swap_heavy_fixed_r2,greedy,adjacent
corrected_reduced_deck_swap_heavy_fixed_r2,greedy,adjacent
corrected_reduced_deck_swap_heavy_fixed_r2,greedy,adjacent
corrected_reduced_deck_swap_heavy_fixed_r2,greedy,net
corrected_reduced_deck_swap_heavy_fixed_r2,greedy,net
corrected_reduced_deck_swap_heavy_fixed_r2,rule,adjacent
corrected_reduced_deck_swap_heavy_fixed_r2,greedy,adjacent
corrected_reduced_deck_swap_heavy_fixed_r2,rule,adjacent
corrected_reduced_deck_swap_heavy_fixed_r2,rule,adjacent
corrected_reduced_deck_swap_heavy_fixed_r2,rule,adjacent
corrected_reduced_deck_swap_heavy_fixed_r2,rule,adjacent
corrected_reduced_deck_swap_heavy_fixed_r2,rule,adjacent
corrected_reduced_deck_swap_heavy_fixed_r2,rule,adjacent
corrected_reduced_deck_swap_heavy_fixed_r2,greedy,adjacent
corrected_reduced_deck_swap_heavy_fixed_r2,greedy,adjacent
corrected_reduced_deck_swap_heavy_fixed_r2,greedy,adjacent
corrected_reduced_deck_swap_heavy_fixed_r2,rule,adjacent
corrected_reduced_deck_swap_heavy_fixed_r2,greedy,adjacent
corrected_reduced_deck_swap_heavy_fixed_r2,greedy,adjacent
corrected_reduced_deck_swap_heavy_fixed_r2,rule,adjacent
corrected_reduced_deck_swap_heavy_fixed_r2,greedy,adjacent
corrected_reduced_deck_swap_heavy_fixed_r2,rule,adjacent
corrected_reduced_deck_swap_heavy_fixed_r2,rule,adjacent
corrected_reduced_deck_swap_heavy_fixed_r2,rule,adjacent
corrected_reduced_deck_swap_heavy_fixed_r2,greedy,adjacent
corrected_reduced_deck_swap_heavy_fixed_r2,greedy,adjacent
corrected_reduced_deck_swap_heavy_fixed_r2,rule,adjacent
corrected_reduced_deck_swap_heavy_fixed_r2,greedy,adjacent
corrected_reduced_deck_swap_heavy_fixed_r2,mcts,adjacent
corrected_reduced_deck_swap_heavy_fixed_r2,expectimax_d2,adjacent
corrected_reduced_deck_swap_heavy_fixed_r2,expectimax_d2,adjacent
corrected_reduced_deck_swap_heavy_fixed_r2,mcts,adjacent
corrected_reduced_deck_swap_heavy_fixed_r2,expectimax_d2,net
corrected_reduced_deck_swap_heavy_fixed_r2,mcts,adjacent
corrected_reduced_deck_swap_heavy_fixed_r2,expectimax_d2,adjacent
corrected_reduced_deck_swap_heavy_fixed_r2,expectimax_d2,adjacent
corrected_reduced_deck_swap_heavy_fixed_r2,expectimax_d2,net
corrected_reduced_deck_swap_heavy_fixed_r2,mcts,net
corrected_reduced_deck_swap_heavy_fixed_r2,mcts,adjacent
corrected_reduced_deck_swap_heavy_fixed_r2,mcts,adjacent
corrected_reduced_deck_swap_heavy_fixed_r2,expectimax_d2,adjacent
corrected_reduced_deck_swap_heavy_fixed_r2,mcts,adjacent
corrected_reduced_deck_swap_heavy_fixed_r2,mcts,adjacent
corrected_reduced_deck_swap_heavy_fixed_r2,expectimax_d2,adjacent
corrected_reduced_deck_swap_heavy_fixed_r2,mcts,adjacent
corrected_reduced_deck_swap_heavy_fixed_r2,expectimax_d2,adjacent
corrected_reduced_deck_swap_heavy_fixed_r2,expectimax_d2,adjacent
corrected_reduced_deck_swap_heavy_fixed_r2,expectimax_d2,adjacent
corrected_reduced_deck_swap_heavy_fixed_r2,mcts,adjacent
corrected_reduced_deck_swap_heavy_fixed_r2,mcts,adjacent
corrected_reduced_deck_swap_heavy_fixed_r2,expectimax_d2,adjacent
corrected_reduced_deck_swap_heavy_fixed_r2,mcts,adjacent
corrected_reduced_deck_swap_heavy_fixed_r2,mcts,adjacent
corrected_reduced_deck_swap_heavy_fixed_r2,expectimax_d3,adjacent
corrected_reduced_deck_swap_heavy_fixed_r2,mcts,adjacent
corrected_reduced_deck_swap_heavy_fixed_r2,expectimax_d3,adjacent
corrected_reduced_deck_swap_heavy_fixed_r2,mcts,adjacent
corrected_reduced_deck_swap_heavy_fixed_r2,expectimax_d3,adjacent
corrected_reduced_deck_swap_heavy_fixed_r2,mcts,adjacent
corrected_reduced_deck_swap_heavy_fixed_r2,mcts,adjacent
corrected_reduced_deck_swap_heavy_fixed_r2,expectimax_d3,net
corrected_reduced_deck_swap_heavy_fixed_r2,mcts,adjacent
corrected_reduced_deck_swap_heavy_fixed_r2,mcts,adjacent
corrected_reduced_deck_swap_heavy_fixed_r2,mcts,adjacent
corrected_reduced_deck_swap_heavy_fixed_r2,expectimax_d3,adjacent
corrected_reduced_deck_swap_heavy_fixed_r2,mcts,adjacent
corrected_reduced_deck_swap_heavy_fixed_r2,mcts,adjacent
corrected_reduced_deck_swap_heavy_fixed_r2,expectimax_d3,net
corrected_reduced_deck_swap_heavy_fixed_r2,mcts,adjacent
corrected_reduced_deck_swap_heavy_fixed_r2,expectimax_d3,adjacent
corrected_reduced_deck_swap_heavy_fixed_r2,expectimax_d3,adjacent
corrected_reduced_deck_swap_heavy_fixed_r2,expectimax_d3,adjacent
corrected_reduced_deck_swap_heavy_fixed_r2,mcts,adjacent
corrected_reduced_deck_swap_heavy_fixed_r2,mcts,adjacent
corrected_reduced_deck_swap_heavy_fixed_r2,expectimax_d3,adjacent
corrected_reduced_deck_swap_heavy_fixed_r2,mcts,adjacent
corrected_reduced_deck_swap_heavy_fixed_r2,mcts,net
corrected_reduced_deck_swap_heavy_fixed_r2,greedy,adjacent
corrected_reduced_deck_swap_heavy_fixed_r2,mcts,adjacent
corrected_reduced_deck_swap_heavy_fixed_r2,greedy,adjacent
corrected_reduced_deck_swap_heavy_fixed_r2,greedy,adjacent
corrected_reduced_deck_swap_heavy_fixed_r2,greedy,adjacent
corrected_reduced_deck_swap_heavy_fixed_r2,greedy,adjacent
corrected_reduced_deck_swap_heavy_fixed_r2,mcts,adjacent
corrected_reduced_deck_swap_heavy_fixed_r2,greedy,adjacent
corrected_reduced_deck_swap_heavy_fixed_r2,greedy,adjacent
corrected_reduced_deck_swap_heavy_fixed_r2,mcts,adjacent
corrected_reduced_deck_swap_heavy_fixed_r2,greedy,adjacent
corrected_reduced_deck_swap_heavy_fixed_r2,greedy,adjacent
corrected_reduced_deck_swap_heavy_fixed_r2,mcts,adjacent
corrected_reduced_deck_swap_heavy_fixed_r2,mcts,adjacent
corrected_reduced_deck_swap_heavy_fixed_r2,mcts,adjacent
corrected_reduced_deck_swap_heavy_fixed_r2,greedy,adjacent
corrected_reduced_deck_swap_heavy_fixed_r2,greedy,adjacent
corrected_reduced_deck_swap_heavy_fixed_r2,greedy,adjacent
corrected_reduced_deck_swap_heavy_fixed_r2,mcts,adjacent
corrected_reduced_deck_swap_heavy_fixed_r2,mcts,adjacent
corrected_reduced_deck_swap_heavy_fixed_r2,greedy,adjacent
corrected_reduced_deck_swap_heavy_fixed_r2,mcts,adjacent
corrected_reduced_deck_swap_heavy_fixed_r2,mcts,net
corrected_reduced_deck_swap_heavy_fixed_r2,mcts,adjacent
corrected_reduced_deck_swap_heavy_fixed_r2,mcts,adjacent
corrected_reduced_deck_swap_heavy_fixed_r2,mcts,adjacent
corrected_reduced_deck_swap_heavy_fixed_r2,mcts,adjacent
corrected_reduced_deck_swap_heavy_fixed_r2,mcts,adjacent
corrected_reduced_deck_swap_heavy_fixed_r2,random,net
corrected_reduced_deck_swap_heavy_fixed_r2,mcts,adjacent
corrected_reduced_deck_swap_heavy_fixed_r2,mcts,adjacent
corrected_reduced_deck_swap_heavy_fixed_r2,mcts,adjacent
corrected_reduced_deck_swap_heavy_fixed_r2,mcts,adjacent
corrected_reduced_deck_swap_heavy_fixed_r2,mcts,adjacent
corrected_reduced_deck_swap_heavy_fixed_r2,mcts,adjacent
corrected_reduced_deck_swap_heavy_fixed_r2,mcts,adjacent
corrected_reduced_deck_swap_heavy_fixed_r2,mcts,adjacent
corrected_reduced_deck_swap_heavy_fixed_r2,mcts,adjacent
corrected_reduced_deck_swap_heavy_fixed_r2,mcts,adjacent
corrected_reduced_deck_swap_heavy_fixed_r2,random,adjacent
corrected_reduced_deck_swap_heavy_fixed_r2,mcts,adjacent
corrected_reduced_deck_swap_heavy_fixed_r2,mcts,adjacent
corrected_reduced_deck_swap_heavy_fixed_r2,mcts,adjacent
corrected_reduced_deck_swap_heavy_fixed_r2,mcts,adjacent
corrected_reduced_deck_swap_heavy_fixed_r2,mcts,net
corrected_reduced_deck_swap_heavy_fixed_r2,rule,adjacent
corrected_reduced_deck_swap_heavy_fixed_r2,rule,net
corrected_reduced_deck_swap_heavy_fixed_r2,mcts,adjacent
corrected_reduced_deck_swap_heavy_fixed_r2,rule,net
corrected_reduced_deck_swap_heavy_fixed_r2,rule,net
corrected_reduced_deck_swap_heavy_fixed_r2,rule,net
corrected_reduced_deck_swap_heavy_fixed_r2,mcts,adjacent
corrected_reduced_deck_swap_heavy_fixed_r2,rule,adjacent
corrected_reduced_deck_swap_heavy_fixed_r2,mcts,adjacent
corrected_reduced_deck_swap_heavy_fixed_r2,mcts,adjacent
corrected_reduced_deck_swap_heavy_fixed_r2,mcts,adjacent
corrected_reduced_deck_swap_heavy_fixed_r2,rule,adjacent
corrected_reduced_deck_swap_heavy_fixed_r2,mcts,adjacent
corrected_reduced_deck_swap_heavy_fixed_r2,mcts,adjacent
corrected_reduced_deck_swap_heavy_fixed_r2,mcts,adjacent
corrected_reduced_deck_swap_heavy_fixed_r2,rule,adjacent
corrected_reduced_deck_swap_heavy_fixed_r2,rule,adjacent
corrected_reduced_deck_swap_heavy_fixed_r2,mcts,adjacent
corrected_reduced_deck_swap_heavy_fixed_r2,mcts,adjacent
corrected_reduced_deck_swap_heavy_fixed_r2,rule,adjacent
corrected_reduced_deck_swap_heavy_fixed_r2,mcts,adjacent
corrected_reduced_deck_swap_heavy_fixed_r2,expectimax_d2,adjacent
corrected_reduced_deck_swap_heavy_fixed_r2,expectimax_d2,adjacent
corrected_reduced_deck_swap_heavy_fixed_r2,expectimax_d2,adjacent
corrected_reduced_deck_swap_heavy_fixed_r2,expectimax_d2,adjacent
corrected_reduced_deck_swap_heavy_fixed_r2,expectimax_d2,net
corrected_reduced_deck_swap_heavy_fixed_r2,random,adjacent
corrected_reduced_deck_swap_heavy_fixed_r2,expectimax_d2,adjacent
corrected_reduced_deck_swap_heavy_fixed_r2,expectimax_d2,adjacent
corrected_reduced_deck_swap_heavy_fixed_r2,expectimax_d2,adjacent
corrected_reduced_deck_swap_heavy_fixed_r2,expectimax_d2,adjacent
corrected_reduced_deck_swap_heavy_fixed_r2,expectimax_d2,adjacent
corrected_reduced_deck_swap_heavy_fixed_r2,expectimax_d2,adjacent
corrected_reduced_deck_swap_heavy_fixed_r2,expectimax_d2,adjacent
corrected_reduced_deck_swap_heavy_fixed_r2,expectimax_d2,adjacent
corrected_reduced_deck_swap_heavy_fixed_r2,expectimax_d2,adjacent
corrected_reduced_deck_swap_heavy_fixed_r2,expectimax_d2,adjacent
corrected_reduced_deck_swap_heavy_fixed_r2,expectimax_d2,adjacent
corrected_reduced_deck_swap_heavy_fixed_r2,random,adjacent
corrected_reduced_deck_swap_heavy_fixed_r2,expectimax_d2,adjacent
corrected_reduced_deck_swap_heavy_fixed_r2,expectimax_d2,adjacent
corrected_reduced_deck_swap_heavy_fixed_r2,expectimax_d2,adjacent
corrected_reduced_deck_swap_heavy_fixed_r2,expectimax_d3,adjacent
corrected_reduced_deck_swap_heavy_fixed_r2,expectimax_d3,adjacent
corrected_reduced_deck_swap_heavy_fixed_r2,expectimax_d3,adjacent
corrected_reduced_deck_swap_heavy_fixed_r2,expectimax_d3,adjacent
corrected_reduced_deck_swap_heavy_fixed_r2,expectimax_d3,adjacent
corrected_reduced_deck_swap_heavy_fixed_r2,expectimax_d3,adjacent
corrected_reduced_deck_swap_heavy_fixed_r2,expectimax_d3,adjacent
corrected_reduced_deck_swap_heavy_fixed_r2,expectimax_d3,net
corrected_reduced_deck_swap_heavy_fixed_r2,expectimax_d3,adjacent
corrected_reduced_deck_swap_heavy_fixed_r2,expectimax_d3,adjacent
corrected_reduced_deck_swap_heavy_fixed_r2,expectimax_d3,adjacent
corrected_reduced_deck_swap_heavy_fixed_r2,expectimax_d3,adjacent
corrected_reduced_deck_swap_heavy_fixed_r2,expectimax_d3,adjacent
corrected_reduced_deck_swap_heavy_fixed_r2,expectimax_d3,adjacent
corrected_reduced_deck_swap_heavy_fixed_r2,expectimax_d3,adjacent
corrected_reduced_deck_swap_heavy_fixed_r2,expectimax_d3,adjacent
corrected_reduced_deck_swap_heavy_fixed_r2,expectimax_d3,adjacent
corrected_reduced_deck_swap_heavy_fixed_r2,random,adjacent
corrected_reduced_deck_swap_heavy_fixed_r2,expectimax_d3,adjacent
corrected_reduced_deck_swap_heavy_fixed_r2,expectimax_d3,adjacent
corrected_reduced_deck_swap_heavy_fixed_r2,expectimax_d3,adjacent
corrected_reduced_deck_swap_heavy_fixed_r2,greedy,adjacent
corrected_reduced_deck_swap_heavy_fixed_r2,greedy,adjacent
corrected_reduced_deck_swap_heavy_fixed_r2,greedy,adjacent
corrected_reduced_deck_swap_heavy_fixed_r2,greedy,adjacent
corrected_reduced_deck_swap_heavy_fixed_r2,greedy,adjacent
corrected_reduced_deck_swap_heavy_fixed_r2,greedy,adjacent
corrected_reduced_deck_swap_heavy_fixed_r2,random,adjacent
corrected_reduced_deck_swap_heavy_fixed_r2,greedy,adjacent
corrected_reduced_deck_swap_heavy_fixed_r2,greedy,adjacent
corrected_reduced_deck_swap_heavy_fixed_r2,greedy,net
corrected_reduced_deck_swap_heavy_fixed_r2,random,adjacent
corrected_reduced_deck_swap_heavy_fixed_r2,greedy,adjacent
corrected_reduced_deck_swap_heavy_fixed_r2,greedy,adjacent
corrected_reduced_deck_swap_heavy_fixed_r2,greedy,adjacent
corrected_reduced_deck_swap_heavy_fixed_r2,greedy,adjacent
corrected_reduced_deck_swap_heavy_fixed_r2,greedy,adjacent
corrected_reduced_deck_swap_heavy_fixed_r2,greedy,adjacent
corrected_reduced_deck_swap_heavy_fixed_r2,random,adjacent
corrected_reduced_deck_swap_heavy_fixed_r2,greedy,adjacent
corrected_reduced_deck_swap_heavy_fixed_r2,greedy,adjacent
corrected_reduced_deck_swap_heavy_fixed_r2,greedy,adjacent
corrected_reduced_deck_swap_heavy_fixed_r2,mcts,adjacent
corrected_reduced_deck_swap_heavy_fixed_r2,mcts,adjacent
corrected_reduced_deck_swap_heavy_fixed_r2,mcts,adjacent
corrected_reduced_deck_swap_heavy_fixed_r2,mcts,adjacent
corrected_reduced_deck_swap_heavy_fixed_r2,random,adjacent
corrected_reduced_deck_swap_heavy_fixed_r2,mcts,adjacent
corrected_reduced_deck_swap_heavy_fixed_r2,mcts,adjacent
corrected_reduced_deck_swap_heavy_fixed_r2,mcts,adjacent
corrected_reduced_deck_swap_heavy_fixed_r2,mcts,adjacent
corrected_reduced_deck_swap_heavy_fixed_r2,mcts,adjacent
corrected_reduced_deck_swap_heavy_fixed_r2,mcts,adjacent
corrected_reduced_deck_swap_heavy_fixed_r2,mcts,adjacent
corrected_reduced_deck_swap_heavy_fixed_r2,mcts,adjacent
corrected_reduced_deck_swap_heavy_fixed_r2,mcts,adjacent
corrected_reduced_deck_swap_heavy_fixed_r2,mcts,adjacent
corrected_reduced_deck_swap_heavy_fixed_r2,mcts,net
corrected_reduced_deck_swap_heavy_fixed_r2,mcts,net
corrected_reduced_deck_swap_heavy_fixed_r2,random,adjacent
corrected_reduced_deck_swap_heavy_fixed_r2,rule,adjacent
corrected_reduced_deck_swap_heavy_fixed_r2,rule,adjacent
corrected_reduced_deck_swap_heavy_fixed_r2,rule,adjacent
corrected_reduced_deck_swap_heavy_fixed_r2,rule,adjacent
corrected_reduced_deck_swap_heavy_fixed_r2,rule,adjacent
corrected_reduced_deck_swap_heavy_fixed_r2,rule,adjacent
corrected_reduced_deck_swap_heavy_fixed_r2,random,adjacent
corrected_reduced_deck_swap_heavy_fixed_r2,rule,adjacent
corrected_reduced_deck_swap_heavy_fixed_r2,rule,adjacent
corrected_reduced_deck_swap_heavy_fixed_r2,rule,adjacent
corrected_reduced_deck_swap_heavy_fixed_r2,rule,adjacent
corrected_reduced_deck_swap_heavy_fixed_r2,rule,adjacent
corrected_reduced_deck_swap_heavy_fixed_r2,rule,adjacent
corrected_reduced_deck_swap_heavy_fixed_r2,rule,adjacent
corrected_reduced_deck_swap_heavy_fixed_r2,rule,adjacent
corrected_reduced_deck_swap_heavy_fixed_r2,rule,adjacent
corrected_reduced_deck_swap_heavy_fixed_r2,rule,adjacent
corrected_reduced_deck_swap_heavy_fixed_r2,rule,adjacent
corrected_reduced_deck_swap_heavy_fixed_r2,rule,adjacent
corrected_reduced_deck_swap_heavy_fixed_r2,rule,adjacent
corrected_reduced_deck_swap_heavy_fixed_r2,rule,adjacent
corrected_reduced_deck_swap_heavy_fixed_r2,rule,adjacent
corrected_reduced_deck_swap_heavy_fixed_r2,expectimax_d2,adjacent
corrected_reduced_deck_swap_heavy_fixed_r2,rule,adjacent
corrected_reduced_deck_swap_heavy_fixed_r2,expectimax_d2,adjacent
corrected_reduced_deck_swap_heavy_fixed_r2,rule,adjacent
corrected_reduced_deck_swap_heavy_fixed_r2,expectimax_d2,adjacent
corrected_reduced_deck_swap_heavy_fixed_r2,rule,adjacent
corrected_reduced_deck_swap_heavy_fixed_r2,rule,adjacent
corrected_reduced_deck_swap_heavy_fixed_r2,rule,adjacent
corrected_reduced_deck_swap_heavy_fixed_r2,expectimax_d2,adjacent
corrected_reduced_deck_swap_heavy_fixed_r2,rule,adjacent
corrected_reduced_deck_swap_heavy_fixed_r2,rule,adjacent
corrected_reduced_deck_swap_heavy_fixed_r2,expectimax_d2,adjacent
corrected_reduced_deck_swap_heavy_fixed_r2,rule,adjacent
corrected_reduced_deck_swap_heavy_fixed_r2,rule,adjacent
corrected_reduced_deck_swap_heavy_fixed_r2,expectimax_d2,adjacent
corrected_reduced_deck_swap_heavy_fixed_r2,rule,adjacent
corrected_reduced_deck_swap_heavy_fixed_r2,expectimax_d2,adjacent
corrected_reduced_deck_swap_heavy_fixed_r2,expectimax_d2,adjacent
corrected_reduced_deck_swap_heavy_fixed_r2,expectimax_d2,adjacent
corrected_reduced_deck_swap_heavy_fixed_r2,rule,adjacent
corrected_reduced_deck_swap_heavy_fixed_r2,rule,adjacent
corrected_reduced_deck_swap_heavy_fixed_r2,expectimax_d2,adjacent
corrected_reduced_deck_swap_heavy_fixed_r2,rule,adjacent
corrected_reduced_deck_swap_heavy_fixed_r2,rule,adjacent
corrected_reduced_deck_swap_heavy_fixed_r2,expectimax_d3,adjacent
corrected_reduced_deck_swap_heavy_fixed_r2,rule,adjacent
corrected_reduced_deck_swap_heavy_fixed_r2,expectimax_d3,adjacent
corrected_reduced_deck_swap_heavy_fixed_r2,rule,adjacent
corrected_reduced_deck_swap_heavy_fixed_r2,expectimax_d3,adjacent
corrected_reduced_deck_swap_heavy_fixed_r2,rule,adjacent
corrected_reduced_deck_swap_heavy_fixed_r2,rule,adjacent
corrected_reduced_deck_swap_heavy_fixed_r2,expectimax_d3,adjacent
corrected_reduced_deck_swap_heavy_fixed_r2,rule,adjacent
corrected_reduced_deck_swap_heavy_fixed_r2,rule,adjacent
corrected_reduced_deck_swap_heavy_fixed_r2,rule,adjacent
corrected_reduced_deck_swap_heavy_fixed_r2,expectimax_d3,adjacent
corrected_reduced_deck_swap_heavy_fixed_r2,rule,adjacent
corrected_reduced_deck_swap_heavy_fixed_r2,rule,adjacent
corrected_reduced_deck_swap_heavy_fixed_r2,expectimax_d3,adjacent
corrected_reduced_deck_swap_heavy_fixed_r2,rule,adjacent
corrected_reduced_deck_swap_heavy_fixed_r2,expectimax_d3,adjacent
corrected_reduced_deck_swap_heavy_fixed_r2,expectimax_d3,adjacent
corrected_reduced_deck_swap_heavy_fixed_r2,expectimax_d3,adjacent
corrected_reduced_deck_swap_heavy_fixed_r2,rule,adjacent
corrected_reduced_deck_swap_heavy_fixed_r2,rule,adjacent
corrected_reduced_deck_swap_heavy_fixed_r2,expectimax_d3,adjacent
corrected_reduced_deck_swap_heavy_fixed_r2,rule,adjacent
corrected_reduced_deck_swap_heavy_fixed_r2,rule,adjacent
corrected_reduced_deck_swap_heavy_fixed_r2,greedy,adjacent
corrected_reduced_deck_swap_heavy_fixed_r2,rule,adjacent
corrected_reduced_deck_swap_heavy_fixed_r2,greedy,adjacent
corrected_reduced_deck_swap_heavy_fixed_r2,rule,adjacent
corrected_reduced_deck_swap_heavy_fixed_r2,greedy,adjacent
corrected_reduced_deck_swap_heavy_fixed_r2,rule,adjacent
corrected_reduced_deck_swap_heavy_fixed_r2,rule,adjacent
corrected_reduced_deck_swap_heavy_fixed_r2,greedy,adjacent
corrected_reduced_deck_swap_heavy_fixed_r2,rule,adjacent
corrected_reduced_deck_swap_heavy_fixed_r2,rule,adjacent
corrected_reduced_deck_swap_heavy_fixed_r2,rule,adjacent
corrected_reduced_deck_swap_heavy_fixed_r2,greedy,adjacent
corrected_reduced_deck_swap_heavy_fixed_r2,rule,adjacent
corrected_reduced_deck_swap_heavy_fixed_r2,rule,adjacent
corrected_reduced_deck_swap_heavy_fixed_r2,greedy,adjacent
corrected_reduced_deck_swap_heavy_fixed_r2,rule,adjacent
corrected_reduced_deck_swap_heavy_fixed_r2,greedy,adjacent
corrected_reduced_deck_swap_heavy_fixed_r2,greedy,adjacent
corrected_reduced_deck_swap_heavy_fixed_r2,greedy,adjacent
corrected_reduced_deck_swap_heavy_fixed_r2,rule,adjacent
corrected_reduced_deck_swap_heavy_fixed_r2,rule,adjacent
corrected_reduced_deck_swap_heavy_fixed_r2,greedy,adjacent
corrected_reduced_deck_swap_heavy_fixed_r2,rule,net
corrected_reduced_deck_swap_heavy_fixed_r2,rule,adjacent
corrected_reduced_deck_swap_heavy_fixed_r2,mcts,adjacent
corrected_reduced_deck_swap_heavy_fixed_r2,rule,adjacent
corrected_reduced_deck_swap_heavy_fixed_r2,rule,adjacent
corrected_reduced_deck_swap_heavy_fixed_r2,rule,adjacent
corrected_reduced_deck_swap_heavy_fixed_r2,rule,adjacent
corrected_reduced_deck_swap_heavy_fixed_r2,rule,adjacent
corrected_reduced_deck_swap_heavy_fixed_r2,rule,adjacent
corrected_reduced_deck_swap_heavy_fixed_r2,rule,adjacent
corrected_reduced_deck_swap_heavy_fixed_r2,mcts,net
corrected_reduced_deck_swap_heavy_fixed_r2,rule,adjacent
corrected_reduced_deck_swap_heavy_fixed_r2,rule,adjacent
corrected_reduced_deck_swap_heavy_fixed_r2,mcts,adjacent
corrected_reduced_deck_swap_heavy_fixed_r2,rule,net
corrected_reduced_deck_swap_heavy_fixed_r2,rule,adjacent
corrected_reduced_deck_swap_heavy_fixed_r2,mcts,adjacent
corrected_reduced_deck_swap_heavy_fixed_r2,rule,adjacent
corrected_reduced_deck_swap_heavy_fixed_r2,mcts,adjacent
corrected_reduced_deck_swap_heavy_fixed_r2,rule,adjacent
corrected_reduced_deck_swap_heavy_fixed_r2,mcts,adjacent
corrected_reduced_deck_swap_heavy_fixed_r2,rule,adjacent
corrected_reduced_deck_swap_heavy_fixed_r2,rule,adjacent
corrected_reduced_deck_swap_heavy_fixed_r2,mcts,adjacent
corrected_reduced_deck_swap_heavy_fixed_r2,rule,adjacent
corrected_reduced_deck_swap_heavy_fixed_r2,rule,adjacent
corrected_reduced_deck_swap_heavy_fixed_r2,rule,adjacent
corrected_reduced_deck_swap_heavy_fixed_r2,rule,net
corrected_reduced_deck_swap_heavy_fixed_r2,rule,adjacent
corrected_reduced_deck_swap_heavy_fixed_r2,rule,adjacent
corrected_reduced_deck_swap_heavy_fixed_r2,rule,adjacent
corrected_reduced_deck_swap_heavy_fixed_r2,rule,adjacent
corrected_reduced_deck_swap_heavy_fixed_r2,rule,adjacent
corrected_reduced_deck_swap_heavy_fixed_r2,rule,adjacent
corrected_reduced_deck_swap_heavy_fixed_r2,rule,adjacent
corrected_reduced_deck_swap_heavy_fixed_r2,rule,adjacent
corrected_reduced_deck_swap_heavy_fixed_r2,rule,adjacent
corrected_reduced_deck_swap_heavy_fixed_r2,rule,adjacent
corrected_reduced_deck_swap_heavy_fixed_r2,rule,net
corrected_reduced_deck_swap_heavy_fixed_r2,rule,adjacent
corrected_reduced_deck_swap_heavy_fixed_r2,rule,adjacent
corrected_reduced_deck_swap_heavy_fixed_r2,rule,adjacent
corrected_reduced_deck_swap_heavy_fixed_r2,rule,adjacent
corrected_reduced_deck_swap_heavy_fixed_r2,rule,adjacent
corrected_reduced_deck_swap_heavy_fixed_r2,rule,adjacent
corrected_reduced_deck_swap_heavy_fixed_r2,rule,adjacent
corrected_reduced_deck_swap_heavy_fixed_r2,rule,adjacent
corrected_reduced_depth_default_goal20_r2,expectimax_d3,net
corrected_reduced_depth_default_goal20_r2,expectimax_d2,net
corrected_reduced_depth_default_goal20_r2,expectimax_d3,adjacent
corrected_reduced_depth_default_goal20_r2,expectimax_d3,adjacent
corrected_reduced_depth_default_goal20_r2,expectimax_d3,adjacent
corrected_reduced_depth_default_goal20_r2,expectimax_d4,net
corrected_reduced_depth_default_goal20_r2,expectimax_d2,net
corrected_reduced_depth_default_goal20_r2,expectimax_d4,adjacent
corrected_reduced_depth_default_goal20_r2,expectimax_d4,adjacent
corrected_reduced_depth_default_goal20_r2,expectimax_d4,adjacent
corrected_reduced_depth_default_goal20_r2,rule,adjacent
corrected_reduced_depth_default_goal20_r2,rule,adjacent
corrected_reduced_depth_default_goal20_r2,rule,adjacent
corrected_reduced_depth_default_goal20_r2,expectimax_d2,adjacent
corrected_reduced_depth_default_goal20_r2,rule,adjacent
corrected_reduced_depth_default_goal20_r2,expectimax_d2,net
corrected_reduced_depth_default_goal20_r2,expectimax_d2,net
corrected_reduced_depth_default_goal20_r2,expectimax_d3,net
corrected_reduced_depth_default_goal20_r2,expectimax_d3,net
corrected_reduced_depth_default_goal20_r2,expectimax_d2,adjacent
corrected_reduced_depth_default_goal20_r2,expectimax_d2,adjacent
corrected_reduced_depth_default_goal20_r2,expectimax_d4,net
corrected_reduced_depth_default_goal20_r2,expectimax_d3,net
corrected_reduced_depth_default_goal20_r2,expectimax_d4,adjacent
corrected_reduced_depth_default_goal20_r2,expectimax_d4,adjacent
corrected_reduced_depth_default_goal20_r2,expectimax_d4,adjacent
corrected_reduced_depth_default_goal20_r2,rule,adjacent
corrected_reduced_depth_default_goal20_r2,rule,adjacent
corrected_reduced_depth_default_goal20_r2,rule,adjacent
corrected_reduced_depth_default_goal20_r2,expectimax_d3,adjacent
corrected_reduced_depth_default_goal20_r2,rule,adjacent
corrected_reduced_depth_default_goal20_r2,expectimax_d2,net
corrected_reduced_depth_default_goal20_r2,expectimax_d2,net
corrected_reduced_depth_default_goal20_r2,expectimax_d4,net
corrected_reduced_depth_default_goal20_r2,expectimax_d4,net
corrected_reduced_depth_default_goal20_r2,expectimax_d2,adjacent
corrected_reduced_depth_default_goal20_r2,expectimax_d2,adjacent
corrected_reduced_depth_default_goal20_r2,expectimax_d3,net
corrected_reduced_depth_default_goal20_r2,expectimax_d4,net
corrected_reduced_depth_default_goal20_r2,expectimax_d3,adjacent
corrected_reduced_depth_default_goal20_r2,expectimax_d3,adjacent
corrected_reduced_depth_default_goal20_r2,expectimax_d3,adjacent
corrected_reduced_depth_default_goal20_r2,rule,adjacent
corrected_reduced_depth_default_goal20_r2,rule,adjacent
corrected_reduced_depth_default_goal20_r2,rule,adjacent
corrected_reduced_depth_default_goal20_r2,expectimax_d4,adjacent
corrected_reduced_depth_default_goal20_r2,rule,adjacent
corrected_reduced_depth_default_goal20_r2,expectimax_d2,adjacent
corrected_reduced_depth_default_goal20_r2,expectimax_d2,adjacent
corrected_reduced_depth_default_goal20_r2,expectimax_d2,net
corrected_reduced_depth_default_goal20_r2,rule,adjacent
corrected_reduced_depth_default_goal20_r2,expectimax_d2,adjacent
corrected_reduced_depth_default_goal20_r2,expectimax_d2,adjacent
corrected_reduced_depth_default_goal20_r2,expectimax_d3,adjacent
corrected_reduced_depth_default_goal20_r2,expectimax_d3,adjacent
corrected_reduced_depth_default_goal20_r2,expectimax_d3,net
corrected_reduced_depth_default_goal20_r2,rule,adjacent
corrected_reduced_depth_default_goal20_r2,expectimax_d3,adjacent
corrected_reduced_depth_default_goal20_r2,expectimax_d3,adjacent
corrected_reduced_depth_default_goal20_r2,expectimax_d4,adjacent
corrected_reduced_depth_default_goal20_r2,expectimax_d4,adjacent
corrected_reduced_depth_default_goal20_r2,expectimax_d4,net
corrected_reduced_depth_default_goal20_r2,rule,adjacent
corrected_reduced_depth_default_goal20_r2,expectimax_d4,adjacent
corrected_reduced_depth_default_goal20_r2,expectimax_d4,adjacent
corrected_reduced_depth_bottleneck_7x7_goal20_r2,expectimax_d2,net
corrected_reduced_depth_bottleneck_7x7_goal20_r2,expectimax_d3,net
corrected_reduced_depth_bottleneck_7x7_goal20_r2,expectimax_d3,net
corrected_reduced_depth_bottleneck_7x7_goal20_r2,expectimax_d2,net
corrected_reduced_depth_bottleneck_7x7_goal20_r2,expectimax_d4,net
corrected_reduced_depth_bottleneck_7x7_goal20_r2,expectimax_d4,net
corrected_reduced_depth_bottleneck_7x7_goal20_r2,expectimax_d2,adjacent
corrected_reduced_depth_bottleneck_7x7_goal20_r2,expectimax_d2,adjacent
corrected_reduced_depth_bottleneck_7x7_goal20_r2,rule,adjacent
corrected_reduced_depth_bottleneck_7x7_goal20_r2,expectimax_d2,net
corrected_reduced_depth_bottleneck_7x7_goal20_r2,expectimax_d2,adjacent
corrected_reduced_depth_bottleneck_7x7_goal20_r2,expectimax_d3,net
corrected_reduced_depth_bottleneck_7x7_goal20_r2,expectimax_d3,net
corrected_reduced_depth_bottleneck_7x7_goal20_r2,expectimax_d2,adjacent
corrected_reduced_depth_bottleneck_7x7_goal20_r2,expectimax_d3,adjacent
corrected_reduced_depth_bottleneck_7x7_goal20_r2,expectimax_d3,net
corrected_reduced_depth_bottleneck_7x7_goal20_r2,expectimax_d3,net
corrected_reduced_depth_bottleneck_7x7_goal20_r2,expectimax_d3,adjacent
corrected_reduced_depth_bottleneck_7x7_goal20_r2,rule,adjacent
corrected_reduced_depth_bottleneck_7x7_goal20_r2,expectimax_d3,net
corrected_reduced_depth_bottleneck_7x7_goal20_r2,expectimax_d3,net
corrected_reduced_depth_bottleneck_7x7_goal20_r2,expectimax_d3,net
corrected_reduced_depth_bottleneck_7x7_goal20_r2,rule,adjacent
corrected_reduced_depth_bottleneck_7x7_goal20_r2,expectimax_d4,net
corrected_reduced_depth_bottleneck_7x7_goal20_r2,expectimax_d4,net
corrected_reduced_depth_bottleneck_7x7_goal20_r2,expectimax_d2,adjacent
corrected_reduced_depth_bottleneck_7x7_goal20_r2,expectimax_d4,adjacent
corrected_reduced_depth_bottleneck_7x7_goal20_r2,expectimax_d3,net
corrected_reduced_depth_bottleneck_7x7_goal20_r2,expectimax_d3,adjacent
corrected_reduced_depth_bottleneck_7x7_goal20_r2,expectimax_d3,adjacent
corrected_reduced_depth_bottleneck_7x7_goal20_r2,rule,adjacent
corrected_reduced_depth_bottleneck_7x7_goal20_r2,expectimax_d4,net
corrected_reduced_depth_bottleneck_7x7_goal20_r2,expectimax_d4,net
corrected_reduced_depth_bottleneck_7x7_goal20_r2,expectimax_d4,net
corrected_reduced_depth_bottleneck_7x7_goal20_r2,expectimax_d2,net
corrected_reduced_depth_bottleneck_7x7_goal20_r2,expectimax_d2,net
corrected_reduced_depth_bottleneck_7x7_goal20_r2,expectimax_d2,net
corrected_reduced_depth_bottleneck_7x7_goal20_r2,rule,adjacent
corrected_reduced_depth_bottleneck_7x7_goal20_r2,rule,adjacent
corrected_reduced_depth_bottleneck_7x7_goal20_r2,expectimax_d3,net
corrected_reduced_depth_bottleneck_7x7_goal20_r2,expectimax_d3,net
corrected_reduced_depth_bottleneck_7x7_goal20_r2,expectimax_d3,net
corrected_reduced_depth_bottleneck_7x7_goal20_r2,rule,adjacent
corrected_reduced_depth_bottleneck_7x7_goal20_r2,expectimax_d3,adjacent
corrected_reduced_depth_bottleneck_7x7_goal20_r2,expectimax_d4,net
corrected_reduced_depth_bottleneck_7x7_goal20_r2,expectimax_d4,net
corrected_reduced_depth_bottleneck_7x7_goal20_r2,expectimax_d4,net
corrected_reduced_depth_bottleneck_7x7_goal20_r2,rule,adjacent
corrected_reduced_depth_bottleneck_7x7_goal20_r2,rule,adjacent
corrected_reduced_depth_inner_ring_center_7x7_goal20_r2,expectimax_d3,adjacent
corrected_reduced_depth_inner_ring_center_7x7_goal20_r2,expectimax_d2,net
corrected_reduced_depth_inner_ring_center_7x7_goal20_r2,expectimax_d2,adjacent
corrected_reduced_depth_inner_ring_center_7x7_goal20_r2,expectimax_d4,adjacent
corrected_reduced_depth_inner_ring_center_7x7_goal20_r2,expectimax_d2,net
corrected_reduced_depth_inner_ring_center_7x7_goal20_r2,expectimax_d2,adjacent
corrected_reduced_depth_inner_ring_center_7x7_goal20_r2,rule,adjacent
corrected_reduced_depth_inner_ring_center_7x7_goal20_r2,rule,adjacent
corrected_reduced_depth_inner_ring_center_7x7_goal20_r2,expectimax_d2,adjacent
corrected_reduced_depth_inner_ring_center_7x7_goal20_r2,expectimax_d3,net
corrected_reduced_depth_inner_ring_center_7x7_goal20_r2,expectimax_d3,adjacent
corrected_reduced_depth_inner_ring_center_7x7_goal20_r2,expectimax_d4,adjacent
corrected_reduced_depth_inner_ring_center_7x7_goal20_r2,expectimax_d3,net
corrected_reduced_depth_inner_ring_center_7x7_goal20_r2,expectimax_d3,adjacent
corrected_reduced_depth_inner_ring_center_7x7_goal20_r2,rule,adjacent
corrected_reduced_depth_inner_ring_center_7x7_goal20_r2,rule,adjacent
corrected_reduced_depth_inner_ring_center_7x7_goal20_r2,expectimax_d2,adjacent
corrected_reduced_depth_inner_ring_center_7x7_goal20_r2,expectimax_d4,net
corrected_reduced_depth_inner_ring_center_7x7_goal20_r2,expectimax_d4,adjacent
corrected_reduced_depth_inner_ring_center_7x7_goal20_r2,expectimax_d3,adjacent
corrected_reduced_depth_inner_ring_center_7x7_goal20_r2,expectimax_d4,net
corrected_reduced_depth_inner_ring_center_7x7_goal20_r2,expectimax_d4,adjacent
corrected_reduced_depth_inner_ring_center_7x7_goal20_r2,rule,adjacent
corrected_reduced_depth_inner_ring_center_7x7_goal20_r2,rule,adjacent
corrected_reduced_depth_inner_ring_center_7x7_goal20_r2,expectimax_d2,adjacent
corrected_reduced_depth_inner_ring_center_7x7_goal20_r2,rule,net
corrected_reduced_depth_inner_ring_center_7x7_goal20_r2,rule,adjacent
corrected_reduced_depth_inner_ring_center_7x7_goal20_r2,expectimax_d3,adjacent
corrected_reduced_depth_inner_ring_center_7x7_goal20_r2,rule,net
corrected_reduced_depth_inner_ring_center_7x7_goal20_r2,rule,adjacent
corrected_reduced_depth_inner_ring_center_7x7_goal20_r2,expectimax_d4,adjacent
corrected_reduced_depth_inner_ring_center_7x7_goal20_r2,rule,net
corrected_reduced_depth_inner_ring_center_7x7_goal20_r2,rule,adjacent
