agent_a,agent_b,game,agent,opponent,seat,score,captures,net_captures,capture_points,control_points,passes,pass_rate,chosen_move1,chosen_move2,chosen_mobilize,chosen_capture,chosen_swap,exposed_move1,exposed_move2,exposed_mobilize,exposed_capture,exposed_swap,game_final_pass_streak,game_deadlocked
expectimax,expectimax,0,expectimax,expectimax,first,24,3,1,9,15,6,0.120000,15,15,5,3,6,30,21,34,17,10,13,True
expectimax,expectimax,0,expectimax,expectimax,second,43,10,3,30,13,7,0.140000,12,7,8,10,6,28,14,35,22,10,13,True
expectimax,expectimax,1,expectimax,expectimax,first,56,11,0,33,23,0,0.000000,14,10,9,11,6,25,27,37,13,9,0,False
expectimax,expectimax,1,expectimax,expectimax,second,46,7,1,21,25,0,0.000000,15,13,6,7,9,30,26,39,9,11,0,False
expectimax,expectimax,2,expectimax,expectimax,first,64,10,0,30,34,0,0.000000,13,9,7,10,11,38,25,26,15,11,0,False
expectimax,expectimax,2,expectimax,expectimax,second,44,10,0,30,14,0,0.000000,13,13,9,10,5,35,29,28,14,5,0,False
expectimax,expectimax,3,expectimax,expectimax,first,36,9,0,27,9,0,0.000000,15,13,8,9,5,31,25,32,19,14,0,False
expectimax,expectimax,3,expectimax,expectimax,second,65,11,1,33,32,0,0.000000,13,11,4,11,11,31,26,32,18,16,0,False
expectimax,expectimax,4,expectimax,expectimax,first,52,8,0,24,28,0,0.000000,15,12,8,8,7,24,26,49,8,10,0,False
expectimax,expectimax,4,expectimax,expectimax,second,55,11,0,33,22,0,0.000000,16,7,7,11,9,25,22,48,11,12,0,False
expectimax,expectimax,5,expectimax,expectimax,first,12,0,0,0,12,37,0.740000,5,4,2,0,2,8,7,8,41,3,75,True
expectimax,expectimax,5,expectimax,expectimax,second,6,2,1,6,0,38,0.760000,3,2,3,2,2,7,4,9,41,2,75,True
expectimax,expectimax,6,expectimax,expectimax,first,44,8,1,24,20,0,0.000000,16,12,8,8,6,33,24,41,13,10,0,False
expectimax,expectimax,6,expectimax,expectimax,second,58,11,0,33,25,0,0.000000,12,10,7,11,10,30,20,41,15,13,0,False
expectimax,expectimax,7,expectimax,expectimax,first,60,12,2,36,24,0,0.000000,10,13,10,12,5,20,23,43,13,12,0,False
expectimax,expectimax,7,expectimax,expectimax,second,42,7,1,21,21,0,0.000000,19,9,4,7,11,24,21,43,9,15,0,False
expectimax,expectimax,8,expectimax,expectimax,first,0,0,0,0,0,50,1.000000,0,0,0,0,0,0,0,0,50,0,100,True
expectimax,expectimax,8,expectimax,expectimax,second,0,0,0,0,0,50,1.000000,0,0,0,0,0,0,0,0,50,0,100,True
expectimax,expectimax,9,expectimax,expectimax,first,33,7,2,21,12,0,0.000000,20,9,7,7,7,28,23,45,10,11,0,False
expectimax,expectimax,9,expectimax,expectimax,second,62,12,1,36,26,0,0.000000,12,14,4,12,8,19,28,47,15,11,0,False
expectimax,expectimax,10,expectimax,expectimax,first,51,10,0,30,21,0,0.000000,17,10,8,10,5,33,22,39,11,7,0,False
expectimax,expectimax,10,expectimax,expectimax,second,50,8,2,24,26,0,0.000000,14,11,7,8,10,27,21,40,9,12,0,False
expectimax,expectimax,11,expectimax,expectimax,first,49,10,3,30,19,0,0.000000,15,11,7,10,7,30,22,38,12,12,0,False
expectimax,expectimax,11,expectimax,expectimax,second,47,8,1,24,23,0,0.000000,17,11,6,8,8,33,24,40,11,11,0,False
expectimax,expectimax,12,expectimax,expectimax,first,2,0,0,0,2,46,0.920000,2,1,1,0,0,2,1,1,50,0,93,True
expectimax,expectimax,12,expectimax,expectimax,second,0,0,0,0,0,47,0.940000,3,0,0,0,0,3,0,0,50,0,93,True
expectimax,expectimax,13,expectimax,expectimax,first,53,10,0,30,23,0,0.000000,18,8,6,10,8,34,17,37,14,12,0,False
expectimax,expectimax,13,expectimax,expectimax,second,51,9,1,27,24,0,0.000000,11,14,8,9,8,30,24,38,14,13,0,False
expectimax,expectimax,14,expectimax,expectimax,first,43,8,3,24,19,0,0.000000,12,14,8,8,8,25,25,40,9,11,0,False
expectimax,expectimax,14,expectimax,expectimax,second,51,11,1,33,18,0,0.000000,15,7,9,11,8,27,23,39,12,11,0,False
expectimax,expectimax,15,expectimax,expectimax,first,52,10,4,30,22,0,0.000000,15,10,6,10,9,28,22,42,12,11,0,False
expectimax,expectimax,15,expectimax,expectimax,second,44,9,1,27,17,0,0.000000,13,13,9,9,6,28,24,41,10,9,0,False
expectimax,expectimax,16,expectimax,expectimax,first,39,9,1,27,12,0,0.000000,16,11,10,9,4,31,22,41,9,6,0,False
expectimax,expectimax,16,expectimax,expectimax,second,66,9,1,27,39,0,0.000000,12,11,7,9,11,31,21,37,10,14,0,False
expectimax,expectimax,17,expectimax,expectimax,first,3,1,0,3,0,44,0.880000,3,0,2,1,0,4,2,4,48,1,89,True
expectimax,expectimax,17,expectimax,expectimax,second,6,1,0,3,3,45,0.900000,1,1,1,1,1,3,3,2,49,1,89,True
expectimax,expectimax,18,expectimax,expectimax,first,50,7,2,21,29,0,0.000000,12,16,6,7,9,19,21,47,9,14,0,False
expectimax,expectimax,18,expectimax,expectimax,second,56,12,0,36,20,0,0.000000,18,6,7,12,7,24,15,48,14,11,0,False
expectimax,expectimax,19,expectimax,expectimax,first,0,0,0,0,0,47,0.940000,2,0,1,0,0,2,0,1,50,0,94,True
expectimax,expectimax,19,expectimax,expectimax,second,1,0,0,0,1,47,0.940000,1,1,1,0,0,1,1,1,50,0,94,True
expectimax,expectimax,20,expectimax,expectimax,first,48,9,0,27,21,0,0.000000,15,14,4,9,8,25,22,49,11,12,0,False
expectimax,expectimax,20,expectimax,expectimax,second,50,10,1,30,20,0,0.000000,16,7,10,10,7,26,21,49,14,10,0,False
expectimax,expectimax,21,expectimax,expectimax,first,54,7,0,21,33,0,0.000000,11,14,9,7,9,27,30,31,11,16,0,False
expectimax,expectimax,21,expectimax,expectimax,second,51,13,3,39,12,0,0.000000,17,9,4,13,7,32,26,33,18,11,0,False
expectimax,expectimax,22,expectimax,expectimax,first,57,13,2,39,18,0,0.000000,12,14,3,13,8,24,22,40,15,12,0,False
expectimax,expectimax,22,expectimax,expectimax,second,41,6,0,18,23,0,0.000000,16,10,11,6,7,25,25,42,9,10,0,False
expectimax,expectimax,23,expectimax,expectimax,first,45,11,1,33,12,0,0.000000,17,11,7,11,4,32,28,40,12,6,0,False
expectimax,expectimax,23,expectimax,expectimax,second,54,7,0,21,33,0,0.000000,13,12,7,7,11,28,25,39,12,13,0,False
expectimax,expectimax,24,expectimax,expectimax,first,32,8,0,24,8,0,0.000000,13,11,12,8,6,27,24,46,9,10,0,False
expectimax,expectimax,24,expectimax,expectimax,second,71,11,0,33,38,0,0.000000,15,10,4,11,10,29,22,46,11,12,0,False
expectimax,expectimax,25,expectimax,expectimax,first,48,9,2,27,21,0,0.000000,15,10,9,9,7,32,20,30,15,10,0,False
expectimax,expectimax,25,expectimax,expectimax,second,47,8,0,24,23,1,0.020000,14,12,6,8,9,30,25,31,14,9,0,False
expectimax,expectimax,26,expectimax,expectimax,first,46,10,2,30,16,0,0.000000,16,11,6,10,7,34,23,39,13,10,0,False
expectimax,expectimax,26,expectimax,expectimax,second,53,10,0,30,23,0,0.000000,10,11,10,10,9,29,24,40,13,12,0,False
expectimax,expectimax,27,expectimax,expectimax,first,67,11,0,33,34,0,0.000000,12,10,8,11,9,27,17,40,16,11,0,False
expectimax,expectimax,27,expectimax,expectimax,second,36,7,1,21,15,0,0.000000,18,12,7,7,6,31,19,39,12,8,0,False
expectimax,expectimax,28,expectimax,expectimax,first,57,12,2,36,21,4,0.080000,11,8,10,12,5,19,24,33,21,8,9,False
expectimax,expectimax,28,expectimax,expectimax,second,26,4,0,12,14,5,0.100000,16,14,3,4,8,22,25,32,15,10,9,False
expectimax,expectimax,29,expectimax,expectimax,first,51,11,4,33,18,0,0.000000,12,9,10,11,8,31,18,38,13,9,0,False
expectimax,expectimax,29,expectimax,expectimax,second,44,6,1,18,26,0,0.000000,16,14,6,6,8,32,23,36,12,11,0,False
expectimax,greedy,0,expectimax,greedy,first,57,9,2,27,30,0,0.000000,17,13,5,9,6,32,24,45,9,6,0,False
expectimax,greedy,0,greedy,expectimax,second,44,10,0,30,14,0,0.000000,12,8,12,10,8,33,16,46,13,8,0,False
expectimax,greedy,1,expectimax,greedy,first,60,11,1,33,27,0,0.000000,18,9,7,11,5,31,17,37,14,7,0,False
expectimax,greedy,1,greedy,expectimax,second,42,8,0,24,18,0,0.000000,10,15,8,8,9,30,21,37,10,10,0,False
expectimax,greedy,2,expectimax,greedy,first,72,10,2,30,42,0,0.000000,22,3,4,10,11,38,23,34,12,11,0,False
expectimax,greedy,2,greedy,expectimax,second,32,10,0,30,2,0,0.000000,6,15,14,10,5,32,26,36,12,5,0,False
expectimax,greedy,3,expectimax,greedy,first,81,14,1,42,39,0,0.000000,17,7,4,14,8,34,17,37,16,11,0,False
expectimax,greedy,3,greedy,expectimax,second,18,5,0,15,3,0,0.000000,13,14,11,5,7,34,22,40,7,8,0,False
expectimax,greedy,4,expectimax,greedy,first,63,8,0,24,39,0,0.000000,20,10,4,8,8,29,17,47,8,11,0,False
expectimax,greedy,4,greedy,expectimax,second,39,11,0,33,6,0,0.000000,7,13,12,11,7,26,17,48,11,10,0,False
expectimax,greedy,5,expectimax,greedy,first,71,9,0,27,44,0,0.000000,16,9,7,9,9,34,18,35,11,13,0,False
expectimax,greedy,5,greedy,expectimax,second,24,8,2,24,0,0,0.000000,12,12,11,8,7,36,16,37,12,11,0,False
expectimax,greedy,6,expectimax,greedy,first,47,7,0,21,26,0,0.000000,21,10,6,7,6,35,21,39,9,7,0,False
expectimax,greedy,6,greedy,expectimax,second,46,10,1,30,16,0,0.000000,10,14,6,10,10,36,23,36,11,10,0,False
expectimax,greedy,7,expectimax,greedy,first,70,11,1,33,37,0,0.000000,18,6,8,11,7,31,23,41,12,9,0,False
expectimax,greedy,7,greedy,expectimax,second,31,8,0,24,7,0,0.000000,9,14,10,8,9,30,28,39,9,11,0,False
expectimax,greedy,8,expectimax,greedy,first,0,0,0,0,0,50,1.000000,0,0,0,0,0,0,0,0,50,0,100,True
expectimax,greedy,8,greedy,expectimax,second,0,0,0,0,0,50,1.000000,0,0,0,0,0,0,0,0,50,0,100,True
expectimax,greedy,9,expectimax,greedy,first,50,8,2,24,26,0,0.000000,18,9,10,8,5,35,17,42,9,9,0,False
expectimax,greedy,9,greedy,expectimax,second,44,10,1,30,14,0,0.000000,10,12,8,10,10,30,19,45,13,14,0,False
expectimax,greedy,10,expectimax,greedy,first,77,12,1,36,41,0,0.000000,16,11,6,12,5,27,18,33,12,11,0,False
expectimax,greedy,10,greedy,expectimax,second,18,6,0,18,0,0,0.000000,15,11,8,6,10,31,18,34,7,13,0,False
expectimax,greedy,11,expectimax,greedy,first,62,8,1,24,38,0,0.000000,17,11,7,8,7,28,24,36,9,8,0,False
expectimax,greedy,11,greedy,expectimax,second,39,11,1,33,6,0,0.000000,12,12,7,11,8,29,24,37,11,10,0,False
expectimax,greedy,12,expectimax,greedy,first,76,13,3,39,37,0,0.000000,11,13,9,13,4,24,27,43,15,7,0,False
expectimax,greedy,12,greedy,expectimax,second,27,7,0,21,6,0,0.000000,17,9,6,7,11,30,24,41,11,12,0,False
expectimax,greedy,13,expectimax,greedy,first,74,11,1,33,41,0,0.000000,17,6,6,11,10,39,15,31,14,10,0,False
expectimax,greedy,13,greedy,expectimax,second,30,8,0,24,6,0,0.000000,11,16,9,8,6,36,27,35,9,8,0,False
expectimax,greedy,14,expectimax,greedy,first,55,10,1,30,25,0,0.000000,15,11,6,10,8,32,16,44,10,11,0,False
expectimax,greedy,14,greedy,expectimax,second,41,9,1,27,14,0,0.000000,11,13,9,9,8,32,19,43,9,10,0,False
expectimax,greedy,15,expectimax,greedy,first,79,12,2,36,43,0,0.000000,13,11,6,12,8,35,19,45,13,8,0,False
expectimax,greedy,15,greedy,expectimax,second,26,8,0,24,2,0,0.000000,14,12,9,8,7,37,20,45,10,8,0,False
expectimax,greedy,16,expectimax,greedy,first,59,9,0,27,32,0,0.000000,18,11,8,9,4,29,23,41,9,8,0,False
expectimax,greedy,16,greedy,expectimax,second,37,8,1,24,13,0,0.000000,11,11,9,8,11,25,23,40,9,12,0,False
expectimax,greedy,17,expectimax,greedy,first,39,7,1,21,18,0,0.000000,23,7,6,7,7,40,15,36,9,11,0,False
expectimax,greedy,17,greedy,expectimax,second,56,11,2,33,23,0,0.000000,7,14,9,11,9,38,21,37,13,10,0,False
expectimax,greedy,18,expectimax,greedy,first,63,7,2,21,42,0,0.000000,16,13,5,7,9,28,26,38,9,12,0,False
expectimax,greedy,18,greedy,expectimax,second,38,12,0,36,2,0,0.000000,12,8,12,12,6,28,28,41,14,7,0,False
expectimax,greedy,19,expectimax,greedy,first,0,0,0,0,0,47,0.940000,2,0,1,0,0,2,0,1,50,0,94,True
expectimax,greedy,19,greedy,expectimax,second,1,0,0,0,1,47,0.940000,1,1,1,0,0,1,1,1,50,0,94,True
expectimax,greedy,20,expectimax,greedy,first,73,11,0,33,40,0,0.000000,21,9,2,11,7,29,25,38,12,8,0,False
expectimax,greedy,20,greedy,expectimax,second,29,8,0,24,5,0,0.000000,8,11,14,8,9,29,25,40,9,10,0,False
expectimax,greedy,21,expectimax,greedy,first,48,6,1,18,30,0,0.000000,17,10,7,6,10,35,23,29,8,11,0,False
expectimax,greedy,21,greedy,expectimax,second,45,12,1,36,9,0,0.000000,11,14,8,12,5,34,20,33,15,5,0,False
expectimax,greedy,22,expectimax,greedy,first,76,12,2,36,40,0,0.000000,15,10,6,12,7,32,28,38,12,10,0,False
expectimax,greedy,22,greedy,expectimax,second,24,7,0,21,3,0,0.000000,14,11,9,7,9,32,29,40,9,10,0,False
expectimax,greedy,23,expectimax,greedy,first,63,9,1,27,36,0,0.000000,21,10,5,9,5,37,26,39,11,8,0,False
expectimax,greedy,23,greedy,expectimax,second,42,11,0,33,9,0,0.000000,6,12,10,11,11,34,25,41,15,13,0,False
expectimax,greedy,24,expectimax,greedy,first,66,9,0,27,39,0,0.000000,20,8,6,9,7,33,19,45,9,10,0,False
expectimax,greedy,24,greedy,expectimax,second,35,10,0,30,5,0,0.000000,9,12,10,10,9,27,16,47,10,11,0,False
expectimax,greedy,25,expectimax,greedy,first,57,9,0,27,30,0,0.000000,13,12,6,9,10,39,17,35,10,12,0,False
expectimax,greedy,25,greedy,expectimax,second,41,9,0,27,14,0,0.000000,14,10,11,9,6,40,19,34,9,7,0,False
expectimax,greedy,26,expectimax,greedy,first,63,9,1,27,36,0,0.000000,18,10,7,9,6,38,19,36,12,9,0,False
expectimax,greedy,26,greedy,expectimax,second,44,11,1,33,11,0,0.000000,9,13,8,11,9,34,21,35,14,11,0,False
expectimax,greedy,27,expectimax,greedy,first,78,14,0,42,36,0,0.000000,15,10,4,14,7,32,18,40,16,9,0,False
expectimax,greedy,27,greedy,expectimax,second,25,6,0,18,7,0,0.000000,13,12,11,6,8,33,20,40,7,11,0,False
expectimax,greedy,28,expectimax,greedy,first,64,8,0,24,40,0,0.000000,19,12,5,8,6,31,21,44,13,11,0,False
expectimax,greedy,28,greedy,expectimax,second,31,9,2,27,4,0,0.000000,12,12,7,9,10,29,20,43,13,13,0,False
expectimax,greedy,29,expectimax,greedy,first,52,11,4,33,19,0,0.000000,17,9,8,11,5,37,22,30,14,8,0,False
expectimax,greedy,29,greedy,expectimax,second,45,8,1,24,21,0,0.000000,11,12,8,8,11,41,22,29,14,14,0,False
expectimax,mcts,0,expectimax,mcts,first,20,3,2,9,11,29,0.580000,8,6,3,3,1,13,11,14,38,5,58,True
expectimax,mcts,0,mcts,expectimax,second,14,3,1,9,5,29,0.580000,4,4,6,3,4,13,8,14,38,8,58,True
expectimax,mcts,1,expectimax,mcts,first,51,10,2,30,21,0,0.000000,17,11,5,10,7,36,17,30,19,12,0,False
expectimax,mcts,1,mcts,expectimax,second,61,10,0,30,31,0,0.000000,10,10,12,10,8,38,20,33,20,13,0,False
expectimax,mcts,2,expectimax,mcts,first,43,9,1,27,16,1,0.020000,16,12,7,9,5,38,24,26,20,11,0,False
expectimax,mcts,2,mcts,expectimax,second,60,10,2,30,30,0,0.000000,10,10,10,10,10,35,17,26,20,18,0,False
expectimax,mcts,3,expectimax,mcts,first,58,13,2,39,19,0,0.000000,16,9,6,13,6,37,18,29,17,22,0,False
expectimax,mcts,3,mcts,expectimax,second,42,6,0,18,24,0,0.000000,13,12,11,6,8,34,23,34,8,26,0,False
expectimax,mcts,4,expectimax,mcts,first,54,12,0,36,18,0,0.000000,14,11,8,12,5,31,18,33,13,16,0,False
expectimax,mcts,4,mcts,expectimax,second,49,7,1,21,28,0,0.000000,14,12,8,7,9,31,16,33,13,19,0,False
expectimax,mcts,5,expectimax,mcts,first,58,13,2,39,19,0,0.000000,14,13,4,13,6,34,34,22,13,16,0,False
expectimax,mcts,5,mcts,expectimax,second,40,3,0,9,31,0,0.000000,14,10,13,3,10,40,27,24,9,17,0,False
expectimax,mcts,6,expectimax,mcts,first,48,8,2,24,24,12,0.240000,12,8,5,8,5,22,18,25,25,11,25,True
expectimax,mcts,6,mcts,expectimax,second,22,4,0,12,10,13,0.260000,10,9,8,4,6,20,15,24,24,12,25,True
expectimax,mcts,7,expectimax,mcts,first,44,9,1,27,17,0,0.000000,16,11,5,9,9,39,22,23,14,17,0,False
expectimax,mcts,7,mcts,expectimax,second,60,9,1,27,33,0,0.000000,13,10,11,9,7,37,21,24,17,14,0,False
expectimax,mcts,8,expectimax,mcts,first,0,0,0,0,0,50,1.000000,0,0,0,0,0,0,0,0,50,0,100,True
expectimax,mcts,8,mcts,expectimax,second,0,0,0,0,0,50,1.000000,0,0,0,0,0,0,0,0,50,0,100,True
expectimax,mcts,9,expectimax,mcts,first,54,13,6,39,15,0,0.000000,14,12,5,13,6,35,23,32,16,13,0,False
expectimax,mcts,9,mcts,expectimax,second,54,6,1,18,36,0,0.000000,14,8,12,6,10,34,23,34,15,15,0,False
expectimax,mcts,10,expectimax,mcts,first,4,1,1,3,1,46,0.920000,2,1,0,1,0,2,2,0,48,4,92,True
expectimax,mcts,10,mcts,expectimax,second,0,0,0,0,0,46,0.920000,1,2,0,0,1,2,2,0,48,4,92,True
expectimax,mcts,11,expectimax,mcts,first,58,12,2,36,22,0,0.000000,15,10,9,12,4,32,24,28,16,15,0,False
expectimax,mcts,11,mcts,expectimax,second,47,6,0,18,29,0,0.000000,13,12,8,6,11,34,21,29,15,18,0,False
expectimax,mcts,12,expectimax,mcts,first,63,13,3,39,24,0,0.000000,15,10,4,13,8,33,29,34,16,15,0,False
expectimax,mcts,12,mcts,expectimax,second,37,5,0,15,22,0,0.000000,12,13,12,5,8,36,24,35,11,13,0,False
expectimax,mcts,13,expectimax,mcts,first,62,11,4,33,29,0,0.000000,17,9,3,11,10,39,20,31,15,14,0,False
expectimax,mcts,13,mcts,expectimax,second,45,8,0,24,21,0,0.000000,12,12,14,8,4,38,22,32,14,12,0,False
expectimax,mcts,14,expectimax,mcts,first,50,13,1,39,11,0,0.000000,18,9,4,13,6,39,22,25,15,12,0,False
expectimax,mcts,14,mcts,expectimax,second,61,7,0,21,40,0,0.000000,8,14,12,7,9,37,24,25,12,12,0,False
expectimax,mcts,15,expectimax,mcts,first,49,11,2,33,16,0,0.000000,18,11,4,11,6,34,30,22,16,12,0,False
expectimax,mcts,15,mcts,expectimax,second,59,9,0,27,32,0,0.000000,8,11,12,9,10,34,25,25,14,15,0,False
expectimax,mcts,16,expectimax,mcts,first,68,11,1,33,35,0,0.000000,18,7,8,11,6,36,22,26,19,12,0,False
expectimax,mcts,16,mcts,expectimax,second,39,7,0,21,18,0,0.000000,13,14,8,7,8,32,25,27,17,14,0,False
expectimax,mcts,17,expectimax,mcts,first,66,14,1,42,24,0,0.000000,17,10,3,14,6,30,24,28,21,14,0,False
expectimax,mcts,17,mcts,expectimax,second,35,6,1,18,17,0,0.000000,11,12,12,6,9,28,25,33,21,15,0,False
expectimax,mcts,18,expectimax,mcts,first,52,9,2,27,25,0,0.000000,16,11,7,9,7,41,26,30,11,15,0,False
expectimax,mcts,18,mcts,expectimax,second,54,10,0,30,24,0,0.000000,11,11,11,10,7,38,26,29,14,13,0,False
expectimax,mcts,19,expectimax,mcts,first,1,0,0,0,1,47,0.940000,2,0,1,0,0,2,0,1,50,0,94,True
expectimax,mcts,19,mcts,expectimax,second,0,0,0,0,0,47,0.940000,1,1,1,0,0,1,1,1,50,0,94,True
expectimax,mcts,20,expectimax,mcts,first,48,9,2,27,21,1,0.020000,9,16,7,9,8,34,19,26,21,13,0,False
expectimax,mcts,20,mcts,expectimax,second,57,9,1,27,30,0,0.000000,18,7,9,9,7,38,12,28,24,14,0,False
expectimax,mcts,21,expectimax,mcts,first,51,8,1,24,27,0,0.000000,18,9,6,8,9,34,27,28,13,15,0,False
expectimax,mcts,21,mcts,expectimax,second,51,10,1,30,21,0,0.000000,8,15,11,10,6,35,29,26,20,10,0,False
expectimax,mcts,22,expectimax,mcts,first,6,2,2,6,0,47,0.940000,0,1,0,2,0,0,1,3,2,48,94,True
expectimax,mcts,22,mcts,expectimax,second,0,0,0,0,0,47,0.940000,0,1,2,0,0,0,1,3,2,48,94,True
expectimax,mcts,23,expectimax,mcts,first,57,14,1,42,15,0,0.000000,20,8,3,14,5,42,24,14,22,9,0,False
expectimax,mcts,23,mcts,expectimax,second,43,5,1,15,28,0,0.000000,8,12,15,5,10,37,23,21,18,13,0,False
expectimax,mcts,24,expectimax,mcts,first,0,0,0,0,0,47,0.940000,1,0,1,0,1,1,0,1,49,2,95,True
expectimax,mcts,24,mcts,expectimax,second,0,0,0,0,0,48,0.960000,0,0,1,0,1,0,0,1,49,2,95,True
expectimax,mcts,25,expectimax,mcts,first,54,10,1,30,24,0,0.000000,16,11,7,10,6,43,22,22,13,15,0,False
expectimax,mcts,25,mcts,expectimax,second,51,8,1,24,27,0,0.000000,10,13,11,8,8,41,23,23,16,13,0,False
expectimax,mcts,26,expectimax,mcts,first,53,12,5,36,17,0,0.000000,19,10,4,12,5,40,25,22,18,14,0,False
expectimax,mcts,26,mcts,expectimax,second,52,7,0,21,31,0,0.000000,10,11,14,7,8,38,25,22,19,15,0,False
expectimax,mcts,27,expectimax,mcts,first,66,12,0,36,30,0,0.000000,18,9,5,12,6,30,22,37,18,14,0,False
expectimax,mcts,27,mcts,expectimax,second,36,6,0,18,18,0,0.000000,10,12,13,6,9,27,24,41,14,16,0,False
expectimax,mcts,28,expectimax,mcts,first,59,13,1,39,20,0,0.000000,15,13,2,13,7,35,27,33,14,14,0,False
expectimax,mcts,28,mcts,expectimax,second,45,7,3,21,24,0,0.000000,12,9,13,7,9,34,22,35,8,15,0,False
expectimax,mcts,29,expectimax,mcts,first,3,1,1,3,0,48,0.960000,0,1,0,1,0,1,1,0,50,0,96,True
expectimax,mcts,29,mcts,expectimax,second,0,0,0,0,0,48,0.960000,2,0,0,0,0,2,0,0,50,0,96,True
expectimax,minimax,0,expectimax,minimax,first,41,7,3,21,20,0,0.000000,13,13,9,7,8,23,19,49,7,12,0,False
expectimax,minimax,0,minimax,expectimax,second,63,13,0,39,24,0,0.000000,17,8,6,13,6,22,14,49,13,10,0,False
expectimax,minimax,1,expectimax,minimax,first,48,11,4,33,15,0,0.000000,15,12,5,11,7,29,24,41,15,8,0,False
expectimax,minimax,1,minimax,expectimax,second,59,9,0,27,32,0,0.000000,14,9,10,9,8,32,28,44,11,10,0,False
expectimax,minimax,2,expectimax,minimax,first,60,11,1,33,27,0,0.000000,13,11,8,11,7,27,27,34,14,12,0,False
expectimax,minimax,2,minimax,expectimax,second,49,9,0,27,22,0,0.000000,15,11,7,9,8,29,29,35,12,12,0,False
expectimax,minimax,3,expectimax,minimax,first,65,13,1,39,26,0,0.000000,14,9,8,13,6,26,22,41,14,11,0,False
expectimax,minimax,3,minimax,expectimax,second,41,6,1,18,23,0,0.000000,16,14,5,6,9,27,25,40,7,11,0,False
expectimax,minimax,4,expectimax,minimax,first,31,8,0,24,7,0,0.000000,20,10,6,8,6,30,18,42,8,10,0,False
expectimax,minimax,4,minimax,expectimax,second,62,10,0,30,32,0,0.000000,9,13,8,10,10,23,19,42,11,12,0,False
expectimax,minimax,5,expectimax,minimax,first,60,9,0,27,33,0,0.000000,16,12,5,9,8,26,23,39,9,10,0,False
expectimax,minimax,5,minimax,expectimax,second,39,8,0,24,15,0,0.000000,15,9,10,8,8,24,24,41,11,9,0,False
expectimax,minimax,6,expectimax,minimax,first,44,7,0,21,23,0,0.000000,13,17,6,7,7,33,22,39,10,8,0,False
expectimax,minimax,6,minimax,expectimax,second,57,12,1,36,21,0,0.000000,17,5,7,12,9,31,15,37,16,11,0,False
expectimax,minimax,7,expectimax,minimax,first,63,13,1,39,24,0,0.000000,15,6,9,13,7,32,18,42,18,9,0,False
expectimax,minimax,7,minimax,expectimax,second,39,7,0,21,18,0,0.000000,13,15,6,7,9,33,25,41,12,10,0,False
expectimax,minimax,8,expectimax,minimax,first,0,0,0,0,0,50,1.000000,0,0,0,0,0,0,0,0,50,0,100,True
expectimax,minimax,8,minimax,expectimax,second,0,0,0,0,0,50,1.000000,0,0,0,0,0,0,0,0,50,0,100,True
expectimax,minimax,9,expectimax,minimax,first,33,5,2,15,18,0,0.000000,14,11,9,5,11,32,22,35,12,11,0,False
expectimax,minimax,9,minimax,expectimax,second,70,14,4,42,28,0,0.000000,13,10,9,14,4,28,24,38,21,9,0,False
expectimax,minimax,10,expectimax,minimax,first,49,11,3,33,16,0,0.000000,18,9,6,11,6,30,19,40,12,11,0,False
expectimax,minimax,10,minimax,expectimax,second,45,7,0,21,24,0,0.000000,12,15,7,7,9,30,20,41,9,13,0,False
expectimax,minimax,11,expectimax,minimax,first,41,9,4,27,14,0,0.000000,14,13,8,9,6,24,20,39,9,11,0,False
expectimax,minimax,11,minimax,expectimax,second,55,9,0,27,28,0,0.000000,15,10,7,9,9,29,23,40,10,11,0,False
expectimax,minimax,12,expectimax,minimax,first,53,12,3,36,17,0,0.000000,12,11,10,12,5,24,19,43,16,8,0,False
expectimax,minimax,12,minimax,expectimax,second,49,8,0,24,25,0,0.000000,17,10,4,8,11,31,15,41,12,11,0,False
expectimax,minimax,13,expectimax,minimax,first,52,12,0,36,16,0,0.000000,18,6,6,12,8,27,17,44,16,13,0,False
expectimax,minimax,13,minimax,expectimax,second,50,7,1,21,29,0,0.000000,14,14,8,7,7,26,24,44,10,14,0,False
expectimax,minimax,14,expectimax,minimax,first,56,9,1,27,29,0,0.000000,16,8,10,9,7,23,32,39,10,11,0,False
expectimax,minimax,14,minimax,expectimax,second,46,10,2,30,16,0,0.000000,14,11,6,10,9,24,32,37,10,13,0,False
expectimax,minimax,15,expectimax,minimax,first,64,12,2,36,28,0,0.000000,16,12,2,12,8,28,20,43,13,8,0,False
expectimax,minimax,15,minimax,expectimax,second,45,8,0,24,21,0,0.000000,13,11,11,8,7,26,20,44,10,9,0,False
expectimax,minimax,16,expectimax,minimax,first,46,9,0,27,19,0,0.000000,17,10,9,9,5,32,20,41,11,7,0,False
expectimax,minimax,16,minimax,expectimax,second,56,9,1,27,29,0,0.000000,14,11,6,9,10,32,22,39,9,12,0,False
expectimax,minimax,17,expectimax,minimax,first,3,1,0,3,0,44,0.880000,3,0,2,1,0,4,2,4,48,1,89,True
expectimax,minimax,17,minimax,expectimax,second,6,1,0,3,3,45,0.900000,1,1,1,1,1,3,3,2,49,1,89,True
expectimax,minimax,18,expectimax,minimax,first,47,7,2,21,26,0,0.000000,16,9,11,7,7,24,28,46,9,9,0,False
expectimax,minimax,18,minimax,expectimax,second,54,12,1,36,18,0,0.000000,11,14,5,12,8,22,28,45,14,9,0,False
expectimax,minimax,19,expectimax,minimax,first,0,0,0,0,0,47,0.940000,2,0,1,0,0,2,0,1,50,0,94,True
expectimax,minimax,19,minimax,expectimax,second,1,0,0,0,1,47,0.940000,1,1,1,0,0,1,1,1,50,0,94,True
expectimax,minimax,20,expectimax,minimax,first,49,12,1,36,13,0,0.000000,16,10,6,12,6,25,12,49,13,8,0,False
expectimax,minimax,20,minimax,expectimax,second,53,6,1,18,35,0,0.000000,15,12,7,6,10,25,15,50,8,10,0,False
expectimax,minimax,21,expectimax,minimax,first,49,7,1,21,28,0,0.000000,17,9,6,7,11,26,20,44,10,12,0,False
expectimax,minimax,21,minimax,expectimax,second,57,13,3,39,18,0,0.000000,11,14,8,13,4,26,20,47,15,5,0,False
expectimax,minimax,22,expectimax,minimax,first,69,12,3,36,33,0,0.000000,18,9,4,12,7,27,20,43,12,11,0,False
expectimax,minimax,22,minimax,expectimax,second,35,7,0,21,14,0,0.000000,11,13,10,7,9,23,20,45,9,12,0,False
expectimax,minimax,23,expectimax,minimax,first,40,7,0,21,19,0,0.000000,16,13,7,7,7,36,29,31,10,13,0,False
expectimax,minimax,23,minimax,expectimax,second,65,13,3,39,26,0,0.000000,13,9,8,13,7,32,25,35,16,13,0,False
expectimax,minimax,24,expectimax,minimax,first,45,9,0,27,18,0,0.000000,14,11,8,9,8,28,23,43,10,13,0,False
expectimax,minimax,24,minimax,expectimax,second,50,10,0,30,20,0,0.000000,15,9,8,10,8,29,19,44,11,13,0,False
expectimax,minimax,25,expectimax,minimax,first,52,10,1,30,22,0,0.000000,13,13,4,10,10,23,21,43,10,11,0,False
expectimax,minimax,25,minimax,expectimax,second,47,8,0,24,23,0,0.000000,17,8,11,8,6,28,21,44,8,7,0,False
expectimax,minimax,26,expectimax,minimax,first,55,10,3,30,25,0,0.000000,14,11,8,10,7,32,13,45,11,9,0,False
expectimax,minimax,26,minimax,expectimax,second,50,9,0,27,23,0,0.000000,14,11,7,9,9,30,15,43,10,11,0,False
expectimax,minimax,27,expectimax,minimax,first,42,9,0,27,15,0,0.000000,16,10,7,9,8,27,26,32,14,14,0,False
expectimax,minimax,27,minimax,expectimax,second,63,11,1,33,30,0,0.000000,12,9,10,11,8,31,26,32,13,15,0,False
expectimax,minimax,28,expectimax,minimax,first,65,14,4,42,23,0,0.000000,13,13,5,14,5,24,19,45,18,10,0,False
expectimax,minimax,28,minimax,expectimax,second,33,5,1,15,18,0,0.000000,18,9,8,5,10,27,15,45,11,16,0,False
expectimax,minimax,29,expectimax,minimax,first,60,11,4,33,27,0,0.000000,14,11,7,11,7,32,25,36,12,8,0,False
expectimax,minimax,29,minimax,expectimax,second,41,8,0,24,17,0,0.000000,15,12,7,8,8,29,27,33,12,9,0,False
expectimax,random,0,expectimax,random,first,97,17,5,51,46,0,0.000000,18,7,1,17,7,34,31,23,19,18,0,False
expectimax,random,0,random,expectimax,second,5,1,0,3,2,0,0.000000,10,16,16,1,7,29,31,27,13,20,0,False
expectimax,random,1,expectimax,random,first,99,20,2,60,39,0,0.000000,14,6,1,20,9,31,19,29,26,27,0,False
expectimax,random,1,random,expectimax,second,0,0,0,0,0,0,0.000000,14,16,15,0,5,33,22,34,17,21,0,False
expectimax,random,2,expectimax,random,first,93,16,4,48,45,0,0.000000,17,7,1,16,9,35,30,30,19,19,0,False
expectimax,random,2,random,expectimax,second,8,2,0,6,2,0,0.000000,11,14,17,2,6,32,29,34,12,15,0,False
expectimax,random,3,expectimax,random,first,94,17,1,51,43,0,0.000000,19,6,2,17,6,41,21,17,22,24,0,False
expectimax,random,3,random,expectimax,second,4,0,0,0,4,0,0.000000,10,15,18,0,7,38,22,25,13,23,0,False
expectimax,random,4,expectimax,random,first,94,19,2,57,37,0,0.000000,12,9,2,19,8,28,20,21,24,25,0,False
expectimax,random,4,random,expectimax,second,5,0,0,0,5,0,0.000000,15,13,16,0,6,31,23,26,21,23,0,False
expectimax,random,5,expectimax,random,first,99,18,3,54,45,0,0.000000,14,9,4,18,5,26,29,22,24,16,0,False
expectimax,random,5,random,expectimax,second,3,0,0,0,3,0,0.000000,15,13,14,0,8,26,27,28,18,17,0,False
expectimax,random,6,expectimax,random,first,90,16,1,48,42,0,0.000000,15,9,3,16,7,29,23,25,26,26,0,False
expectimax,random,6,random,expectimax,second,6,1,0,3,3,0,0.000000,13,14,16,1,6,25,21,30,19,26,0,False
expectimax,random,7,expectimax,random,first,98,18,2,54,44,0,0.000000,18,6,0,18,8,38,23,21,24,18,0,False
expectimax,random,7,random,expectimax,second,3,0,0,0,3,0,0.000000,10,13,20,0,7,30,24,28,18,19,0,False
expectimax,random,8,expectimax,random,first,0,0,0,0,0,50,1.000000,0,0,0,0,0,0,0,0,50,0,100,True
expectimax,random,8,random,expectimax,second,0,0,0,0,0,50,1.000000,0,0,0,0,0,0,0,0,50,0,100,True
expectimax,random,9,expectimax,random,first,87,16,6,48,39,0,0.000000,15,9,2,16,8,38,22,22,21,19,0,False
expectimax,random,9,random,expectimax,second,5,0,0,0,5,0,0.000000,13,13,18,0,6,35,27,28,17,16,0,False
expectimax,random,10,expectimax,random,first,95,19,4,57,38,0,0.000000,15,6,3,19,7,30,24,25,23,21,0,False
expectimax,random,10,random,expectimax,second,3,0,0,0,3,0,0.000000,16,15,13,0,6,33,25,28,18,22,0,False
expectimax,random,11,expectimax,random,first,85,15,3,45,40,0,0.000000,15,10,3,15,7,29,24,14,19,29,0,False
expectimax,random,11,random,expectimax,second,11,3,0,9,2,0,0.000000,12,13,16,3,6,28,22,20,19,28,0,False
expectimax,random,12,expectimax,random,first,93,17,5,51,42,0,0.000000,15,5,3,17,10,30,22,21,26,22,0,False
expectimax,random,12,random,expectimax,second,5,1,0,3,2,0,0.000000,14,16,14,1,5,33,24,24,21,23,0,False
expectimax,random,13,expectimax,random,first,78,15,3,45,33,0,0.000000,17,11,2,15,5,34,22,19,20,34,0,False
expectimax,random,13,random,expectimax,second,16,4,1,12,4,0,0.000000,11,10,17,4,8,30,24,24,15,33,0,False
expectimax,random,14,expectimax,random,first,79,15,4,45,34,0,0.000000,12,11,6,15,6,31,24,21,23,18,0,False
expectimax,random,14,random,expectimax,second,17,3,0,9,8,0,0.000000,16,12,11,3,8,35,23,23,16,17,0,False
expectimax,random,15,expectimax,random,first,97,18,6,54,43,0,0.000000,15,6,5,18,6,37,20,26,26,18,0,False
expectimax,random,15,random,expectimax,second,1,0,0,0,1,0,0.000000,13,15,13,0,9,34,18,27,18,22,0,False
expectimax,random,16,expectimax,random,first,82,13,4,39,43,1,0.020000,16,9,3,13,8,36,21,23,21,19,3,False
expectimax,random,16,random,expectimax,second,12,3,0,9,3,3,0.060000,12,13,14,3,5,32,22,22,20,17,3,False
expectimax,random,17,expectimax,random,first,83,15,4,45,38,0,0.000000,17,10,3,15,5,36,23,22,19,18,0,False
expectimax,random,17,random,expectimax,second,8,2,0,6,2,0,0.000000,14,11,16,2,7,38,22,25,16,19,0,False
expectimax,random,18,expectimax,random,first,96,18,4,54,42,0,0.000000,13,10,2,18,7,35,21,24,23,15,0,False
expectimax,random,18,random,expectimax,second,5,1,0,3,2,0,0.000000,16,12,15,1,6,37,25,25,20,17,0,False
expectimax,random,19,expectimax,random,first,92,18,1,54,38,0,0.000000,12,9,4,18,7,33,26,15,26,23,0,False
expectimax,random,19,random,expectimax,second,7,1,0,3,4,0,0.000000,16,11,14,1,8,30,27,20,19,23,0,False
expectimax,random,20,expectimax,random,first,84,18,6,54,30,0,0.000000,12,10,2,18,8,37,25,20,23,21,0,False
expectimax,random,20,random,expectimax,second,4,0,0,0,4,0,0.000000,17,13,15,0,5,36,24,23,16,21,0,False
expectimax,random,21,expectimax,random,first,80,17,3,51,29,0,0.000000,18,7,3,17,5,36,22,22,22,24,0,False
expectimax,random,21,random,expectimax,second,9,1,0,3,6,0,0.000000,11,13,15,1,10,35,21,27,17,27,0,False
expectimax,random,22,expectimax,random,first,92,18,3,54,38,0,0.000000,12,6,5,18,9,31,22,30,23,17,0,False
expectimax,random,22,random,expectimax,second,8,0,0,0,8,0,0.000000,15,17,13,0,5,30,26,28,14,12,0,False
expectimax,random,23,expectimax,random,first,3,1,1,3,0,48,0.960000,0,1,0,1,0,0,1,1,49,50,97,True
expectimax,random,23,random,expectimax,second,0,0,0,0,0,49,0.980000,0,0,1,0,0,0,0,1,50,50,97,True
expectimax,random,24,expectimax,random,first,87,16,2,48,39,0,0.000000,17,5,3,16,9,28,25,28,21,26,0,False
expectimax,random,24,random,expectimax,second,9,1,0,3,6,0,0.000000,12,13,17,1,7,27,28,33,13,20,0,False
expectimax,random,25,expectimax,random,first,87,16,1,48,39,0,0.000000,11,11,4,16,8,36,18,18,19,29,0,False
expectimax,random,25,random,expectimax,second,6,1,0,3,3,0,0.000000,17,11,15,1,6,38,16,22,14,26,0,False
expectimax,random,26,expectimax,random,first,94,17,2,51,43,0,0.000000,15,8,3,17,7,36,26,23,19,20,0,False
expectimax,random,26,random,expectimax,second,11,1,0,3,8,0,0.000000,13,13,14,1,9,34,29,27,12,18,0,False
expectimax,random,27,expectimax,random,first,84,17,3,51,33,0,0.000000,18,6,4,17,5,36,20,20,32,19,0,False
expectimax,random,27,random,expectimax,second,5,0,0,0,5,0,0.000000,10,17,15,0,8,31,27,23,26,22,0,False
expectimax,random,28,expectimax,random,first,85,16,2,48,37,0,0.000000,17,7,3,16,7,32,21,29,21,18,0,False
expectimax,random,28,random,expectimax,second,10,1,0,3,7,0,0.000000,12,14,16,1,7,34,21,30,16,17,0,False
expectimax,random,29,expectimax,random,first,3,1,1,3,0,48,0.960000,0,1,0,1,0,1,1,0,50,0,96,True
expectimax,random,29,random,expectimax,second,0,0,0,0,0,48,0.960000,2,0,0,0,0,2,0,0,50,0,96,True
expectimax,rule,0,expectimax,rule,first,57,9,1,27,30,0,0.000000,18,9,6,9,8,42,22,35,10,8,0,False
expectimax,rule,0,rule,expectimax,second,52,11,0,33,19,0,0.000000,9,13,11,11,6,37,24,36,13,7,0,False
expectimax,rule,1,expectimax,rule,first,45,10,3,30,15,0,0.000000,16,11,7,10,6,23,14,38,12,11,0,False
expectimax,rule,1,rule,expectimax,second,62,9,1,27,35,0,0.000000,14,13,6,9,8,24,18,38,11,13,0,False
expectimax,rule,2,expectimax,rule,first,54,9,1,27,27,0,0.000000,17,9,6,9,9,33,25,30,12,15,0,False
expectimax,rule,2,rule,expectimax,second,56,11,0,33,23,0,0.000000,10,12,10,11,7,29,26,35,17,12,0,False
expectimax,rule,3,expectimax,rule,first,59,13,1,39,20,0,0.000000,17,6,7,13,7,33,18,33,15,12,0,False
expectimax,rule,3,rule,expectimax,second,52,6,0,18,34,0,0.000000,10,17,8,6,9,29,24,35,8,12,0,False
expectimax,rule,4,expectimax,rule,first,42,8,1,24,18,0,0.000000,19,9,10,8,4,33,20,43,8,7,0,False
expectimax,rule,4,rule,expectimax,second,67,11,0,33,34,0,0.000000,10,13,6,11,10,27,19,41,11,11,0,False
expectimax,rule,5,expectimax,rule,first,58,10,1,30,28,0,0.000000,16,10,5,10,9,33,26,31,10,14,0,False
expectimax,rule,5,rule,expectimax,second,50,9,1,27,23,0,0.000000,13,11,12,9,5,32,23,31,10,10,0,False
expectimax,rule,6,expectimax,rule,first,45,9,0,27,18,0,0.000000,15,12,5,9,9,40,24,34,11,12,0,False
expectimax,rule,6,rule,expectimax,second,57,9,3,27,30,0,0.000000,14,10,10,9,7,35,22,34,11,11,0,False
expectimax,rule,7,expectimax,rule,first,54,12,0,36,18,0,0.000000,18,10,4,12,6,28,27,40,13,9,0,False
expectimax,rule,7,rule,expectimax,second,54,7,0,21,33,0,0.000000,13,10,11,7,9,26,24,40,9,13,0,False
expectimax,rule,8,expectimax,rule,first,0,0,0,0,0,50,1.000000,0,0,0,0,0,0,0,0,50,0,100,True
expectimax,rule,8,rule,expectimax,second,0,0,0,0,0,50,1.000000,0,0,0,0,0,0,0,0,50,0,100,True
expectimax,rule,9,expectimax,rule,first,43,7,1,21,22,0,0.000000,20,10,7,7,6,36,14,36,8,9,0,False
expectimax,rule,9,rule,expectimax,second,65,11,0,33,32,0,0.000000,9,12,8,11,10,27,18,38,13,13,0,False
expectimax,rule,10,expectimax,rule,first,40,11,0,33,7,0,0.000000,16,11,6,11,6,32,23,31,13,9,0,False
expectimax,rule,10,rule,expectimax,second,66,7,1,21,45,0,0.000000,13,13,9,7,8,34,24,31,9,13,0,False
expectimax,rule,11,expectimax,rule,first,55,11,1,33,22,0,0.000000,16,8,7,11,8,28,21,33,12,10,0,False
expectimax,rule,11,rule,expectimax,second,51,7,0,21,30,0,0.000000,14,15,7,7,7,29,29,35,7,9,0,False
expectimax,rule,12,expectimax,rule,first,53,14,1,42,11,0,0.000000,14,11,6,14,5,36,23,32,17,8,0,False
expectimax,rule,12,rule,expectimax,second,57,6,0,18,39,0,0.000000,15,11,8,6,10,35,21,32,11,13,0,False
expectimax,rule,13,expectimax,rule,first,46,8,0,24,22,0,0.000000,14,11,8,8,9,35,23,36,9,14,0,False
expectimax,rule,13,rule,expectimax,second,63,11,0,33,30,0,0.000000,14,13,6,11,6,36,24,35,12,10,0,False
expectimax,rule,14,expectimax,rule,first,50,9,2,27,23,0,0.000000,20,9,6,9,6,31,21,46,11,12,0,False
expectimax,rule,14,rule,expectimax,second,59,10,2,30,29,0,0.000000,9,13,8,10,10,30,23,43,11,13,0,False
expectimax,rule,15,expectimax,rule,first,55,12,0,36,19,0,0.000000,16,9,7,12,6,35,23,38,13,8,0,False
expectimax,rule,15,rule,expectimax,second,60,8,1,24,36,0,0.000000,12,12,10,8,8,34,26,39,9,10,0,False
expectimax,rule,16,expectimax,rule,first,48,10,1,30,18,0,0.000000,17,12,5,10,6,36,22,33,11,9,0,False
expectimax,rule,16,rule,expectimax,second,57,8,0,24,33,0,0.000000,11,10,12,8,9,34,23,34,9,14,0,False
expectimax,rule,17,expectimax,rule,first,37,7,0,21,16,0,0.000000,17,12,7,7,7,28,21,36,12,15,0,False
expectimax,rule,17,rule,expectimax,second,73,12,0,36,37,0,0.000000,12,8,9,12,9,25,20,38,16,17,0,False
expectimax,rule,18,expectimax,rule,first,63,10,2,30,33,0,0.000000,16,11,3,10,10,34,19,41,15,13,0,False
expectimax,rule,18,rule,expectimax,second,48,10,0,30,18,0,0.000000,12,10,12,10,6,31,18,43,18,8,0,False
expectimax,rule,19,expectimax,rule,first,59,12,1,36,23,0,0.000000,15,11,4,12,8,32,25,25,20,12,0,False
expectimax,rule,19,rule,expectimax,second,53,7,1,21,32,0,0.000000,13,9,13,7,8,32,27,29,14,10,0,False
expectimax,rule,20,expectimax,rule,first,53,8,0,24,29,0,0.000000,13,13,8,8,8,34,25,24,16,10,0,False
expectimax,rule,20,rule,expectimax,second,46,8,1,24,22,0,0.000000,15,10,9,8,8,35,25,28,15,10,0,False
expectimax,rule,21,expectimax,rule,first,56,9,2,27,29,0,0.000000,17,9,6,9,9,28,24,45,12,14,0,False
expectimax,rule,21,rule,expectimax,second,51,9,1,27,24,0,0.000000,12,14,9,9,6,27,25,47,12,8,0,False
expectimax,rule,22,expectimax,rule,first,58,13,1,39,19,0,0.000000,17,8,3,13,9,31,16,45,13,11,0,False
expectimax,rule,22,rule,expectimax,second,50,6,0,18,32,0,0.000000,12,15,10,6,7,27,21,46,9,9,0,False
expectimax,rule,23,expectimax,rule,first,41,7,1,21,20,0,0.000000,16,14,6,7,7,33,19,46,10,9,0,False
expectimax,rule,23,rule,expectimax,second,66,12,0,36,30,0,0.000000,12,8,9,12,9,29,16,46,14,11,0,False
expectimax,rule,24,expectimax,rule,first,42,10,1,30,12,0,0.000000,17,12,3,10,8,31,28,34,11,11,0,False
expectimax,rule,24,rule,expectimax,second,66,9,0,27,39,0,0.000000,12,10,13,9,6,32,24,38,11,11,0,False
expectimax,rule,25,expectimax,rule,first,64,9,0,27,37,0,0.000000,13,14,4,9,10,26,25,35,10,11,0,False
expectimax,rule,25,rule,expectimax,second,41,9,0,27,14,0,0.000000,16,9,11,9,5,25,21,37,10,7,0,False
expectimax,rule,26,expectimax,rule,first,62,12,2,36,26,0,0.000000,16,9,6,12,7,40,26,30,13,8,0,False
expectimax,rule,26,rule,expectimax,second,48,7,0,21,27,0,0.000000,11,12,11,7,9,39,28,29,9,12,0,False
expectimax,rule,27,expectimax,rule,first,49,12,0,36,13,0,0.000000,13,12,8,12,5,26,15,47,15,12,0,False
expectimax,rule,27,rule,expectimax,second,62,8,0,24,38,0,0.000000,14,10,7,8,11,27,16,47,10,14,0,False
expectimax,rule,28,expectimax,rule,first,81,15,0,45,36,0,0.000000,11,11,6,15,7,29,19,39,16,10,0,False
expectimax,rule,28,rule,expectimax,second,30,4,0,12,18,0,0.000000,16,12,9,4,9,33,17,40,7,12,0,False
expectimax,rule,29,expectimax,rule,first,73,15,3,45,28,0,0.000000,11,7,9,15,8,35,29,34,17,12,0,False
expectimax,rule,29,rule,expectimax,second,32,3,0,9,23,0,0.000000,17,15,7,3,8,37,35,33,9,12,0,False
greedy,expectimax,0,greedy,expectimax,first,23,5,0,15,8,0,0.000000,11,16,12,5,6,37,25,29,8,8,0,False
greedy,expectimax,0,expectimax,greedy,second,82,15,4,45,37,0,0.000000,18,4,4,15,9,37,18,24,15,10,0,False
greedy,expectimax,1,greedy,expectimax,first,36,11,0,33,3,0,0.000000,11,12,10,11,6,24,24,43,13,8,0,False
greedy,expectimax,1,expectimax,greedy,second,63,7,1,21,42,0,0.000000,19,11,4,7,9,27,27,44,9,11,0,False
greedy,expectimax,2,greedy,expectimax,first,32,7,0,21,11,0,0.000000,12,18,6,7,7,38,23,27,10,11,0,False
greedy,expectimax,2,expectimax,greedy,second,75,13,1,39,36,0,0.000000,13,3,12,13,9,36,14,29,15,14,0,False
greedy,expectimax,3,greedy,expectimax,first,46,13,2,39,7,0,0.000000,13,9,8,13,7,34,16,33,14,9,0,False
greedy,expectimax,3,expectimax,greedy,second,54,6,0,18,36,0,0.000000,19,12,6,6,7,34,18,35,7,7,0,False
greedy,expectimax,4,greedy,expectimax,first,32,8,0,24,8,0,0.000000,12,11,12,8,7,36,21,43,10,10,0,False
greedy,expectimax,4,expectimax,greedy,second,69,11,0,33,36,0,0.000000,15,12,5,11,7,38,18,39,16,12,0,False
greedy,expectimax,5,greedy,expectimax,first,31,9,1,27,4,0,0.000000,11,14,10,9,6,32,17,34,14,9,0,False
greedy,expectimax,5,expectimax,greedy,second,60,8,1,24,36,0,0.000000,19,9,6,8,8,34,14,33,13,12,0,False
greedy,expectimax,6,greedy,expectimax,first,27,7,0,21,6,0,0.000000,12,16,8,7,7,37,31,28,9,8,0,False
greedy,expectimax,6,expectimax,greedy,second,58,10,1,30,28,0,0.000000,17,8,6,10,9,35,28,29,11,10,0,False
greedy,expectimax,7,greedy,expectimax,first,39,12,1,36,3,0,0.000000,9,10,11,12,8,31,21,44,13,11,0,False
greedy,expectimax,7,expectimax,greedy,second,64,7,0,21,43,0,0.000000,18,11,6,7,8,30,23,42,9,12,0,False
greedy,expectimax,8,greedy,expectimax,first,0,0,0,0,0,50,1.000000,0,0,0,0,0,0,0,0,50,0,100,True
greedy,expectimax,8,expectimax,greedy,second,0,0,0,0,0,50,1.000000,0,0,0,0,0,0,0,0,50,0,100,True
greedy,expectimax,9,greedy,expectimax,first,25,7,2,21,4,0,0.000000,12,16,8,7,7,35,24,40,8,7,0,False
greedy,expectimax,9,expectimax,greedy,second,72,11,1,33,39,0,0.000000,17,8,6,11,8,32,24,40,13,8,0,False
greedy,expectimax,10,greedy,expectimax,first,28,8,1,24,4,0,0.000000,10,14,10,8,8,33,17,38,11,12,0,False
greedy,expectimax,10,expectimax,greedy,second,67,10,1,30,37,0,0.000000,18,9,7,10,6,35,16,39,12,10,0,False
greedy,expectimax,11,greedy,expectimax,first,29,9,2,27,2,0,0.000000,13,16,5,9,7,27,24,39,10,8,0,False
greedy,expectimax,11,expectimax,greedy,second,70,10,0,30,40,0,0.000000,16,6,10,10,8,32,23,40,10,10,0,False
greedy,expectimax,12,greedy,expectimax,first,2,0,0,0,2,46,0.920000,2,1,1,0,0,2,1,1,50,0,93,True
greedy,expectimax,12,expectimax,greedy,second,0,0,0,0,0,47,0.940000,3,0,0,0,0,3,0,0,50,0,93,True
greedy,expectimax,13,greedy,expectimax,first,33,11,1,33,0,0,0.000000,10,11,9,11,9,34,16,43,14,10,0,False
greedy,expectimax,13,expectimax,greedy,second,70,8,1,24,46,0,0.000000,17,9,9,8,7,32,16,42,9,10,0,False
greedy,expectimax,14,greedy,expectimax,first,42,10,1,30,12,0,0.000000,14,9,9,10,8,38,19,35,10,11,0,False
greedy,expectimax,14,expectimax,greedy,second,52,9,0,27,25,0,0.000000,13,13,7,9,8,36,24,35,9,10,0,False
greedy,expectimax,15,greedy,expectimax,first,50,13,2,39,11,0,0.000000,8,12,9,13,8,31,13,37,14,10,0,False
greedy,expectimax,15,expectimax,greedy,second,55,7,0,21,34,0,0.000000,17,11,7,7,8,34,12,37,9,12,0,False
greedy,expectimax,16,greedy,expectimax,first,33,10,0,30,3,0,0.000000,10,12,11,10,7,42,18,34,11,9,0,False
greedy,expectimax,16,expectimax,greedy,second,69,9,0,27,42,0,0.000000,19,8,5,9,9,45,18,29,10,14,0,False
greedy,expectimax,17,greedy,expectimax,first,24,7,0,21,3,0,0.000000,11,14,10,7,8,32,23,30,8,10,0,False
greedy,expectimax,17,expectimax,greedy,second,70,11,1,33,37,0,0.000000,19,7,5,11,8,35,22,28,12,10,0,False
greedy,expectimax,18,greedy,expectimax,first,31,9,2,27,4,0,0.000000,7,12,13,9,9,20,23,45,11,12,0,False
greedy,expectimax,18,expectimax,greedy,second,71,11,0,33,38,0,0.000000,19,8,5,11,7,27,19,40,14,11,0,False
greedy,expectimax,19,greedy,expectimax,first,36,8,2,24,12,0,0.000000,12,12,7,8,11,25,19,38,15,15,0,False
greedy,expectimax,19,expectimax,greedy,second,56,11,4,33,23,0,0.000000,18,9,7,11,5,30,20,39,15,8,0,False
greedy,expectimax,20,greedy,expectimax,first,42,11,0,33,9,0,0.000000,10,10,9,11,10,24,27,45,12,10,0,False
greedy,expectimax,20,expectimax,greedy,second,48,7,0,21,27,0,0.000000,20,9,8,7,6,32,28,45,9,8,0,False
greedy,expectimax,21,greedy,expectimax,first,38,7,1,21,17,0,0.000000,11,10,13,7,9,34,25,34,11,11,0,False
greedy,expectimax,21,expectimax,greedy,second,66,12,0,36,30,0,0.000000,16,12,4,12,6,36,23,34,14,6,0,False
greedy,expectimax,22,greedy,expectimax,first,43,13,2,39,4,0,0.000000,10,14,3,13,10,25,26,36,14,14,0,False
greedy,expectimax,22,expectimax,greedy,second,56,6,0,18,38,0,0.000000,22,8,9,6,5,32,24,37,9,9,0,False
greedy,expectimax,23,greedy,expectimax,first,40,10,2,30,10,0,0.000000,10,12,9,10,9,36,24,32,15,14,0,False
greedy,expectimax,23,expectimax,greedy,second,59,9,0,27,32,0,0.000000,17,9,8,9,7,34,21,32,15,14,0,False
greedy,expectimax,24,greedy,expectimax,first,38,8,1,24,14,0,0.000000,12,12,10,8,8,34,24,40,9,14,0,False
greedy,expectimax,24,expectimax,greedy,second,61,11,0,33,28,0,0.000000,15,11,5,11,8,34,24,40,11,13,0,False
greedy,expectimax,25,greedy,expectimax,first,44,9,1,27,17,0,0.000000,12,12,6,9,11,31,24,34,10,12,0,False
greedy,expectimax,25,expectimax,greedy,second,51,9,0,27,24,0,0.000000,17,10,9,9,5,34,23,36,9,5,0,False
greedy,expectimax,26,greedy,expectimax,first,43,12,2,36,7,0,0.000000,13,12,8,12,5,32,23,44,13,5,0,False
greedy,expectimax,26,expectimax,greedy,second,61,7,0,21,40,0,0.000000,15,9,8,7,11,28,23,44,9,12,0,False
greedy,expectimax,27,greedy,expectimax,first,51,13,1,39,12,0,0.000000,11,9,12,13,5,36,20,40,15,8,0,False
greedy,expectimax,27,expectimax,greedy,second,53,7,0,21,32,0,0.000000,17,12,4,7,10,36,27,39,9,13,0,False
greedy,expectimax,28,greedy,expectimax,first,37,10,0,30,7,0,0.000000,9,14,11,10,6,37,24,34,13,11,0,False
greedy,expectimax,28,expectimax,greedy,second,59,10,2,30,29,0,0.000000,18,8,5,10,9,39,16,35,13,13,0,False
greedy,expectimax,29,greedy,expectimax,first,45,10,4,30,15,0,0.000000,10,15,8,10,7,34,20,37,13,9,0,False
greedy,expectimax,29,expectimax,greedy,second,53,9,1,27,26,0,0.000000,18,8,7,9,8,37,18,35,15,12,0,False
greedy,greedy,0,greedy,greedy,first,33,5,0,15,18,0,0.000000,17,12,10,5,6,43,14,38,8,11,0,False
greedy,greedy,0,greedy,greedy,second,65,15,3,45,20,0,0.000000,10,10,6,15,9,38,12,34,15,12,0,False
greedy,greedy,1,greedy,greedy,first,69,15,1,45,24,0,0.000000,11,10,9,15,5,41,16,24,17,7,0,False
greedy,greedy,1,greedy,greedy,second,24,5,2,15,9,0,0.000000,14,14,8,5,9,44,21,23,10,10,0,False
greedy,greedy,2,greedy,greedy,first,43,10,0,30,13,0,0.000000,12,12,5,10,11,35,17,31,12,11,0,False
greedy,greedy,2,greedy,greedy,second,58,10,1,30,28,0,0.000000,14,11,10,10,5,33,16,33,12,5,0,False
greedy,greedy,3,greedy,greedy,first,54,12,0,36,18,0,0.000000,16,9,7,12,6,39,17,34,14,9,0,False
greedy,greedy,3,greedy,greedy,second,45,7,0,21,24,0,0.000000,12,14,9,7,8,39,19,38,8,9,0,False
greedy,greedy,4,greedy,greedy,first,49,10,0,30,19,0,0.000000,15,9,9,10,7,42,16,27,12,9,0,False
greedy,greedy,4,greedy,greedy,second,48,9,0,27,21,0,0.000000,13,14,7,9,7,40,15,27,12,9,0,False
greedy,greedy,5,greedy,greedy,first,40,7,1,21,19,0,0.000000,12,14,7,7,10,44,17,33,10,11,0,False
greedy,greedy,5,greedy,greedy,second,62,12,1,36,26,0,0.000000,15,9,8,12,6,47,12,35,13,8,0,False
greedy,greedy,6,greedy,greedy,first,45,8,0,24,21,0,0.000000,9,14,11,8,8,42,21,31,10,8,0,False
greedy,greedy,6,greedy,greedy,second,48,10,1,30,18,0,0.000000,19,10,3,10,8,41,22,28,11,9,0,False
greedy,greedy,7,greedy,greedy,first,62,11,1,33,29,0,0.000000,18,6,10,11,5,35,16,38,12,7,0,False
greedy,greedy,7,greedy,greedy,second,36,8,1,24,12,0,0.000000,11,15,5,8,11,34,19,37,9,13,0,False
greedy,greedy,8,greedy,greedy,first,0,0,0,0,0,50,1.000000,0,0,0,0,0,0,0,0,50,0,100,True
greedy,greedy,8,greedy,greedy,second,0,0,0,0,0,50,1.000000,0,0,0,0,0,0,0,0,50,0,100,True
greedy,greedy,9,greedy,greedy,first,31,7,2,21,10,0,0.000000,13,14,8,7,8,44,16,30,8,11,0,False
greedy,greedy,9,greedy,greedy,second,63,11,0,33,30,0,0.000000,14,10,8,11,7,45,14,29,13,9,0,False
greedy,greedy,10,greedy,greedy,first,62,13,1,39,23,0,0.000000,15,11,7,13,4,36,17,37,14,6,0,False
greedy,greedy,10,greedy,greedy,second,30,6,0,18,12,0,0.000000,12,12,9,6,11,34,18,39,9,14,0,False
greedy,greedy,11,greedy,greedy,first,58,13,0,39,19,0,0.000000,14,10,8,13,5,39,18,17,13,8,0,False
greedy,greedy,11,greedy,greedy,second,47,7,0,21,26,0,0.000000,14,12,7,7,10,42,17,20,9,11,0,False
greedy,greedy,12,greedy,greedy,first,60,13,3,39,21,0,0.000000,13,11,8,13,5,40,21,32,15,6,0,False
greedy,greedy,12,greedy,greedy,second,41,7,0,21,20,0,0.000000,16,11,5,7,11,43,16,28,11,11,0,False
greedy,greedy,13,greedy,greedy,first,51,12,1,36,15,0,0.000000,11,10,10,12,7,39,21,36,15,10,0,False
greedy,greedy,13,greedy,greedy,second,45,7,1,21,24,0,0.000000,15,12,7,7,9,41,23,34,9,11,0,False
greedy,greedy,14,greedy,greedy,first,59,12,2,36,23,0,0.000000,17,9,5,12,7,42,16,26,12,10,0,False
greedy,greedy,14,greedy,greedy,second,42,7,1,21,21,0,0.000000,10,13,11,7,9,40,20,24,10,10,0,False
greedy,greedy,15,greedy,greedy,first,54,12,2,36,18,0,0.000000,13,14,5,12,6,36,16,36,13,8,0,False
greedy,greedy,15,greedy,greedy,second,50,8,0,24,26,0,0.000000,15,8,11,8,8,36,13,38,9,10,0,False
greedy,greedy,16,greedy,greedy,first,54,9,0,27,27,0,0.000000,19,9,8,9,5,44,13,31,9,5,0,False
greedy,greedy,16,greedy,greedy,second,42,9,0,27,15,0,0.000000,7,15,8,9,11,37,18,32,10,13,0,False
greedy,greedy,17,greedy,greedy,first,55,9,0,27,28,0,0.000000,13,12,10,9,6,41,17,21,11,12,0,False
greedy,greedy,17,greedy,greedy,second,41,9,0,27,14,0,0.000000,15,10,8,9,8,42,16,19,14,12,0,False
greedy,greedy,18,greedy,greedy,first,41,8,3,24,17,0,0.000000,14,13,8,8,7,34,19,39,11,12,0,False
greedy,greedy,18,greedy,greedy,second,59,12,0,36,23,0,0.000000,13,8,9,12,8,34,20,39,15,10,0,False
greedy,greedy,19,greedy,greedy,first,71,11,3,33,38,0,0.000000,17,8,6,11,8,39,15,30,14,8,0,False
greedy,greedy,19,greedy,greedy,second,22,6,1,18,4,0,0.000000,10,16,10,6,8,38,18,33,10,9,0,False
greedy,greedy,20,greedy,greedy,first,56,11,0,33,23,0,0.000000,10,12,10,11,7,36,17,42,12,7,0,False
greedy,greedy,20,greedy,greedy,second,43,8,2,24,19,0,0.000000,18,10,6,8,8,35,17,43,9,9,0,False
greedy,greedy,21,greedy,greedy,first,44,6,1,18,26,0,0.000000,12,15,9,6,8,32,21,39,8,11,0,False
greedy,greedy,21,greedy,greedy,second,49,12,1,36,13,0,0.000000,17,7,8,12,6,37,13,40,15,6,0,False
greedy,greedy,22,greedy,greedy,first,46,10,2,30,16,0,0.000000,11,13,8,10,8,36,21,29,11,14,0,False
greedy,greedy,22,greedy,greedy,second,55,9,0,27,28,0,0.000000,15,10,8,9,8,36,22,30,12,11,0,False
greedy,greedy,23,greedy,greedy,first,34,7,0,21,13,0,0.000000,16,10,10,7,7,43,16,32,8,10,0,False
greedy,greedy,23,greedy,greedy,second,67,12,0,36,31,0,0.000000,12,12,5,12,9,41,16,27,14,11,0,False
greedy,greedy,24,greedy,greedy,first,36,7,0,21,15,0,0.000000,16,14,7,7,6,40,21,31,9,10,0,False
greedy,greedy,24,greedy,greedy,second,57,11,0,33,24,0,0.000000,11,9,9,11,10,39,18,36,12,12,0,False
greedy,greedy,25,greedy,greedy,first,47,9,1,27,20,0,0.000000,12,12,7,9,10,42,19,24,10,12,0,False
greedy,greedy,25,greedy,greedy,second,47,9,0,27,20,0,0.000000,15,12,8,9,6,41,20,25,9,6,0,False
greedy,greedy,26,greedy,greedy,first,42,10,1,30,12,0,0.000000,8,12,11,10,9,42,16,29,11,10,0,False
greedy,greedy,26,greedy,greedy,second,58,9,1,27,31,0,0.000000,18,10,7,9,6,43,20,26,10,9,0,False
greedy,greedy,27,greedy,greedy,first,63,13,0,39,24,0,0.000000,13,10,6,13,8,32,13,33,15,10,0,False
greedy,greedy,27,greedy,greedy,second,39,7,0,21,18,0,0.000000,15,12,10,7,6,38,20,34,8,8,0,False
greedy,greedy,28,greedy,greedy,first,57,13,0,39,18,0,0.000000,13,11,7,13,6,42,18,29,14,11,0,False
greedy,greedy,28,greedy,greedy,second,36,7,1,21,15,0,0.000000,15,11,8,7,9,38,17,29,8,13,0,False
greedy,greedy,29,greedy,greedy,first,51,11,4,33,18,0,0.000000,12,12,10,11,5,42,19,28,14,6,0,False
greedy,greedy,29,greedy,greedy,second,43,8,0,24,19,0,0.000000,17,10,4,8,11,45,17,27,13,11,0,False
greedy,mcts,0,greedy,mcts,first,31,8,2,24,7,0,0.000000,13,16,6,8,7,44,21,28,9,15,0,False
greedy,mcts,0,mcts,greedy,second,75,11,1,33,42,0,0.000000,14,7,12,11,6,43,11,30,12,15,0,False
greedy,mcts,1,greedy,mcts,first,54,13,2,39,15,0,0.000000,13,12,5,13,7,43,21,23,18,13,0,False
greedy,mcts,1,mcts,greedy,second,41,6,0,18,23,0,0.000000,14,11,12,6,7,41,22,25,12,11,0,False
greedy,mcts,2,greedy,mcts,first,30,9,1,27,3,0,0.000000,13,17,4,9,7,38,22,27,13,19,0,False
greedy,mcts,2,mcts,greedy,second,73,11,1,33,40,0,0.000000,12,6,13,11,8,31,14,29,16,21,0,False
greedy,mcts,3,greedy,mcts,first,44,9,3,27,17,0,0.000000,14,13,7,9,7,38,22,30,13,13,0,False
greedy,mcts,3,mcts,greedy,second,60,9,1,27,33,0,0.000000,12,10,12,9,7,35,20,33,14,13,0,False
greedy,mcts,4,greedy,mcts,first,45,10,2,30,15,0,0.000000,12,12,7,10,9,40,22,30,12,18,0,False
greedy,mcts,4,mcts,greedy,second,61,10,1,30,31,0,0.000000,14,10,10,10,6,40,19,30,14,15,0,False
greedy,mcts,5,greedy,mcts,first,46,10,1,30,16,0,0.000000,16,14,1,10,9,36,21,35,10,13,0,False
greedy,mcts,5,mcts,greedy,second,50,6,0,18,32,0,0.000000,14,9,16,6,5,37,17,37,11,12,0,False
greedy,mcts,6,greedy,mcts,first,54,14,1,42,12,0,0.000000,12,13,5,14,6,39,26,24,19,17,0,False
greedy,mcts,6,mcts,greedy,second,56,6,1,18,38,0,0.000000,16,9,12,6,7,36,20,25,13,20,0,False
greedy,mcts,7,greedy,mcts,first,50,13,3,39,11,0,0.000000,17,10,3,13,7,38,19,22,14,16,0,False
greedy,mcts,7,mcts,greedy,second,51,6,1,18,33,0,0.000000,11,10,14,6,9,36,19,24,11,15,0,False
greedy,mcts,8,greedy,mcts,first,0,0,0,0,0,50,1.000000,0,0,0,0,0,0,0,0,50,0,100,True
greedy,mcts,8,mcts,greedy,second,0,0,0,0,0,50,1.000000,0,0,0,0,0,0,0,0,50,0,100,True
greedy,mcts,9,greedy,mcts,first,36,11,4,33,3,0,0.000000,15,10,7,11,7,41,17,28,13,26,0,False
greedy,mcts,9,mcts,greedy,second,66,8,0,24,42,0,0.000000,13,12,10,8,7,42,19,28,13,23,0,False
greedy,mcts,10,greedy,mcts,first,48,13,3,39,9,0,0.000000,12,10,7,13,8,36,21,26,15,22,0,False
greedy,mcts,10,mcts,greedy,second,48,7,0,21,27,0,0.000000,16,11,11,7,5,41,22,27,12,19,0,False
greedy,mcts,11,greedy,mcts,first,36,9,2,27,9,0,0.000000,16,13,5,9,7,36,22,19,14,22,0,False
greedy,mcts,11,mcts,greedy,second,65,10,2,30,35,0,0.000000,9,10,12,10,9,37,20,20,16,22,0,False
greedy,mcts,12,greedy,mcts,first,2,0,0,0,2,46,0.920000,2,1,1,0,0,2,1,1,50,0,93,True
greedy,mcts,12,mcts,greedy,second,0,0,0,0,0,47,0.940000,3,0,0,0,0,3,0,0,50,0,93,True
greedy,mcts,13,greedy,mcts,first,40,11,2,33,7,0,0.000000,10,9,10,11,10,45,19,18,14,13,0,False
greedy,mcts,13,mcts,greedy,second,57,9,1,27,30,0,0.000000,17,11,9,9,4,45,20,17,11,9,0,False
greedy,mcts,14,greedy,mcts,first,38,12,2,36,2,0,0.000000,14,12,4,12,8,34,20,30,13,21,0,False
greedy,mcts,14,mcts,greedy,second,63,8,1,24,39,0,0.000000,14,10,11,8,7,35,17,31,12,22,0,False
greedy,mcts,15,greedy,mcts,first,54,16,3,48,6,0,0.000000,10,15,4,16,5,40,25,29,18,17,0,False
greedy,mcts,15,mcts,greedy,second,48,4,0,12,36,0,0.000000,17,8,12,4,9,39,16,30,8,24,0,False
greedy,mcts,16,greedy,mcts,first,36,9,2,27,9,0,0.000000,11,16,7,9,7,45,20,25,9,15,0,False
greedy,mcts,16,mcts,greedy,second,64,9,0,27,37,0,0.000000,18,6,8,9,9,45,19,24,11,18,0,False
greedy,mcts,17,greedy,mcts,first,1,0,0,0,1,46,0.920000,1,0,3,0,0,1,0,3,50,4,92,True
greedy,mcts,17,mcts,greedy,second,3,1,1,3,0,46,0.920000,1,1,0,1,1,1,1,0,50,4,92,True
greedy,mcts,18,greedy,mcts,first,51,12,5,36,15,9,0.180000,11,11,4,12,3,32,18,20,25,15,19,True
greedy,mcts,18,mcts,greedy,second,28,3,0,9,19,10,0.200000,10,7,11,3,9,31,14,25,22,16,19,True
greedy,mcts,19,greedy,mcts,first,2,0,0,0,2,47,0.940000,2,0,1,0,0,2,0,1,50,0,94,True
greedy,mcts,19,mcts,greedy,second,0,0,0,0,0,47,0.940000,1,1,1,0,0,1,1,1,50,0,94,True
greedy,mcts,20,greedy,mcts,first,49,12,1,36,13,0,0.000000,15,9,7,12,7,43,17,23,14,17,0,False
greedy,mcts,20,mcts,greedy,second,46,5,1,15,31,0,0.000000,14,12,12,5,7,43,17,27,9,14,0,False
greedy,mcts,21,greedy,mcts,first,30,9,0,27,3,0,0.000000,13,11,9,9,8,40,21,29,12,16,0,False
greedy,mcts,21,mcts,greedy,second,73,10,0,30,43,0,0.000000,14,13,5,10,8,42,19,28,16,14,0,False
greedy,mcts,22,greedy,mcts,first,6,2,2,6,0,47,0.940000,0,1,0,2,0,0,1,3,2,48,94,True
greedy,mcts,22,mcts,greedy,second,0,0,0,0,0,47,0.940000,0,1,2,0,0,0,1,3,2,48,94,True
greedy,mcts,23,greedy,mcts,first,37,12,1,36,1,0,0.000000,10,18,6,12,4,44,26,23,14,9,0,False
greedy,mcts,23,mcts,greedy,second,65,7,1,21,44,0,0.000000,16,5,11,7,11,45,16,27,13,15,0,False
greedy,mcts,24,greedy,mcts,first,40,11,1,33,7,0,0.000000,14,13,8,11,4,42,24,23,15,14,0,False
greedy,mcts,24,mcts,greedy,second,66,9,0,27,39,0,0.000000,13,8,9,9,11,39,20,25,14,18,0,False
greedy,mcts,25,greedy,mcts,first,43,10,0,30,13,0,0.000000,12,15,5,10,8,40,22,30,11,18,0,False
greedy,mcts,25,mcts,greedy,second,52,9,0,27,25,0,0.000000,15,7,11,9,8,39,22,30,11,16,0,False
greedy,mcts,26,greedy,mcts,first,52,13,4,39,13,0,0.000000,10,10,10,13,7,38,25,29,14,16,0,False
greedy,mcts,26,mcts,greedy,second,43,5,1,15,28,0,0.000000,16,13,7,5,9,39,28,24,9,18,0,False
greedy,mcts,27,greedy,mcts,first,37,11,3,33,4,0,0.000000,15,12,8,11,4,40,17,29,16,14,0,False
greedy,mcts,27,mcts,greedy,second,64,9,1,27,37,0,0.000000,13,10,10,9,8,37,21,30,13,19,0,False
greedy,mcts,28,greedy,mcts,first,68,16,3,48,20,0,0.000000,13,7,7,16,7,32,18,30,18,13,0,False
greedy,mcts,28,mcts,greedy,second,35,3,0,9,26,0,0.000000,13,14,11,3,9,37,19,31,7,13,0,False
greedy,mcts,29,greedy,mcts,first,3,1,1,3,0,48,0.960000,0,1,0,1,0,1,1,0,50,0,96,True
greedy,mcts,29,mcts,greedy,second,0,0,0,0,0,48,0.960000,2,0,0,0,0,2,0,0,50,0,96,True
greedy,minimax,0,greedy,minimax,first,16,4,0,12,4,0,0.000000,18,12,9,4,7,32,15,44,6,9,0,False
greedy,minimax,0,minimax,greedy,second,87,16,3,48,39,0,0.000000,13,9,3,16,9,29,14,44,16,11,0,False
greedy,minimax,1,greedy,minimax,first,41,11,1,33,8,0,0.000000,7,14,12,11,6,27,24,38,16,10,0,False
greedy,minimax,1,minimax,greedy,second,64,9,0,27,37,0,0.000000,21,9,2,9,9,35,23,39,11,13,0,False
greedy,minimax,2,greedy,minimax,first,37,11,1,33,4,0,0.000000,10,7,11,11,11,29,21,39,13,11,0,False
greedy,minimax,2,minimax,greedy,second,71,9,0,27,44,0,0.000000,17,14,5,9,5,28,28,38,12,5,0,False
greedy,minimax,3,greedy,minimax,first,35,11,0,33,2,0,0.000000,11,11,10,11,7,31,20,40,13,9,0,False
greedy,minimax,3,minimax,greedy,second,67,8,0,24,43,0,0.000000,19,12,4,8,7,34,24,40,9,8,0,False
greedy,minimax,4,greedy,minimax,first,25,8,0,24,1,0,0.000000,8,15,12,8,7,38,23,37,8,7,0,False
greedy,minimax,4,minimax,greedy,second,79,11,0,33,46,0,0.000000,19,9,4,11,7,42,17,32,11,8,0,False
greedy,minimax,5,greedy,minimax,first,49,12,0,36,13,0,0.000000,12,12,5,12,9,38,20,37,12,11,0,False
greedy,minimax,5,minimax,greedy,second,46,6,0,18,28,0,0.000000,18,11,9,6,6,37,16,40,11,9,0,False
greedy,minimax,6,greedy,minimax,first,28,8,0,24,4,0,0.000000,10,18,7,8,7,36,24,38,9,7,0,False
greedy,minimax,6,minimax,greedy,second,69,9,0,27,42,0,0.000000,20,5,7,9,9,38,14,37,10,10,0,False
greedy,minimax,7,greedy,minimax,first,23,7,1,21,2,0,0.000000,11,15,12,7,5,32,17,45,10,7,0,False
greedy,minimax,7,minimax,greedy,second,77,11,0,33,44,0,0.000000,18,7,3,11,11,32,12,42,12,12,0,False
greedy,minimax,8,greedy,minimax,first,0,0,0,0,0,50,1.000000,0,0,0,0,0,0,0,0,50,0,100,True
greedy,minimax,8,minimax,greedy,second,0,0,0,0,0,50,1.000000,0,0,0,0,0,0,0,0,50,0,100,True
greedy,minimax,9,greedy,minimax,first,29,7,2,21,8,0,0.000000,13,10,11,7,9,36,21,31,8,11,0,False
greedy,minimax,9,minimax,greedy,second,73,11,0,33,40,0,0.000000,15,13,5,11,6,36,25,32,13,7,0,False
greedy,minimax,10,greedy,minimax,first,48,13,2,39,9,0,0.000000,14,10,7,13,6,35,17,37,13,10,0,False
greedy,minimax,10,minimax,greedy,second,50,6,0,18,32,0,0.000000,15,13,7,6,9,38,19,38,8,14,0,False
greedy,minimax,11,greedy,minimax,first,40,10,1,30,10,0,0.000000,14,11,8,10,7,28,18,40,10,8,0,False
greedy,minimax,11,minimax,greedy,second,59,9,0,27,32,0,0.000000,17,11,5,9,8,33,17,41,9,9,0,False
greedy,minimax,12,greedy,minimax,first,58,15,3,45,13,0,0.000000,8,14,8,15,5,32,25,36,17,7,0,False
greedy,minimax,12,minimax,greedy,second,45,5,0,15,30,0,0.000000,20,9,5,5,11,37,20,34,10,12,0,False
greedy,minimax,13,greedy,minimax,first,38,11,0,33,5,0,0.000000,11,11,9,11,8,35,20,43,14,9,0,False
greedy,minimax,13,minimax,greedy,second,67,8,1,24,43,0,0.000000,16,10,8,8,8,34,18,42,9,10,0,False
greedy,minimax,14,greedy,minimax,first,39,9,1,27,12,0,0.000000,13,11,8,9,9,30,16,40,10,13,0,False
greedy,minimax,14,minimax,greedy,second,53,10,2,30,23,0,0.000000,13,12,9,10,6,32,20,39,10,10,0,False
greedy,minimax,15,greedy,minimax,first,32,10,2,30,2,0,0.000000,12,16,5,10,7,32,17,46,13,7,0,False
greedy,minimax,15,minimax,greedy,second,72,10,1,30,42,0,0.000000,16,7,10,10,7,33,15,47,11,8,0,False
greedy,minimax,16,greedy,minimax,first,35,9,0,27,8,0,0.000000,11,12,12,9,6,37,21,42,9,7,0,False
greedy,minimax,16,minimax,greedy,second,66,9,0,27,39,0,0.000000,17,10,4,9,10,38,22,37,9,12,0,False
greedy,minimax,17,greedy,minimax,first,29,8,0,24,5,0,0.000000,11,13,8,8,10,28,25,39,14,11,0,False
greedy,minimax,17,minimax,greedy,second,68,11,1,33,35,0,0.000000,17,10,6,11,6,32,27,38,13,9,0,False
greedy,minimax,18,greedy,minimax,first,33,6,2,18,15,0,0.000000,7,16,13,6,8,33,19,41,10,10,0,False
greedy,minimax,18,minimax,greedy,second,69,13,0,39,30,0,0.000000,19,6,5,13,7,36,14,39,15,9,0,False
greedy,minimax,19,greedy,minimax,first,36,11,2,33,3,0,0.000000,9,13,10,11,7,34,17,38,16,9,0,False
greedy,minimax,19,minimax,greedy,second,64,8,2,24,40,0,0.000000,18,7,8,8,9,36,14,39,11,9,0,False
greedy,minimax,20,greedy,minimax,first,37,11,0,33,4,0,0.000000,10,11,10,11,8,37,21,42,12,10,0,False
greedy,minimax,20,minimax,greedy,second,66,8,0,24,42,0,0.000000,18,10,6,8,8,37,22,41,9,11,0,False
greedy,minimax,21,greedy,minimax,first,24,5,1,15,9,0,0.000000,11,17,8,5,9,39,28,33,9,11,0,False
greedy,minimax,21,minimax,greedy,second,76,14,1,42,34,0,0.000000,18,5,7,14,6,40,20,34,16,6,0,False
greedy,minimax,22,greedy,minimax,first,36,11,2,33,3,0,0.000000,11,13,10,11,5,29,21,40,12,15,0,False
greedy,minimax,22,minimax,greedy,second,66,8,0,24,42,0,0.000000,17,10,6,8,9,30,21,39,11,16,0,False
greedy,minimax,23,greedy,minimax,first,26,7,0,21,5,0,0.000000,13,12,9,7,9,36,16,40,8,12,0,False
greedy,minimax,23,minimax,greedy,second,80,12,0,36,44,0,0.000000,16,10,5,12,7,35,14,38,14,10,0,False
greedy,minimax,24,greedy,minimax,first,28,8,1,24,4,0,0.000000,11,13,11,8,7,44,20,35,10,12,0,False
greedy,minimax,24,minimax,greedy,second,70,11,0,33,37,0,0.000000,16,9,5,11,9,42,15,33,12,15,0,False
greedy,minimax,25,greedy,minimax,first,39,10,0,30,9,0,0.000000,12,11,9,10,8,37,19,37,10,14,0,False
greedy,minimax,25,minimax,greedy,second,57,8,1,24,33,0,0.000000,17,10,7,8,8,34,21,38,8,11,0,False
greedy,minimax,26,greedy,minimax,first,34,9,2,27,7,0,0.000000,18,9,8,9,6,40,18,36,12,6,0,False
greedy,minimax,26,minimax,greedy,second,67,10,2,30,37,0,0.000000,10,11,9,10,10,34,20,34,13,12,0,False
greedy,minimax,27,greedy,minimax,first,61,14,1,42,19,0,0.000000,11,11,7,14,7,30,19,40,15,8,0,False
greedy,minimax,27,minimax,greedy,second,40,5,0,15,25,0,0.000000,17,13,8,5,7,36,21,41,7,9,0,False
greedy,minimax,28,greedy,minimax,first,49,13,0,39,10,0,0.000000,9,11,11,13,6,37,26,36,14,10,0,False
greedy,minimax,28,minimax,greedy,second,55,7,2,21,34,0,0.000000,18,11,4,7,10,41,21,33,8,16,0,False
greedy,minimax,29,greedy,minimax,first,36,11,4,33,3,0,0.000000,7,15,9,11,8,37,22,37,12,8,0,False
greedy,minimax,29,minimax,greedy,second,64,8,1,24,40,0,0.000000,22,7,6,8,7,41,19,35,12,8,0,False
greedy,random,0,greedy,random,first,83,18,8,54,29,0,0.000000,11,7,6,18,8,39,21,22,21,16,0,False
greedy,random,0,random,greedy,second,7,1,0,3,4,0,0.000000,16,17,13,1,3,40,21,24,16,17,0,False
greedy,random,1,greedy,random,first,99,20,2,60,39,0,0.000000,7,14,2,20,7,40,22,20,22,17,0,False
greedy,random,1,random,greedy,second,6,0,0,0,6,0,0.000000,17,9,16,0,8,40,21,23,13,15,0,False
greedy,random,2,greedy,random,first,71,16,3,48,23,0,0.000000,12,6,6,16,10,39,25,22,23,18,0,False
greedy,random,2,random,greedy,second,14,2,0,6,8,0,0.000000,14,18,12,2,4,33,27,20,19,15,0,False
greedy,random,3,greedy,random,first,71,14,3,42,29,0,0.000000,12,14,5,14,5,43,18,21,17,17,0,False
greedy,random,3,random,greedy,second,19,4,0,12,7,0,0.000000,17,8,14,4,7,43,17,27,10,15,0,False
greedy,random,4,greedy,random,first,83,19,1,57,26,0,0.000000,10,7,5,19,9,34,22,29,23,20,0,False
greedy,random,4,random,greedy,second,10,0,0,0,10,0,0.000000,16,14,14,0,6,35,25,27,16,17,0,False
greedy,random,5,greedy,random,first,60,14,4,42,18,0,0.000000,12,11,4,14,9,34,22,30,17,19,0,False
greedy,random,5,random,greedy,second,24,1,1,3,21,0,0.000000,19,12,13,1,5,36,16,33,13,15,0,False
greedy,random,6,greedy,random,first,84,18,4,54,30,0,0.000000,11,9,5,18,7,34,26,24,22,21,0,False
greedy,random,6,random,greedy,second,4,0,0,0,4,0,0.000000,17,14,14,0,5,34,25,25,14,23,0,False
greedy,random,7,greedy,random,first,76,19,0,57,19,0,0.000000,11,9,3,19,8,37,19,21,22,17,0,False
greedy,random,7,random,greedy,second,16,1,0,3,13,0,0.000000,15,13,14,1,7,38,21,27,14,14,0,False
greedy,random,8,greedy,random,first,0,0,0,0,0,50,1.000000,0,0,0,0,0,0,0,0,50,0,100,True
greedy,random,8,random,greedy,second,0,0,0,0,0,50,1.000000,0,0,0,0,0,0,0,0,50,0,100,True
greedy,random,9,greedy,random,first,76,16,5,48,28,0,0.000000,14,9,4,16,7,44,22,19,19,17,0,False
greedy,random,9,random,greedy,second,7,0,0,0,7,0,0.000000,16,12,15,0,7,40,21,24,12,19,0,False
greedy,random,10,greedy,random,first,76,18,1,54,22,0,0.000000,11,8,3,18,10,30,18,25,19,26,0,False
greedy,random,10,random,greedy,second,9,0,0,0,9,0,0.000000,14,15,15,0,6,34,18,28,14,22,0,False
greedy,random,11,greedy,random,first,88,18,3,54,34,0,0.000000,12,9,3,18,8,39,19,16,21,22,0,False
greedy,random,11,random,greedy,second,3,0,0,0,3,0,0.000000,18,12,15,0,5,37,20,19,16,18,0,False
greedy,random,12,greedy,random,first,82,18,4,54,28,0,0.000000,11,9,3,18,9,31,24,23,25,19,0,False
greedy,random,12,random,greedy,second,4,0,0,0,4,0,0.000000,19,13,15,0,3,37,20,26,15,16,0,False
greedy,random,13,greedy,random,first,74,17,5,51,23,0,0.000000,13,9,4,17,7,37,20,27,21,18,0,False
greedy,random,13,random,greedy,second,7,0,0,0,7,0,0.000000,16,12,15,0,7,34,25,28,16,18,0,False
greedy,random,14,greedy,random,first,72,16,1,48,24,0,0.000000,10,8,7,16,9,31,18,23,18,24,0,False
greedy,random,14,random,greedy,second,16,2,1,6,10,0,0.000000,15,15,12,2,6,35,23,23,13,24,0,False
greedy,random,15,greedy,random,first,87,18,3,54,33,0,0.000000,16,6,4,18,6,43,17,21,25,13,0,False
greedy,random,15,random,greedy,second,6,0,0,0,6,0,0.000000,11,16,13,0,10,42,20,22,15,15,0,False
greedy,random,16,greedy,random,first,81,18,5,54,27,0,0.000000,7,9,5,18,11,39,23,15,24,24,0,False
greedy,random,16,random,greedy,second,11,0,0,0,11,0,0.000000,23,13,10,0,4,39,24,16,18,20,0,False
greedy,random,17,greedy,random,first,72,15,2,45,27,0,0.000000,12,12,3,15,8,38,19,16,19,27,0,False
greedy,random,17,random,greedy,second,19,5,0,15,4,0,0.000000,18,8,14,5,5,36,18,21,19,23,0,False
greedy,random,18,greedy,random,first,80,17,6,51,29,0,0.000000,7,13,5,17,8,41,26,18,21,21,0,False
greedy,random,18,random,greedy,second,18,3,0,9,9,0,0.000000,19,11,11,3,6,41,22,21,19,18,0,False
greedy,random,19,greedy,random,first,77,18,2,54,23,0,0.000000,14,6,6,18,6,33,18,22,24,18,0,False
greedy,random,19,random,greedy,second,12,0,0,0,12,0,0.000000,15,16,12,0,7,33,24,25,18,18,0,False
greedy,random,20,greedy,random,first,77,18,1,54,23,0,0.000000,9,13,5,18,5,37,21,20,22,20,0,False
greedy,random,20,random,greedy,second,9,0,0,0,9,0,0.000000,19,10,13,0,8,37,20,24,14,19,0,False
greedy,random,21,greedy,random,first,72,17,3,51,21,0,0.000000,9,11,4,17,9,32,26,12,22,26,0,False
greedy,random,21,random,greedy,second,13,1,0,3,10,0,0.000000,20,11,12,1,6,36,24,15,17,21,0,False
greedy,random,22,greedy,random,first,79,17,4,51,28,0,0.000000,12,10,2,17,9,35,32,14,21,18,0,False
greedy,random,22,random,greedy,second,13,1,0,3,10,0,0.000000,16,12,15,1,6,37,32,18,12,14,0,False
greedy,random,23,greedy,random,first,3,1,1,3,0,48,0.960000,0,1,0,1,0,0,1,1,49,50,97,True
greedy,random,23,random,greedy,second,0,0,0,0,0,49,0.980000,0,0,1,0,0,0,0,1,50,50,97,True
greedy,random,24,greedy,random,first,82,17,0,51,31,0,0.000000,10,12,4,17,7,36,20,17,23,19,0,False
greedy,random,24,random,greedy,second,6,1,0,3,3,0,0.000000,18,9,15,1,7,37,19,23,14,18,0,False
greedy,random,25,greedy,random,first,74,16,1,48,26,0,0.000000,10,9,3,16,12,33,26,20,21,24,0,False
greedy,random,25,random,greedy,second,5,0,0,0,5,0,0.000000,17,14,16,0,3,33,30,25,17,20,0,False
greedy,random,26,greedy,random,first,75,18,4,54,21,0,0.000000,5,10,4,18,13,45,15,22,21,23,0,False
greedy,random,26,random,greedy,second,6,0,0,0,6,0,0.000000,20,13,14,0,3,45,21,25,13,14,0,False
greedy,random,27,greedy,random,first,60,15,3,45,15,0,0.000000,13,5,5,15,12,34,16,16,29,24,0,False
greedy,random,27,random,greedy,second,16,1,0,3,13,0,0.000000,15,17,13,1,4,32,22,18,22,22,0,False
greedy,random,28,greedy,random,first,85,17,1,51,34,0,0.000000,9,12,2,17,10,32,20,30,20,23,0,False
greedy,random,28,random,greedy,second,6,0,0,0,6,0,0.000000,18,10,16,0,6,35,23,32,13,21,0,False
greedy,random,29,greedy,random,first,3,1,1,3,0,48,0.960000,0,1,0,1,0,1,1,0,50,0,96,True
greedy,random,29,random,greedy,second,0,0,0,0,0,48,0.960000,2,0,0,0,0,2,0,0,50,0,96,True
greedy,rule,0,greedy,rule,first,31,8,1,24,7,0,0.000000,11,14,7,8,10,33,16,42,9,10,0,False
greedy,rule,0,rule,greedy,second,76,11,0,33,43,0,0.000000,20,7,7,11,5,33,11,43,12,7,0,False
greedy,rule,1,greedy,rule,first,41,13,2,39,2,0,0.000000,11,13,6,13,7,33,20,36,14,15,0,False
greedy,rule,1,rule,greedy,second,63,6,1,18,45,0,0.000000,17,9,10,6,8,37,21,37,9,16,0,False
greedy,rule,2,greedy,rule,first,36,9,1,27,9,0,0.000000,10,16,7,9,8,42,23,33,13,14,0,False
greedy,rule,2,rule,greedy,second,71,11,1,33,38,0,0.000000,15,7,11,11,6,42,15,32,14,13,0,False
greedy,rule,3,greedy,rule,first,41,13,0,39,2,0,0.000000,12,11,10,13,4,31,16,41,16,9,0,False
greedy,rule,3,rule,greedy,second,68,7,0,21,47,0,0.000000,16,10,6,7,11,31,16,43,8,14,0,False
greedy,rule,4,greedy,rule,first,33,7,0,21,12,0,0.000000,11,15,9,7,8,29,28,37,8,11,0,False
greedy,rule,4,rule,greedy,second,74,12,0,36,38,0,0.000000,16,9,7,12,6,31,25,34,15,9,0,False
greedy,rule,5,greedy,rule,first,34,11,0,33,1,0,0.000000,13,13,6,11,7,27,24,39,11,15,0,False
greedy,rule,5,rule,greedy,second,65,6,0,18,47,0,0.000000,15,10,12,6,7,30,18,41,10,12,0,False
greedy,rule,6,greedy,rule,first,47,13,0,39,8,0,0.000000,13,12,6,13,6,38,20,32,15,15,0,False
greedy,rule,6,rule,greedy,second,64,7,0,21,43,0,0.000000,12,11,10,7,10,36,17,35,12,18,0,False
greedy,rule,7,greedy,rule,first,40,13,0,39,1,0,0.000000,9,11,10,13,7,36,18,36,16,13,0,False
greedy,rule,7,rule,greedy,second,66,6,0,18,48,0,0.000000,19,9,7,6,9,38,18,34,10,15,0,False
greedy,rule,8,greedy,rule,first,0,0,0,0,0,50,1.000000,0,0,0,0,0,0,0,0,50,0,100,True
greedy,rule,8,rule,greedy,second,0,0,0,0,0,50,1.000000,0,0,0,0,0,0,0,0,50,0,100,True
greedy,rule,9,greedy,rule,first,24,7,1,21,3,0,0.000000,14,13,11,7,5,41,16,28,8,8,0,False
greedy,rule,9,rule,greedy,second,79,11,0,33,46,0,0.000000,16,10,2,11,11,43,14,26,13,12,0,False
greedy,rule,10,greedy,rule,first,44,12,1,36,8,0,0.000000,10,12,10,12,6,44,25,20,12,10,0,False
greedy,rule,10,rule,greedy,second,63,6,0,18,45,0,0.000000,18,10,7,6,9,47,27,24,7,12,0,False
greedy,rule,11,greedy,rule,first,32,10,0,30,2,0,0.000000,13,12,9,10,6,42,16,21,10,10,0,False
greedy,rule,11,rule,greedy,second,75,9,0,27,48,0,0.000000,13,9,10,9,9,43,17,24,9,10,0,False
greedy,rule,12,greedy,rule,first,46,14,2,42,4,0,0.000000,12,12,7,14,5,41,20,31,16,9,0,False
greedy,rule,12,rule,greedy,second,61,6,0,18,43,0,0.000000,13,11,9,6,11,42,18,31,11,12,0,False
greedy,rule,13,greedy,rule,first,30,10,0,30,0,0,0.000000,12,12,7,10,9,30,16,42,12,13,0,False
greedy,rule,13,rule,greedy,second,76,9,1,27,49,0,0.000000,16,11,7,9,7,32,16,42,10,10,0,False
greedy,rule,14,greedy,rule,first,15,5,1,15,0,0,0.000000,12,14,11,5,8,24,21,43,11,13,0,False
greedy,rule,14,rule,greedy,second,92,14,1,42,50,0,0.000000,13,9,6,14,8,28,19,41,15,11,0,False
greedy,rule,15,greedy,rule,first,34,11,1,33,1,0,0.000000,12,11,8,11,8,39,16,36,13,9,0,False
greedy,rule,15,rule,greedy,second,77,9,0,27,50,0,0.000000,15,12,8,9,6,36,20,36,10,8,0,False
greedy,rule,16,greedy,rule,first,27,8,0,24,3,0,0.000000,13,13,9,8,7,40,14,40,12,9,0,False
greedy,rule,16,rule,greedy,second,76,11,0,33,43,0,0.000000,13,8,9,11,9,39,11,37,15,12,0,False
greedy,rule,17,greedy,rule,first,21,7,1,21,0,0,0.000000,13,11,10,7,9,34,16,34,10,19,0,False
greedy,rule,17,rule,greedy,second,77,11,2,33,44,0,0.000000,14,11,7,11,7,37,20,32,15,17,0,False
greedy,rule,18,greedy,rule,first,33,8,1,24,9,0,0.000000,15,11,8,8,8,46,19,23,9,13,0,False
greedy,rule,18,rule,greedy,second,72,11,0,33,39,0,0.000000,10,10,11,11,8,46,18,24,13,10,0,False
greedy,rule,19,greedy,rule,first,53,12,2,36,17,0,0.000000,13,11,6,12,8,38,14,33,15,10,0,False
greedy,rule,19,rule,greedy,second,53,7,2,21,32,0,0.000000,14,11,10,7,8,41,14,36,9,8,0,False
greedy,rule,20,greedy,rule,first,35,11,0,33,2,0,0.000000,16,8,7,11,8,32,16,40,13,10,0,False
greedy,rule,20,rule,greedy,second,64,6,0,18,46,0,0.000000,14,13,9,6,8,33,20,40,9,10,0,False
greedy,rule,21,greedy,rule,first,18,6,0,18,0,0,0.000000,13,16,6,6,9,38,21,28,9,15,0,False
greedy,rule,21,rule,greedy,second,91,14,0,42,49,0,0.000000,13,7,11,14,5,37,15,34,17,10,0,False
greedy,rule,22,greedy,rule,first,45,12,1,36,9,0,0.000000,13,9,8,12,8,30,12,36,12,12,0,False
greedy,rule,22,rule,greedy,second,59,8,0,24,35,0,0.000000,16,13,6,8,7,32,16,36,11,11,0,False
greedy,rule,23,greedy,rule,first,24,8,1,24,0,0,0.000000,12,17,8,8,5,31,24,36,9,10,0,False
greedy,rule,23,rule,greedy,second,75,10,0,30,45,0,0.000000,17,5,7,10,11,30,16,35,12,15,0,False
greedy,rule,24,greedy,rule,first,30,8,1,24,6,0,0.000000,10,13,12,8,7,44,19,30,11,12,0,False
greedy,rule,24,rule,greedy,second,76,12,0,36,40,0,0.000000,16,9,6,12,7,41,17,31,13,11,0,False
greedy,rule,25,greedy,rule,first,32,10,0,30,2,0,0.000000,13,15,5,10,7,41,16,32,10,13,0,False
greedy,rule,25,rule,greedy,second,70,8,1,24,46,0,0.000000,15,8,10,8,9,41,14,33,8,14,0,False
greedy,rule,26,greedy,rule,first,34,10,1,30,4,0,0.000000,14,10,13,10,3,43,15,39,11,6,0,False
greedy,rule,26,rule,greedy,second,71,9,0,27,44,0,0.000000,13,13,3,9,12,41,16,35,10,13,0,False
greedy,rule,27,greedy,rule,first,40,12,0,36,4,0,0.000000,12,13,8,12,5,30,20,38,15,11,0,False
greedy,rule,27,rule,greedy,second,69,8,0,24,45,0,0.000000,16,10,6,8,10,30,21,38,10,15,0,False
greedy,rule,28,greedy,rule,first,40,13,0,39,1,0,0.000000,8,14,8,13,7,42,19,28,14,11,0,False
greedy,rule,28,rule,greedy,second,69,7,1,21,48,0,0.000000,20,7,7,7,9,42,14,30,8,15,0,False
greedy,rule,29,greedy,rule,first,44,14,3,42,2,0,0.000000,12,12,10,14,2,38,15,33,16,11,0,False
greedy,rule,29,rule,greedy,second,59,5,0,15,44,0,0.000000,15,11,6,5,13,40,15,32,11,18,0,False
mcts,expectimax,0,mcts,expectimax,first,39,6,1,18,21,0,0.000000,11,14,12,6,7,36,32,30,11,14,0,False
mcts,expectimax,0,expectimax,mcts,second,63,13,2,39,24,0,0.000000,17,7,5,13,8,36,27,28,14,17,0,False
mcts,expectimax,1,mcts,expectimax,first,41,7,0,21,20,0,0.000000,12,11,14,7,6,37,23,36,12,11,0,False
mcts,expectimax,1,expectimax,mcts,second,62,11,3,33,29,0,0.000000,20,10,1,11,8,39,27,36,13,12,0,False
mcts,expectimax,2,mcts,expectimax,first,61,8,0,24,37,0,0.000000,11,11,9,8,11,36,25,28,14,17,0,False
mcts,expectimax,2,expectimax,mcts,second,41,11,2,33,8,0,0.000000,18,9,8,11,4,36,27,29,13,14,0,False
mcts,expectimax,3,mcts,expectimax,first,52,10,0,30,22,0,0.000000,16,9,10,10,5,35,19,34,16,17,0,False
mcts,expectimax,3,expectimax,mcts,second,47,8,1,24,23,0,0.000000,13,14,6,8,9,35,24,33,12,18,0,False
mcts,expectimax,4,mcts,expectimax,first,37,6,0,18,19,0,0.000000,13,14,12,6,5,37,22,32,15,12,0,False
mcts,expectimax,4,expectimax,mcts,second,66,14,1,42,24,0,0.000000,15,8,4,14,9,40,20,28,19,15,0,False
mcts,expectimax,5,mcts,expectimax,first,66,10,1,30,36,0,0.000000,11,10,12,10,7,38,22,39,15,11,0,False
mcts,expectimax,5,expectimax,mcts,second,41,9,6,27,14,0,0.000000,17,12,4,9,8,42,22,39,12,10,0,False
mcts,expectimax,6,mcts,expectimax,first,62,9,0,27,35,0,0.000000,11,11,10,9,9,41,24,33,11,12,0,False
mcts,expectimax,6,expectimax,mcts,second,46,10,0,30,16,0,0.000000,18,10,5,10,7,41,22,33,13,10,0,False
mcts,expectimax,7,mcts,expectimax,first,43,6,0,18,25,0,0.000000,12,15,10,6,7,32,26,25,18,14,0,False
mcts,expectimax,7,expectimax,mcts,second,67,13,5,39,28,0,0.000000,16,7,5,13,9,32,25,24,23,14,0,False
mcts,expectimax,8,mcts,expectimax,first,0,0,0,0,0,50,1.000000,0,0,0,0,0,0,0,0,50,0,100,True
mcts,expectimax,8,expectimax,mcts,second,0,0,0,0,0,50,1.000000,0,0,0,0,0,0,0,0,50,0,100,True
mcts,expectimax,9,mcts,expectimax,first,41,6,2,18,23,0,0.000000,17,10,10,6,7,40,27,21,18,13,0,False
mcts,expectimax,9,expectimax,mcts,second,70,13,5,39,31,0,0.000000,13,12,4,13,8,43,25,21,19,12,0,False
mcts,expectimax,10,mcts,expectimax,first,48,10,2,30,18,0,0.000000,5,15,12,10,8,33,28,31,12,14,0,False
mcts,expectimax,10,expectimax,mcts,second,54,9,1,27,27,0,0.000000,23,8,3,9,7,41,24,31,12,15,0,False
mcts,expectimax,11,mcts,expectimax,first,44,7,1,21,23,0,0.000000,12,15,9,7,7,28,24,28,18,16,0,False
mcts,expectimax,11,expectimax,mcts,second,62,12,1,36,26,0,0.000000,17,8,5,12,8,31,23,30,16,15,0,False
mcts,expectimax,12,mcts,expectimax,first,0,0,0,0,0,46,0.920000,2,1,1,0,0,2,1,1,50,0,93,True
mcts,expectimax,12,expectimax,mcts,second,1,0,0,0,1,47,0.940000,3,0,0,0,0,3,0,0,50,0,93,True
mcts,expectimax,13,mcts,expectimax,first,10,2,0,6,4,34,0.680000,5,3,3,2,3,13,11,7,40,3,68,True
mcts,expectimax,13,expectimax,mcts,second,18,3,0,9,9,34,0.680000,5,4,3,3,1,11,11,8,40,2,68,True
mcts,expectimax,14,mcts,expectimax,first,50,9,1,27,23,0,0.000000,13,9,11,9,8,30,31,30,14,10,0,False
mcts,expectimax,14,expectimax,mcts,second,55,10,1,30,25,0,0.000000,14,12,6,10,8,32,33,29,15,10,0,False
mcts,expectimax,15,mcts,expectimax,first,46,4,0,12,34,0,0.000000,8,17,10,4,11,35,28,25,18,18,0,False
mcts,expectimax,15,expectimax,mcts,second,60,15,0,45,15,0,0.000000,17,7,6,15,5,39,24,23,21,13,0,False
mcts,expectimax,16,mcts,expectimax,first,53,9,0,27,26,0,0.000000,17,9,10,9,5,37,18,32,10,11,0,False
mcts,expectimax,16,expectimax,mcts,second,57,10,5,30,27,0,0.000000,12,12,5,10,11,37,22,31,10,16,0,False
mcts,expectimax,17,mcts,expectimax,first,3,1,0,3,0,44,0.880000,2,1,2,1,0,5,1,3,49,1,89,True
mcts,expectimax,17,expectimax,mcts,second,3,1,0,3,0,45,0.900000,2,0,1,1,1,4,1,2,49,1,89,True
mcts,expectimax,18,mcts,expectimax,first,50,6,2,18,32,0,0.000000,13,9,13,6,9,28,27,34,14,22,0,False
mcts,expectimax,18,expectimax,mcts,second,54,13,4,39,15,0,0.000000,14,14,3,13,6,34,28,33,17,17,0,False
mcts,expectimax,19,mcts,expectimax,first,39,7,0,21,18,0,0.000000,11,12,12,7,8,31,33,20,14,15,0,False
mcts,expectimax,19,expectimax,mcts,second,63,11,2,33,30,0,0.000000,17,10,5,11,7,35,34,17,14,13,0,False
mcts,expectimax,20,mcts,expectimax,first,36,5,0,15,21,0,0.000000,8,13,15,5,9,32,33,35,10,14,0,False
mcts,expectimax,20,expectimax,mcts,second,70,14,1,42,28,0,0.000000,18,9,4,14,5,32,34,31,16,14,0,False
mcts,expectimax,21,mcts,expectimax,first,31,3,1,9,22,0,0.000000,12,13,14,3,8,30,23,32,8,15,0,False
mcts,expectimax,21,expectimax,mcts,second,65,16,0,48,17,0,0.000000,17,8,3,16,6,34,21,31,19,14,0,False
mcts,expectimax,22,mcts,expectimax,first,50,7,1,21,29,0,0.000000,13,12,11,7,7,35,31,29,11,18,0,False
mcts,expectimax,22,expectimax,mcts,second,57,12,3,36,21,0,0.000000,15,9,6,12,8,34,30,29,14,18,0,False
mcts,expectimax,23,mcts,expectimax,first,1,0,0,0,1,48,0.960000,0,1,1,0,0,0,1,2,49,1,97,True
mcts,expectimax,23,expectimax,mcts,second,1,0,0,0,1,49,0.980000,0,0,0,0,1,0,0,1,50,1,97,True
mcts,expectimax,24,mcts,expectimax,first,0,0,0,0,0,49,0.980000,0,0,1,0,0,0,0,1,49,50,98,True
mcts,expectimax,24,expectimax,mcts,second,0,0,0,0,0,49,0.980000,0,0,1,0,0,0,0,1,49,50,98,True
mcts,expectimax,25,mcts,expectimax,first,56,9,3,27,29,0,0.000000,12,9,13,9,7,38,33,26,15,11,0,False
mcts,expectimax,25,expectimax,mcts,second,52,11,1,33,19,0,0.000000,13,14,4,11,8,35,35,25,12,12,0,False
mcts,expectimax,26,mcts,expectimax,first,56,9,1,27,29,0,0.000000,8,11,15,9,7,37,28,25,12,18,0,False
mcts,expectimax,26,expectimax,mcts,second,48,10,1,30,18,0,0.000000,19,11,3,10,7,37,31,22,11,16,0,False
mcts,expectimax,27,mcts,expectimax,first,55,9,1,27,28,0,0.000000,10,12,11,9,8,36,26,32,17,21,0,False
mcts,expectimax,27,expectimax,mcts,second,53,11,2,33,20,0,0.000000,17,9,5,11,8,37,24,31,16,22,0,False
mcts,expectimax,28,mcts,expectimax,first,37,5,2,15,22,0,0.000000,12,11,13,5,9,31,28,27,12,21,0,False
mcts,expectimax,28,expectimax,mcts,second,57,13,1,39,18,1,0.020000,15,12,3,13,6,31,29,21,19,17,0,False
mcts,expectimax,29,mcts,expectimax,first,47,9,4,27,20,0,0.000000,8,11,14,9,8,32,32,32,15,12,0,False
mcts,expectimax,29,expectimax,mcts,second,49,9,1,27,22,0,0.000000,19,11,3,9,8,34,32,27,17,14,0,False
mcts,greedy,0,mcts,greedy,first,51,5,0,15,36,0,0.000000,15,11,10,5,9,44,16,32,10,12,0,False
mcts,greedy,0,greedy,mcts,second,47,13,2,39,8,0,0.000000,13,11,7,13,6,41,16,29,14,12,0,False
mcts,greedy,1,mcts,greedy,first,65,9,1,27,38,0,0.000000,16,7,12,9,6,40,19,29,16,12,0,False
mcts,greedy,1,greedy,mcts,second,36,10,5,30,6,0,0.000000,14,13,4,10,9,40,23,27,13,12,0,False
mcts,greedy,2,mcts,greedy,first,65,12,1,36,29,0,0.000000,15,6,12,12,5,36,13,34,18,16,0,False
mcts,greedy,2,greedy,mcts,second,32,7,2,21,11,0,0.000000,13,17,6,7,7,42,20,35,11,17,0,False
mcts,greedy,3,mcts,greedy,first,54,6,0,18,36,0,0.000000,16,10,9,6,9,46,21,18,11,17,0,False
mcts,greedy,3,greedy,mcts,second,48,14,2,42,6,0,0.000000,10,12,7,14,7,43,23,21,15,16,0,False
mcts,greedy,4,mcts,greedy,first,52,6,1,18,34,0,0.000000,18,9,8,6,9,34,16,26,11,31,0,False
mcts,greedy,4,greedy,mcts,second,50,14,4,42,8,0,0.000000,10,13,9,14,4,34,17,25,17,27,0,False
mcts,greedy,5,mcts,greedy,first,69,10,3,30,39,0,0.000000,13,9,10,10,8,40,17,30,10,14,0,False
mcts,greedy,5,greedy,mcts,second,23,7,1,21,2,0,0.000000,17,13,7,7,6,40,17,31,11,14,0,False
mcts,greedy,6,mcts,greedy,first,43,6,0,18,25,15,0.300000,6,8,10,6,5,30,13,16,23,12,31,True
mcts,greedy,6,greedy,mcts,second,21,6,2,18,3,16,0.320000,12,8,3,6,5,29,11,12,25,12,31,True
mcts,greedy,7,mcts,greedy,first,53,7,1,21,32,0,0.000000,18,6,10,7,9,36,17,30,16,21,0,False
mcts,greedy,7,greedy,mcts,second,47,11,2,33,14,0,0.000000,11,14,8,11,6,36,24,29,15,19,0,False
mcts,greedy,8,mcts,greedy,first,0,0,0,0,0,50,1.000000,0,0,0,0,0,0,0,0,50,0,100,True
mcts,greedy,8,greedy,mcts,second,0,0,0,0,0,50,1.000000,0,0,0,0,0,0,0,0,50,0,100,True
mcts,greedy,9,mcts,greedy,first,53,5,1,15,38,0,0.000000,13,11,11,5,10,34,25,34,12,15,0,False
mcts,greedy,9,greedy,mcts,second,53,15,2,45,8,0,0.000000,14,11,6,15,4,31,27,32,19,9,0,False
mcts,greedy,10,mcts,greedy,first,68,12,0,36,32,0,0.000000,11,8,9,12,10,43,15,27,13,19,0,False
mcts,greedy,10,greedy,mcts,second,40,8,1,24,16,0,0.000000,16,14,6,8,6,46,20,28,12,14,0,False
mcts,greedy,11,mcts,greedy,first,66,10,1,30,36,0,0.000000,16,8,6,10,10,36,20,25,14,19,0,False
mcts,greedy,11,greedy,mcts,second,36,9,1,27,9,0,0.000000,14,13,11,9,3,39,21,28,9,16,0,False
mcts,greedy,12,mcts,greedy,first,56,9,3,27,29,0,0.000000,13,8,12,9,8,37,18,30,14,21,0,False
mcts,greedy,12,greedy,mcts,second,35,10,2,30,5,0,0.000000,15,13,4,10,8,42,17,24,14,21,0,False
mcts,greedy,13,mcts,greedy,first,49,7,0,21,28,0,0.000000,13,12,10,7,8,31,19,34,13,12,0,False
mcts,greedy,13,greedy,mcts,second,53,11,4,33,20,0,0.000000,17,7,7,11,8,32,18,35,13,16,0,False
mcts,greedy,14,mcts,greedy,first,51,6,0,18,33,0,0.000000,17,7,11,6,9,40,15,25,15,20,0,False
mcts,greedy,14,greedy,mcts,second,38,12,1,36,2,0,0.000000,12,15,5,12,6,39,21,22,19,19,0,False
mcts,greedy,15,mcts,greedy,first,76,10,1,30,46,0,0.000000,10,10,12,10,8,43,13,32,15,13,0,False
mcts,greedy,15,greedy,mcts,second,34,10,0,30,4,0,0.000000,17,12,4,10,7,44,15,29,16,12,0,False
mcts,greedy,16,mcts,greedy,first,64,7,0,21,43,0,0.000000,16,6,12,7,9,43,16,30,9,16,0,False
mcts,greedy,16,greedy,mcts,second,34,10,1,30,4,0,0.000000,13,15,6,10,6,42,21,29,14,18,0,False
mcts,greedy,17,mcts,greedy,first,50,5,0,15,35,0,0.000000,16,8,12,5,9,41,15,23,10,18,0,False
mcts,greedy,17,greedy,mcts,second,53,14,4,42,11,0,0.000000,11,13,5,14,7,42,16,21,15,16,0,False
mcts,greedy,18,mcts,greedy,first,55,6,0,18,37,0,0.000000,12,10,14,6,8,39,24,28,13,18,0,False
mcts,greedy,18,greedy,mcts,second,43,12,2,36,7,0,0.000000,14,12,5,12,7,42,23,24,16,16,0,False
mcts,greedy,19,mcts,greedy,first,64,7,0,21,43,0,0.000000,13,9,16,7,5,42,19,31,16,11,0,False
mcts,greedy,19,greedy,mcts,second,34,11,1,33,1,0,0.000000,14,13,4,11,8,42,21,28,14,13,0,False
mcts,greedy,20,mcts,greedy,first,77,11,0,33,44,0,0.000000,14,7,11,11,7,40,18,27,12,18,0,False
mcts,greedy,20,greedy,mcts,second,25,8,0,24,1,0,0.000000,13,14,8,8,7,43,21,26,9,19,0,False
mcts,greedy,21,mcts,greedy,first,53,9,0,27,26,0,0.000000,9,13,10,9,9,34,26,21,16,22,0,False
mcts,greedy,21,greedy,mcts,second,49,9,0,27,22,0,0.000000,17,11,6,9,7,38,22,18,18,20,0,False
mcts,greedy,22,mcts,greedy,first,64,8,2,24,40,0,0.000000,16,10,9,8,7,39,26,23,10,13,0,False
mcts,greedy,22,greedy,mcts,second,36,11,1,33,3,0,0.000000,11,13,7,11,8,39,29,21,14,13,0,False
mcts,greedy,23,mcts,greedy,first,78,11,1,33,45,0,0.000000,11,10,11,11,7,44,16,28,14,17,0,False
mcts,greedy,23,greedy,mcts,second,24,7,1,21,3,0,0.000000,18,12,6,7,7,41,17,24,12,19,0,False
mcts,greedy,24,mcts,greedy,first,68,8,0,24,44,0,0.000000,16,10,7,8,9,39,16,25,14,20,0,False
mcts,greedy,24,greedy,mcts,second,34,10,0,30,4,0,0.000000,12,14,10,10,4,35,20,28,14,19,0,False
mcts,greedy,25,mcts,greedy,first,71,9,3,27,44,0,0.000000,15,9,9,9,8,47,17,21,12,13,0,False
mcts,greedy,25,greedy,mcts,second,30,8,0,24,6,0,0.000000,12,15,8,8,7,46,19,27,8,10,0,False
mcts,greedy,26,mcts,greedy,first,66,8,1,24,42,0,0.000000,16,5,14,8,7,37,22,32,11,16,0,False
mcts,greedy,26,greedy,mcts,second,40,11,1,33,7,0,0.000000,11,17,2,11,9,34,30,29,12,20,0,False
mcts,greedy,27,mcts,greedy,first,73,12,0,36,37,0,0.000000,12,7,13,12,6,34,18,30,17,15,0,False
mcts,greedy,27,greedy,mcts,second,24,7,2,21,3,0,0.000000,19,14,4,7,6,37,22,30,13,17,0,False
mcts,greedy,28,mcts,greedy,first,71,11,0,33,38,0,0.000000,10,11,8,11,10,42,19,20,13,23,0,False
mcts,greedy,28,greedy,mcts,second,31,8,2,24,7,0,0.000000,16,10,10,8,6,40,17,24,9,20,0,False
mcts,greedy,29,mcts,greedy,first,42,6,2,18,24,0,0.000000,13,13,8,6,10,31,24,33,13,14,0,False
mcts,greedy,29,greedy,mcts,second,53,12,1,36,17,0,0.000000,17,9,7,12,5,34,24,32,19,9,0,False
mcts,mcts,0,mcts,mcts,first,4,0,0,0,4,46,0.920000,2,1,1,0,0,4,1,3,47,0,92,True
mcts,mcts,0,mcts,mcts,second,0,0,0,0,0,46,0.920000,2,0,2,0,0,3,0,4,48,0,92,True
mcts,mcts,1,mcts,mcts,first,65,12,1,36,29,0,0.000000,12,10,8,12,8,39,21,21,23,14,0,False
mcts,mcts,1,mcts,mcts,second,39,7,1,21,18,0,0.000000,14,13,10,7,6,39,24,24,16,13,0,False
mcts,mcts,2,mcts,mcts,first,61,10,2,30,31,0,0.000000,12,12,11,10,5,43,18,25,23,13,0,False
mcts,mcts,2,mcts,mcts,second,45,9,1,27,18,0,0.000000,14,10,7,9,10,41,23,24,20,14,0,False
mcts,mcts,3,mcts,mcts,first,38,7,1,21,17,1,0.020000,16,10,10,7,6,42,18,14,28,10,0,False
mcts,mcts,3,mcts,mcts,second,59,10,4,30,29,0,0.000000,9,14,8,10,9,39,22,13,25,12,0,False
mcts,mcts,4,mcts,mcts,first,2,0,0,0,2,46,0.920000,0,2,2,0,0,1,2,3,47,3,92,True
mcts,mcts,4,mcts,mcts,second,0,0,0,0,0,46,0.920000,1,0,2,0,1,1,1,3,47,4,92,True
mcts,mcts,5,mcts,mcts,first,25,3,1,9,16,31,0.620000,4,5,3,3,4,15,9,10,36,8,62,True
mcts,mcts,5,mcts,mcts,second,10,2,0,6,4,31,0.620000,7,2,5,2,3,16,6,10,36,5,62,True
mcts,mcts,6,mcts,mcts,first,9,2,0,6,3,31,0.620000,4,7,4,2,2,16,10,8,38,5,62,True
mcts,mcts,6,mcts,mcts,second,25,3,0,9,16,31,0.620000,7,2,3,3,4,15,6,6,39,6,62,True
mcts,mcts,7,mcts,mcts,first,15,3,2,9,6,32,0.640000,5,4,3,3,3,14,5,9,43,3,65,True
mcts,mcts,7,mcts,mcts,second,17,2,0,6,11,33,0.660000,5,4,4,2,2,14,7,9,42,3,65,True
mcts,mcts,8,mcts,mcts,first,0,0,0,0,0,50,1.000000,0,0,0,0,0,0,0,0,50,0,100,True
mcts,mcts,8,mcts,mcts,second,0,0,0,0,0,50,1.000000,0,0,0,0,0,0,0,0,50,0,100,True
mcts,mcts,9,mcts,mcts,first,50,8,5,24,26,0,0.000000,17,8,9,8,8,42,19,17,26,14,0,False
mcts,mcts,9,mcts,mcts,second,51,11,2,33,18,0,0.000000,10,14,10,11,5,41,23,22,25,12,0,False
mcts,mcts,10,mcts,mcts,first,2,0,0,0,2,46,0.920000,1,2,0,0,1,2,3,0,48,2,92,True
mcts,mcts,10,mcts,mcts,second,3,1,0,3,0,46,0.920000,2,1,0,1,0,3,2,0,49,1,92,True
mcts,mcts,11,mcts,mcts,first,4,1,0,3,1,42,0.840000,2,4,1,1,0,2,4,1,48,3,83,True
mcts,mcts,11,mcts,mcts,second,3,1,1,3,0,42,0.840000,4,2,0,1,1,4,2,0,48,3,83,True
mcts,mcts,12,mcts,mcts,first,2,0,0,0,2,46,0.920000,2,1,1,0,0,2,1,1,50,0,93,True
mcts,mcts,12,mcts,mcts,second,0,0,0,0,0,47,0.940000,3,0,0,0,0,3,0,0,50,0,93,True
mcts,mcts,13,mcts,mcts,first,1,0,0,0,1,40,0.800000,5,0,4,0,1,9,3,8,44,1,80,True
mcts,mcts,13,mcts,mcts,second,8,1,0,3,5,40,0.800000,2,4,1,1,2,8,5,6,45,2,80,True
mcts,mcts,14,mcts,mcts,first,15,2,0,6,9,34,0.680000,5,2,3,2,4,13,3,8,39,9,69,True
mcts,mcts,14,mcts,mcts,second,13,4,2,12,1,35,0.700000,3,4,4,4,0,12,5,7,41,6,69,True
mcts,mcts,15,mcts,mcts,first,59,8,1,24,35,3,0.060000,13,10,9,8,7,40,18,23,22,18,6,False
mcts,mcts,15,mcts,mcts,second,35,7,2,21,14,3,0.060000,12,12,9,7,7,39,19,23,19,19,6,False
mcts,mcts,16,mcts,mcts,first,9,1,0,3,6,41,0.820000,3,2,2,1,1,8,2,4,47,2,83,True
mcts,mcts,16,mcts,mcts,second,7,1,0,3,4,42,0.840000,3,1,1,1,2,7,1,3,47,3,83,True
mcts,mcts,17,mcts,mcts,first,47,8,5,24,23,0,0.000000,11,11,12,8,8,36,20,26,19,12,0,False
mcts,mcts,17,mcts,mcts,second,59,10,1,30,29,2,0.040000,14,12,5,10,7,38,23,21,24,12,0,False
mcts,mcts,18,mcts,mcts,first,52,8,2,24,28,0,0.000000,13,11,10,8,8,34,19,25,17,13,0,False
mcts,mcts,18,mcts,mcts,second,50,9,0,27,23,0,0.000000,16,10,7,9,8,37,18,23,21,13,0,False
mcts,mcts,19,mcts,mcts,first,1,0,0,0,1,47,0.940000,2,0,1,0,0,2,0,1,50,0,94,True
mcts,mcts,19,mcts,mcts,second,0,0,0,0,0,47,0.940000,1,1,1,0,0,1,1,1,50,0,94,True
mcts,mcts,20,mcts,mcts,first,49,10,1,30,19,0,0.000000,9,13,11,10,7,40,24,21,17,22,0,False
mcts,mcts,20,mcts,mcts,second,49,8,0,24,25,0,0.000000,19,9,6,8,8,41,23,21,15,20,0,False
mcts,mcts,21,mcts,mcts,first,7,0,0,0,7,41,0.820000,2,2,3,0,2,2,3,4,50,2,83,True
mcts,mcts,21,mcts,mcts,second,1,0,0,0,1,42,0.840000,4,2,1,0,1,5,2,3,50,1,83,True
mcts,mcts,22,mcts,mcts,first,50,9,1,27,23,9,0.180000,6,10,12,9,4,33,22,19,25,20,18,True
mcts,mcts,22,mcts,mcts,second,31,7,2,21,10,9,0.180000,15,9,4,7,6,34,21,13,25,19,18,True
mcts,mcts,23,mcts,mcts,first,67,13,4,39,28,0,0.000000,8,14,9,13,6,43,26,17,20,11,0,False
mcts,mcts,23,mcts,mcts,second,44,6,1,18,26,0,0.000000,16,8,10,6,10,44,22,18,14,15,0,False
mcts,mcts,24,mcts,mcts,first,41,6,0,18,23,0,0.000000,14,14,8,6,8,39,22,27,15,22,0,False
mcts,mcts,24,mcts,mcts,second,52,10,1,30,22,0,0.000000,15,8,10,10,7,38,18,28,18,19,0,False
mcts,mcts,25,mcts,mcts,first,0,0,0,0,0,48,0.960000,1,1,0,0,0,2,1,0,0,50,96,True
mcts,mcts,25,mcts,mcts,second,0,0,0,0,0,48,0.960000,2,0,0,0,0,2,0,0,0,50,96,True
mcts,mcts,26,mcts,mcts,first,15,2,0,6,9,36,0.720000,4,4,3,2,1,13,6,4,42,4,73,True
mcts,mcts,26,mcts,mcts,second,11,2,1,6,5,37,0.740000,4,2,2,2,3,12,6,2,42,4,73,True
mcts,mcts,27,mcts,mcts,first,43,9,0,27,16,0,0.000000,17,11,7,9,6,37,24,22,17,14,0,False
mcts,mcts,27,mcts,mcts,second,63,9,0,27,36,0,0.000000,10,11,11,9,9,37,27,24,15,17,0,False
mcts,mcts,28,mcts,mcts,first,14,3,0,9,5,35,0.700000,1,5,5,3,1,12,9,6,41,5,71,True
mcts,mcts,28,mcts,mcts,second,12,2,0,6,6,36,0.720000,7,2,0,2,3,13,5,3,40,6,71,True
mcts,mcts,29,mcts,mcts,first,3,1,1,3,0,48,0.960000,0,1,0,1,0,1,1,0,50,0,96,True
mcts,mcts,29,mcts,mcts,second,0,0,0,0,0,48,0.960000,2,0,0,0,0,2,0,0,50,0,96,True
mcts,minimax,0,mcts,minimax,first,50,6,0,18,32,0,0.000000,13,8,15,6,8,35,25,32,11,11,0,False
mcts,minimax,0,minimax,mcts,second,55,13,3,39,16,0,0.000000,15,14,2,13,6,37,25,28,16,10,0,False
mcts,minimax,1,mcts,minimax,first,45,7,0,21,24,0,0.000000,10,13,13,7,7,35,22,32,15,15,0,False
mcts,minimax,1,minimax,mcts,second,58,13,2,39,19,0,0.000000,19,8,3,13,7,37,26,31,18,15,0,False
mcts,minimax,2,mcts,minimax,first,30,4,0,12,18,0,0.000000,12,15,13,4,6,24,21,38,15,15,0,False
mcts,minimax,2,minimax,mcts,second,71,14,2,42,29,0,0.000000,17,7,4,14,8,28,23,38,16,15,0,False
mcts,minimax,3,mcts,minimax,first,50,9,3,27,23,0,0.000000,6,14,13,9,8,34,27,30,19,17,0,False
mcts,minimax,3,minimax,mcts,second,53,11,2,33,20,0,0.000000,22,7,3,11,7,38,22,31,15,16,0,False
mcts,minimax,4,mcts,minimax,first,38,7,0,21,17,0,0.000000,12,13,11,7,7,33,18,35,12,12,0,False
mcts,minimax,4,minimax,mcts,second,60,11,1,33,27,0,0.000000,15,10,5,11,9,36,21,34,15,14,0,False
mcts,minimax,5,mcts,minimax,first,60,9,2,27,33,0,0.000000,8,12,13,9,8,35,23,35,14,13,0,False
mcts,minimax,5,minimax,mcts,second,35,6,2,18,17,0,0.000000,22,10,6,6,6,36,19,32,14,10,0,False
mcts,minimax,6,mcts,minimax,first,21,3,0,9,12,32,0.640000,2,4,7,3,2,12,13,12,37,4,64,True
mcts,minimax,6,minimax,mcts,second,12,2,0,6,6,32,0.640000,8,4,0,2,4,12,13,7,37,5,64,True
mcts,minimax,7,mcts,minimax,first,39,5,0,15,24,0,0.000000,14,12,12,5,7,39,25,24,16,17,0,False
mcts,minimax,7,minimax,mcts,second,61,14,3,42,19,0,0.000000,15,10,4,14,7,37,26,18,22,17,0,False
mcts,minimax,8,mcts,minimax,first,0,0,0,0,0,50,1.000000,0,0,0,0,0,0,0,0,50,0,100,True
mcts,minimax,8,minimax,mcts,second,0,0,0,0,0,50,1.000000,0,0,0,0,0,0,0,0,50,0,100,True
mcts,minimax,9,mcts,minimax,first,44,6,0,18,26,0,0.000000,14,11,9,6,10,33,19,40,13,13,0,False
mcts,minimax,9,minimax,mcts,second,58,13,4,39,19,0,0.000000,13,12,7,13,5,28,21,40,15,10,0,False
mcts,minimax,10,mcts,minimax,first,54,10,3,30,24,0,0.000000,10,13,7,10,10,38,21,29,19,13,0,False
mcts,minimax,10,minimax,mcts,second,54,10,1,30,24,0,0.000000,17,7,10,10,6,41,20,28,17,12,0,False
mcts,minimax,11,mcts,minimax,first,57,9,0,27,30,0,0.000000,14,12,8,9,7,40,23,29,16,12,0,False
mcts,minimax,11,minimax,mcts,second,49,11,2,33,16,0,0.000000,14,10,8,11,7,38,22,30,15,15,0,False
mcts,minimax,12,mcts,minimax,first,50,9,3,27,23,0,0.000000,11,11,11,9,8,32,26,25,17,18,0,False
mcts,minimax,12,minimax,mcts,second,51,9,3,27,24,0,0.000000,19,11,4,9,7,38,26,22,15,20,0,False
mcts,minimax,13,mcts,minimax,first,37,6,0,18,19,0,0.000000,13,14,10,6,7,41,19,31,17,10,0,False
mcts,minimax,13,minimax,mcts,second,66,12,2,36,30,0,0.000000,17,6,6,12,9,42,12,31,17,14,0,False
mcts,minimax,14,mcts,minimax,first,51,9,1,27,24,0,0.000000,9,13,12,9,7,33,23,31,14,14,0,False
mcts,minimax,14,minimax,mcts,second,57,11,4,33,24,0,0.000000,16,11,5,11,7,36,26,28,13,12,0,False
mcts,minimax,15,mcts,minimax,first,17,3,1,9,8,24,0.480000,6,8,5,3,4,14,12,15,35,5,49,True
mcts,minimax,15,minimax,mcts,second,32,4,1,12,20,25,0.500000,9,4,4,4,4,18,12,15,32,8,49,True
mcts,minimax,16,mcts,minimax,first,40,8,0,24,16,0,0.000000,16,10,10,8,6,34,16,30,12,15,0,False
mcts,minimax,16,minimax,mcts,second,61,11,5,33,28,0,0.000000,15,11,5,11,8,32,18,28,15,20,0,False
mcts,minimax,17,mcts,minimax,first,49,9,1,27,22,0,0.000000,11,14,8,9,8,37,21,29,15,16,0,False
mcts,minimax,17,minimax,mcts,second,55,10,3,30,25,0,0.000000,17,7,10,10,6,38,17,29,16,16,0,False
mcts,minimax,18,mcts,minimax,first,48,8,2,24,24,0,0.000000,13,10,13,8,6,35,27,31,13,20,0,False
mcts,minimax,18,minimax,mcts,second,53,11,2,33,20,0,0.000000,15,11,4,11,9,35,26,27,13,18,0,False
mcts,minimax,19,mcts,minimax,first,36,5,0,15,21,0,0.000000,13,12,11,5,9,31,25,27,21,15,0,False
mcts,minimax,19,minimax,mcts,second,68,14,2,42,26,0,0.000000,16,8,6,14,6,33,23,28,23,12,0,False
mcts,minimax,20,mcts,minimax,first,49,7,0,21,28,0,0.000000,12,9,16,7,6,35,21,32,20,10,0,False
mcts,minimax,20,minimax,mcts,second,46,10,2,30,16,0,0.000000,18,12,1,10,9,34,21,30,17,12,0,False
mcts,minimax,21,mcts,minimax,first,35,5,0,15,20,0,0.000000,14,13,12,5,6,34,25,31,12,16,0,False
mcts,minimax,21,minimax,mcts,second,63,15,1,45,18,0,0.000000,14,7,6,15,8,36,27,32,18,15,0,False
mcts,minimax,22,mcts,minimax,first,53,9,1,27,26,0,0.000000,10,11,13,9,7,35,27,22,14,13,0,False
mcts,minimax,22,minimax,mcts,second,50,9,3,27,23,0,0.000000,19,12,3,9,7,38,30,17,14,13,0,False
mcts,minimax,23,mcts,minimax,first,1,0,0,0,1,48,0.960000,0,1,1,0,0,0,1,2,49,1,97,True
mcts,minimax,23,minimax,mcts,second,1,0,0,0,1,49,0.980000,0,0,0,0,1,0,0,1,50,1,97,True
mcts,minimax,24,mcts,minimax,first,0,0,0,0,0,49,0.980000,0,0,1,0,0,0,0,1,49,50,98,True
mcts,minimax,24,minimax,mcts,second,0,0,0,0,0,49,0.980000,0,0,1,0,0,0,0,1,49,50,98,True
mcts,minimax,25,mcts,minimax,first,47,6,1,18,29,0,0.000000,10,13,12,6,9,38,27,26,13,18,0,False
mcts,minimax,25,minimax,mcts,second,54,11,0,33,21,0,0.000000,18,8,6,11,7,42,25,25,13,14,0,False
mcts,minimax,26,mcts,minimax,first,35,5,1,15,20,0,0.000000,15,12,10,5,8,36,26,33,14,14,0,False
mcts,minimax,26,minimax,mcts,second,70,13,4,39,31,0,0.000000,15,9,6,13,7,37,24,31,17,16,0,False
mcts,minimax,27,mcts,minimax,first,58,9,0,27,31,0,0.000000,11,11,13,9,6,38,19,33,16,11,0,False
mcts,minimax,27,minimax,mcts,second,50,10,4,30,20,0,0.000000,17,12,3,10,8,39,19,34,12,10,0,False
mcts,minimax,28,mcts,minimax,first,50,8,1,24,26,0,0.000000,11,12,12,8,7,34,24,27,18,17,0,False
mcts,minimax,28,minimax,mcts,second,54,11,2,33,21,0,0.000000,18,10,4,11,7,36,22,27,17,17,0,False
mcts,minimax,29,mcts,minimax,first,44,8,5,24,20,0,0.000000,13,9,12,8,8,34,26,27,16,13,0,False
mcts,minimax,29,minimax,mcts,second,62,12,2,36,26,0,0.000000,13,13,4,12,8,36,28,26,19,12,0,False
mcts,random,0,mcts,random,first,8,1,0,3,5,44,0.880000,3,1,1,1,0,6,1,2,47,0,88,True
mcts,random,0,random,mcts,second,2,0,0,0,2,44,0.880000,3,0,2,0,1,5,0,3,48,1,88,True
mcts,random,1,mcts,random,first,65,12,4,36,29,16,0.320000,5,6,6,12,5,24,13,17,34,16,32,True
mcts,random,1,random,mcts,second,0,0,0,0,0,16,0.320000,14,8,8,0,4,27,16,16,30,14,32,True
mcts,random,2,mcts,random,first,80,13,3,39,41,0,0.000000,8,13,8,13,8,35,23,15,33,17,0,False
mcts,random,2,random,mcts,second,8,2,0,6,2,1,0.020000,19,10,11,2,7,35,19,16,33,15,0,False
mcts,random,3,mcts,random,first,61,13,2,39,22,7,0.140000,8,10,8,13,4,31,15,16,30,15,14,True
mcts,random,3,random,mcts,second,12,1,0,3,9,7,0.140000,16,9,8,1,9,32,16,14,29,17,14,True
mcts,random,4,mcts,random,first,85,17,2,51,34,0,0.000000,9,8,8,17,8,37,20,18,25,22,0,False
mcts,random,4,random,mcts,second,8,1,0,3,5,0,0.000000,16,16,10,1,7,35,20,15,23,22,0,False
mcts,random,5,mcts,random,first,52,8,2,24,28,12,0.240000,9,9,8,8,4,31,13,13,24,20,24,True
mcts,random,5,random,mcts,second,9,1,1,3,6,13,0.260000,14,9,7,1,6,32,12,15,20,20,24,True
mcts,random,6,mcts,random,first,6,2,0,6,0,43,0.860000,2,2,1,2,0,2,3,1,50,3,87,True
mcts,random,6,random,mcts,second,0,0,0,0,0,44,0.880000,2,1,2,0,1,2,1,2,50,4,87,True
mcts,random,7,mcts,random,first,91,16,3,48,43,0,0.000000,9,8,6,16,11,40,13,15,25,23,0,False
mcts,random,7,random,mcts,second,11,3,0,9,2,0,0.000000,16,15,11,3,5,43,17,18,21,18,0,False
mcts,random,8,mcts,random,first,0,0,0,0,0,50,1.000000,0,0,0,0,0,0,0,0,50,0,100,True
mcts,random,8,random,mcts,second,0,0,0,0,0,50,1.000000,0,0,0,0,0,0,0,0,50,0,100,True
mcts,random,9,mcts,random,first,72,16,7,48,24,0,0.000000,13,9,7,16,5,32,18,10,33,25,0,False
mcts,random,9,random,mcts,second,11,3,0,9,2,2,0.040000,15,13,8,3,9,31,19,13,31,28,0,False
mcts,random,10,mcts,random,first,19,6,2,18,1,31,0.620000,5,4,3,6,1,12,5,4,43,12,62,True
mcts,random,10,random,mcts,second,1,0,0,0,1,31,0.620000,7,5,3,0,4,15,5,4,43,11,62,True
mcts,random,11,mcts,random,first,77,16,3,48,29,0,0.000000,12,11,6,16,5,25,16,17,26,29,0,False
mcts,random,11,random,mcts,second,4,1,0,3,1,0,0.000000,17,12,13,1,7,28,17,18,21,29,0,False
mcts,random,12,mcts,random,first,84,17,3,51,33,0,0.000000,12,8,6,17,7,33,21,21,28,23,0,False
mcts,random,12,random,mcts,second,5,1,0,3,2,0,0.000000,16,14,11,1,8,39,20,20,20,21,0,False
mcts,random,13,mcts,random,first,20,4,1,12,8,36,0.720000,4,3,1,4,2,4,7,8,46,4,72,True
mcts,random,13,random,mcts,second,0,0,0,0,0,36,0.720000,5,3,4,0,2,6,7,7,46,4,72,True
mcts,random,14,mcts,random,first,86,15,0,45,41,0,0.000000,10,9,7,15,9,33,17,19,29,20,0,False
mcts,random,14,random,mcts,second,7,1,0,3,4,0,0.000000,18,14,11,1,6,39,21,19,26,20,0,False
mcts,random,15,mcts,random,first,95,18,2,54,41,0,0.000000,12,10,3,18,7,28,17,16,31,24,0,False
mcts,random,15,random,mcts,second,5,0,0,0,5,0,0.000000,14,12,15,0,9,29,20,23,23,29,0,False
mcts,random,16,mcts,random,first,59,9,1,27,32,18,0.360000,9,8,3,9,3,25,13,11,34,7,37,True
mcts,random,16,random,mcts,second,3,1,0,3,0,19,0.380000,11,6,8,1,5,24,14,12,34,10,37,True
mcts,random,17,mcts,random,first,0,0,0,0,0,48,0.960000,1,0,1,0,0,1,0,1,50,50,97,True
mcts,random,17,random,mcts,second,0,0,0,0,0,49,0.980000,0,1,0,0,0,0,1,0,50,50,97,True
mcts,random,18,mcts,random,first,73,11,0,33,40,0,0.000000,12,14,7,11,6,34,22,22,21,23,0,False
mcts,random,18,random,mcts,second,15,4,0,12,3,0,0.000000,15,9,13,4,9,36,16,24,18,23,0,False
mcts,random,19,mcts,random,first,70,13,3,39,31,0,0.000000,15,7,9,13,6,35,17,17,27,23,0,False
mcts,random,19,random,mcts,second,10,3,1,9,1,0,0.000000,13,16,9,3,9,31,20,17,22,24,0,False
mcts,random,20,mcts,random,first,89,15,3,45,44,0,0.000000,10,9,8,15,8,32,17,17,31,23,0,False
mcts,random,20,random,mcts,second,3,0,0,0,3,0,0.000000,20,13,10,0,7,34,18,20,26,25,0,False
mcts,random,21,mcts,random,first,80,14,1,42,38,0,0.000000,9,11,9,14,7,34,18,13,27,30,0,False
mcts,random,21,random,mcts,second,10,3,1,9,1,0,0.000000,20,10,9,3,8,40,17,14,25,30,0,False
mcts,random,22,mcts,random,first,86,14,3,42,44,0,0.000000,10,9,10,14,7,28,16,24,34,22,0,False
mcts,random,22,random,mcts,second,8,2,0,6,2,0,0.000000,20,13,9,2,6,31,18,19,29,22,0,False
mcts,random,23,mcts,random,first,1,0,0,0,1,48,0.960000,0,1,0,0,1,0,1,1,49,2,97,True
mcts,random,23,random,mcts,second,0,0,0,0,0,49,0.980000,0,0,1,0,0,0,0,1,50,1,97,True
mcts,random,24,mcts,random,first,0,0,0,0,0,47,0.940000,1,0,1,0,1,1,0,1,49,2,95,True
mcts,random,24,random,mcts,second,0,0,0,0,0,48,0.960000,0,0,1,0,1,0,0,1,49,2,95,True
mcts,random,25,mcts,random,first,67,15,0,45,22,0,0.000000,11,11,5,15,8,34,18,16,22,25,0,False
mcts,random,25,random,mcts,second,12,1,0,3,9,0,0.000000,19,10,14,1,6,36,20,23,19,22,0,False
mcts,random,26,mcts,random,first,87,13,2,39,48,0,0.000000,14,7,6,13,10,32,19,24,22,19,0,False
mcts,random,26,random,mcts,second,11,3,0,9,2,0,0.000000,16,12,14,3,5,34,24,24,18,14,0,False
mcts,random,27,mcts,random,first,76,14,3,42,34,0,0.000000,13,10,7,14,6,37,19,25,21,23,0,False
mcts,random,27,random,mcts,second,9,2,0,6,3,0,0.000000,13,12,13,2,10,39,20,24,17,26,0,False
mcts,random,28,mcts,random,first,6,2,0,6,0,36,0.720000,5,3,2,2,2,7,5,5,43,12,73,True
mcts,random,28,random,mcts,second,4,1,0,3,1,37,0.740000,3,3,3,1,3,7,3,3,42,11,73,True
mcts,random,29,mcts,random,first,3,1,1,3,0,48,0.960000,0,1,0,1,0,1,1,0,50,0,96,True
mcts,random,29,random,mcts,second,0,0,0,0,0,48,0.960000,2,0,0,0,0,2,0,0,50,0,96,True
mcts,rule,0,mcts,rule,first,42,4,0,12,30,0,0.000000,12,12,13,4,9,44,22,31,8,9,0,False
mcts,rule,0,rule,mcts,second,72,16,1,48,24,0,0.000000,16,9,5,16,4,42,17,29,17,8,0,False
mcts,rule,1,mcts,rule,first,54,9,1,27,27,0,0.000000,12,12,10,9,7,37,28,26,16,15,0,False
mcts,rule,1,rule,mcts,second,56,10,0,30,26,0,0.000000,14,9,8,10,9,37,29,25,13,15,0,False
mcts,rule,2,mcts,rule,first,46,6,2,18,28,0,0.000000,12,12,10,6,10,44,22,29,10,12,0,False
mcts,rule,2,rule,mcts,second,68,14,1,42,26,0,0.000000,15,10,6,14,5,42,20,27,16,11,0,False
mcts,rule,3,mcts,rule,first,61,8,2,24,37,0,0.000000,12,11,8,8,11,47,29,15,15,15,0,False
mcts,rule,3,rule,mcts,second,45,10,0,30,15,0,0.000000,15,11,9,10,5,49,28,16,16,12,0,False
mcts,rule,4,mcts,rule,first,45,9,2,27,18,0,0.000000,10,11,11,9,9,39,23,24,14,15,0,False
mcts,rule,4,rule,mcts,second,63,11,3,33,30,0,0.000000,18,10,4,11,7,43,28,22,14,16,0,False
mcts,rule,5,mcts,rule,first,44,6,2,18,26,0,0.000000,14,12,10,6,8,34,22,38,16,14,0,False
mcts,rule,5,rule,mcts,second,63,11,1,33,30,0,0.000000,16,9,6,11,8,35,20,39,16,14,0,False
mcts,rule,6,mcts,rule,first,58,10,2,30,28,0,0.000000,11,9,13,10,7,45,21,30,17,11,0,False
mcts,rule,6,rule,mcts,second,50,8,1,24,26,0,0.000000,16,15,3,8,8,44,21,28,16,14,0,False
mcts,rule,7,mcts,rule,first,48,6,1,18,30,0,0.000000,16,9,10,6,9,40,24,28,12,13,0,False
mcts,rule,7,rule,mcts,second,62,13,5,39,23,0,0.000000,12,10,8,13,7,39,25,27,17,14,0,False
mcts,rule,8,mcts,rule,first,0,0,0,0,0,50,1.000000,0,0,0,0,0,0,0,0,50,0,100,True
mcts,rule,8,rule,mcts,second,0,0,0,0,0,50,1.000000,0,0,0,0,0,0,0,0,50,0,100,True
mcts,rule,9,mcts,rule,first,43,7,0,21,22,0,0.000000,20,10,5,7,8,41,27,15,13,15,0,False
mcts,rule,9,rule,mcts,second,63,10,2,30,33,0,0.000000,8,11,14,10,7,38,30,23,16,11,0,False
mcts,rule,10,mcts,rule,first,64,10,1,30,34,0,0.000000,12,9,10,10,9,34,22,36,12,11,0,False
mcts,rule,10,rule,mcts,second,48,9,0,27,21,0,0.000000,16,14,5,9,6,39,24,37,13,9,0,False
mcts,rule,11,mcts,rule,first,42,7,1,21,21,0,0.000000,14,11,12,7,6,42,20,20,9,12,0,False
mcts,rule,11,rule,mcts,second,68,12,1,36,32,0,0.000000,11,12,5,12,10,45,16,18,14,13,0,False
mcts,rule,12,mcts,rule,first,52,10,4,30,22,0,0.000000,12,8,13,10,7,31,24,33,16,14,0,False
mcts,rule,12,rule,mcts,second,59,9,0,27,32,0,0.000000,16,14,2,9,9,35,25,27,17,14,0,False
mcts,rule,13,mcts,rule,first,52,9,0,27,25,0,0.000000,13,8,11,9,9,36,27,27,19,16,0,False
mcts,rule,13,rule,mcts,second,51,8,0,24,27,0,0.000000,15,14,7,8,6,38,29,25,19,13,0,False
mcts,rule,14,mcts,rule,first,15,2,1,6,9,35,0.700000,3,3,4,2,3,14,7,4,39,4,70,True
mcts,rule,14,rule,mcts,second,16,3,0,9,7,35,0.700000,6,4,1,3,1,15,9,1,41,2,70,True
mcts,rule,15,mcts,rule,first,38,6,0,18,20,0,0.000000,15,12,8,6,9,41,18,29,12,12,0,False
mcts,rule,15,rule,mcts,second,69,12,3,36,33,0,0.000000,12,11,9,12,6,39,20,28,16,12,0,False
mcts,rule,16,mcts,rule,first,45,11,1,33,12,0,0.000000,11,10,11,11,7,45,24,25,12,9,0,False
mcts,rule,16,rule,mcts,second,64,7,2,21,43,0,0.000000,17,10,7,7,9,48,25,25,8,14,0,False
mcts,rule,17,mcts,rule,first,46,7,1,21,25,0,0.000000,9,10,13,7,11,38,22,27,16,12,0,False
mcts,rule,17,rule,mcts,second,63,11,2,33,30,0,0.000000,18,12,4,11,5,42,26,22,17,9,0,False
mcts,rule,18,mcts,rule,first,41,4,0,12,29,0,0.000000,14,9,13,4,10,41,18,29,12,16,0,False
mcts,rule,18,rule,mcts,second,63,13,1,39,24,0,0.000000,13,15,5,13,4,42,23,23,18,9,0,False
mcts,rule,19,mcts,rule,first,57,10,4,30,27,0,0.000000,13,9,10,10,8,39,24,29,16,11,0,False
mcts,rule,19,rule,mcts,second,54,9,3,27,27,0,0.000000,12,13,8,9,8,40,28,29,12,9,0,False
mcts,rule,20,mcts,rule,first,66,9,0,27,39,0,0.000000,12,10,13,9,6,38,23,32,14,10,0,False
mcts,rule,20,rule,mcts,second,42,9,1,27,15,0,0.000000,16,11,5,9,9,40,20,29,10,12,0,False
mcts,rule,21,mcts,rule,first,41,7,0,21,20,0,0.000000,14,12,6,7,11,36,21,30,13,14,0,False
mcts,rule,21,rule,mcts,second,64,12,2,36,28,0,0.000000,13,12,11,12,2,38,21,27,17,9,0,False
mcts,rule,22,mcts,rule,first,65,10,0,30,35,0,0.000000,12,10,9,10,9,42,19,27,14,15,0,False
mcts,rule,22,rule,mcts,second,46,9,1,27,19,0,0.000000,15,12,8,9,6,41,22,27,11,12,0,False
mcts,rule,23,mcts,rule,first,1,0,0,0,1,48,0.960000,0,1,1,0,0,0,1,2,49,1,97,True
mcts,rule,23,rule,mcts,second,1,0,0,0,1,49,0.980000,0,0,0,0,1,0,0,1,50,1,97,True
mcts,rule,24,mcts,rule,first,15,2,0,6,9,23,0.460000,9,7,5,2,4,20,14,10,32,9,46,True
mcts,rule,24,rule,mcts,second,35,6,0,18,17,23,0.460000,9,4,4,6,4,19,13,13,35,8,46,True
mcts,rule,25,mcts,rule,first,47,8,1,24,23,0,0.000000,11,12,10,8,9,42,26,27,14,15,0,False
mcts,rule,25,rule,mcts,second,65,11,0,33,32,0,0.000000,15,11,6,11,7,45,27,25,14,13,0,False
mcts,rule,26,mcts,rule,first,22,5,1,15,7,20,0.400000,5,8,8,5,4,25,15,17,32,5,40,True
mcts,rule,26,rule,mcts,second,41,5,1,15,26,20,0.400000,9,5,4,5,7,24,13,15,32,8,40,True
mcts,rule,27,mcts,rule,first,45,8,0,24,21,0,0.000000,13,9,9,8,11,45,22,23,20,15,0,False
mcts,rule,27,rule,mcts,second,62,10,1,30,32,0,0.000000,13,13,9,10,5,43,27,22,18,12,0,False
mcts,rule,28,mcts,rule,first,48,8,2,24,24,0,0.000000,12,12,10,8,8,35,24,28,17,13,0,False
mcts,rule,28,rule,mcts,second,60,11,2,33,27,1,0.020000,14,11,7,11,6,37,25,27,17,12,0,False
mcts,rule,29,mcts,rule,first,53,10,3,30,23,0,0.000000,11,11,9,10,9,34,25,34,13,14,0,False
mcts,rule,29,rule,mcts,second,55,9,1,27,28,0,0.000000,16,10,9,9,6,34,24,34,14,15,0,False
minimax,expectimax,0,minimax,expectimax,first,52,9,1,27,25,0,0.000000,12,14,8,9,7,23,24,50,11,13,0,False
minimax,expectimax,0,expectimax,minimax,second,47,9,3,27,20,0,0.000000,18,9,6,9,8,27,20,49,14,14,0,False
minimax,expectimax,1,minimax,expectimax,first,61,13,4,39,22,0,0.000000,12,11,8,13,6,22,20,44,15,16,0,False
minimax,expectimax,1,expectimax,minimax,second,37,6,2,18,19,0,0.000000,18,11,6,6,9,27,21,45,8,17,0,False
minimax,expectimax,2,minimax,expectimax,first,65,10,0,30,35,0,0.000000,15,11,5,10,9,33,17,39,12,12,0,False
minimax,expectimax,2,expectimax,minimax,second,40,9,0,27,13,0,0.000000,13,12,10,9,6,30,17,40,12,8,0,False
minimax,expectimax,3,minimax,expectimax,first,67,15,0,45,22,0,0.000000,11,12,6,15,6,27,23,41,16,10,0,False
minimax,expectimax,3,expectimax,minimax,second,36,4,1,12,24,0,0.000000,19,11,6,4,10,30,24,43,6,10,0,False
minimax,expectimax,4,minimax,expectimax,first,35,7,1,21,14,0,0.000000,13,16,6,7,8,20,23,47,8,12,0,False
minimax,expectimax,4,expectimax,minimax,second,66,12,1,36,30,0,0.000000,16,8,6,12,8,23,21,46,12,13,0,False
minimax,expectimax,5,minimax,expectimax,first,59,8,1,24,35,0,0.000000,14,13,6,8,9,26,27,29,12,13,0,False
minimax,expectimax,5,expectimax,minimax,second,29,7,1,21,8,0,0.000000,18,7,11,7,7,31,24,31,13,9,0,False
minimax,expectimax,6,minimax,expectimax,first,21,3,0,9,12,32,0.640000,6,3,4,3,2,14,11,10,37,3,64,True
minimax,expectimax,6,expectimax,minimax,second,10,2,0,6,4,32,0.640000,5,5,2,2,4,13,11,9,37,4,64,True
minimax,expectimax,7,minimax,expectimax,first,64,15,1,45,19,0,0.000000,12,12,3,15,8,26,31,32,16,11,0,False
minimax,expectimax,7,expectimax,minimax,second,45,5,0,15,30,0,0.000000,14,8,15,5,8,26,32,35,8,11,0,False
minimax,expectimax,8,minimax,expectimax,first,0,0,0,0,0,50,1.000000,0,0,0,0,0,0,0,0,50,0,100,True
minimax,expectimax,8,expectimax,minimax,second,0,0,0,0,0,50,1.000000,0,0,0,0,0,0,0,0,50,0,100,True
minimax,expectimax,9,minimax,expectimax,first,38,7,2,21,17,0,0.000000,15,12,9,7,7,35,27,41,8,7,0,False
minimax,expectimax,9,expectimax,minimax,second,60,11,1,33,27,0,0.000000,14,12,5,11,8,29,28,43,13,8,0,False
minimax,expectimax,10,minimax,expectimax,first,38,11,2,33,5,0,0.000000,16,12,6,11,5,29,30,37,12,9,0,False
minimax,expectimax,10,expectimax,minimax,second,57,7,1,21,36,0,0.000000,14,11,8,7,10,30,31,40,8,15,0,False
minimax,expectimax,11,minimax,expectimax,first,52,9,0,27,25,0,0.000000,13,12,8,9,8,25,18,33,12,10,0,False
minimax,expectimax,11,expectimax,minimax,second,50,10,1,30,20,0,0.000000,16,11,6,10,7,29,18,35,10,9,0,False
minimax,expectimax,12,minimax,expectimax,first,2,0,0,0,2,46,0.920000,2,1,1,0,0,2,1,1,50,0,93,True
minimax,expectimax,12,expectimax,minimax,second,0,0,0,0,0,47,0.940000,3,0,0,0,0,3,0,0,50,0,93,True
minimax,expectimax,13,minimax,expectimax,first,61,10,1,30,31,0,0.000000,13,8,8,10,11,32,21,42,15,12,0,False
minimax,expectimax,13,expectimax,minimax,second,39,8,2,24,15,0,0.000000,17,13,7,8,5,32,22,42,11,9,0,False
minimax,expectimax,14,minimax,expectimax,first,16,2,0,6,10,35,0.700000,4,3,4,2,2,7,4,15,39,6,70,True
minimax,expectimax,14,expectimax,minimax,second,13,4,0,12,1,35,0.700000,4,4,1,4,2,9,5,13,41,4,70,True
minimax,expectimax,15,minimax,expectimax,first,44,10,2,30,14,0,0.000000,13,10,8,10,9,28,20,41,12,13,0,False
minimax,expectimax,15,expectimax,minimax,second,55,9,0,27,28,0,0.000000,16,12,8,9,5,30,25,41,11,11,0,False
minimax,expectimax,16,minimax,expectimax,first,52,10,0,30,22,0,0.000000,14,14,6,10,6,28,20,47,11,9,0,False
minimax,expectimax,16,expectimax,minimax,second,49,8,3,24,25,0,0.000000,16,8,9,8,9,31,21,46,10,14,0,False
minimax,expectimax,17,minimax,expectimax,first,39,7,1,21,18,0,0.000000,15,14,9,7,5,26,22,40,8,9,0,False
minimax,expectimax,17,expectimax,minimax,second,56,11,1,33,23,0,0.000000,16,8,5,11,10,25,22,39,12,11,0,False
minimax,expectimax,18,minimax,expectimax,first,54,7,2,21,33,0,0.000000,12,14,7,7,10,24,27,43,9,13,0,False
minimax,expectimax,18,expectimax,minimax,second,52,12,0,36,16,0,0.000000,18,7,7,12,6,30,23,39,14,8,0,False
minimax,expectimax,19,minimax,expectimax,first,55,11,3,33,22,0,0.000000,11,13,6,11,9,23,16,39,16,12,0,False
minimax,expectimax,19,expectimax,minimax,second,44,8,2,24,20,0,0.000000,18,9,8,8,7,29,13,42,11,8,0,False
minimax,expectimax,20,minimax,expectimax,first,61,11,0,33,28,0,0.000000,14,12,7,11,6,27,28,39,12,6,0,False
minimax,expectimax,20,expectimax,minimax,second,40,8,0,24,16,0,0.000000,16,9,8,8,9,32,28,38,9,10,0,False
minimax,expectimax,21,minimax,expectimax,first,33,4,0,12,21,0,0.000000,13,12,11,4,10,25,27,41,7,11,0,False
minimax,expectimax,21,expectimax,minimax,second,66,15,3,45,21,0,0.000000,17,10,4,15,4,26,24,41,17,4,0,False
minimax,expectimax,22,minimax,expectimax,first,45,11,2,33,12,0,0.000000,16,13,4,11,6,31,29,31,13,9,0,False
minimax,expectimax,22,expectimax,minimax,second,53,8,0,24,29,0,0.000000,14,9,10,8,9,32,29,33,10,12,0,False
minimax,expectimax,23,minimax,expectimax,first,45,11,1,33,12,0,0.000000,14,13,7,11,5,27,28,42,12,7,0,False
minimax,expectimax,23,expectimax,minimax,second,53,7,0,21,32,0,0.000000,16,10,6,7,11,26,24,42,12,12,0,False
minimax,expectimax,24,minimax,expectimax,first,44,8,0,24,20,0,0.000000,11,11,13,8,7,26,31,41,9,9,0,False
minimax,expectimax,24,expectimax,minimax,second,59,11,0,33,26,0,0.000000,19,8,4,11,8,30,27,40,11,11,0,False
minimax,expectimax,25,minimax,expectimax,first,48,7,0,21,27,0,0.000000,11,11,10,7,11,35,28,36,9,12,0,False
minimax,expectimax,25,expectimax,minimax,second,48,10,0,30,18,0,0.000000,16,12,7,10,5,33,28,35,10,5,0,False
minimax,expectimax,26,minimax,expectimax,first,59,13,2,39,20,0,0.000000,14,11,5,13,7,35,18,38,14,15,0,False
minimax,expectimax,26,expectimax,minimax,second,39,6,0,18,21,0,0.000000,14,10,11,6,9,34,20,39,9,17,0,False
minimax,expectimax,27,minimax,expectimax,first,15,3,0,9,6,12,0.240000,13,10,7,3,5,28,21,22,21,8,24,True
minimax,expectimax,27,expectimax,minimax,second,57,9,1,27,30,12,0.240000,10,8,4,9,7,27,22,20,25,9,24,True
minimax,expectimax,28,minimax,expectimax,first,53,10,2,30,23,0,0.000000,17,9,6,10,8,26,24,39,13,13,0,False
minimax,expectimax,28,expectimax,minimax,second,50,10,3,30,20,0,0.000000,12,13,10,10,5,22,25,41,11,11,0,False
minimax,expectimax,29,minimax,expectimax,first,66,15,7,45,21,0,0.000000,13,10,5,15,7,35,19,40,16,8,0,False
minimax,expectimax,29,expectimax,minimax,second,36,4,0,12,24,0,0.000000,16,14,9,4,7,35,25,40,11,9,0,False
minimax,greedy,0,minimax,greedy,first,47,7,2,21,26,0,0.000000,14,11,12,7,6,35,31,31,7,7,0,False
minimax,greedy,0,greedy,minimax,second,55,13,0,39,16,0,0.000000,13,10,5,13,9,35,26,29,13,9,0,False
minimax,greedy,1,minimax,greedy,first,75,13,1,39,36,0,0.000000,14,10,8,13,5,38,15,25,17,10,0,False
minimax,greedy,1,greedy,minimax,second,29,7,0,21,8,0,0.000000,10,12,11,7,10,39,18,27,14,11,0,False
minimax,greedy,2,minimax,greedy,first,70,10,0,30,40,0,0.000000,15,9,6,10,10,29,26,39,12,11,0,False
minimax,greedy,2,greedy,minimax,second,37,10,0,30,7,0,0.000000,12,12,10,10,6,26,24,41,12,7,0,False
minimax,greedy,3,minimax,greedy,first,72,15,0,45,27,0,0.000000,14,8,7,15,6,29,23,42,16,9,0,False
minimax,greedy,3,greedy,minimax,second,28,4,0,12,16,0,0.000000,15,14,8,4,9,27,22,44,6,9,0,False
minimax,greedy,4,minimax,greedy,first,48,5,0,15,33,0,0.000000,20,11,8,5,6,38,26,36,8,7,0,False
minimax,greedy,4,greedy,minimax,second,53,15,2,45,8,0,0.000000,7,10,9,15,9,36,26,34,15,9,0,False
minimax,greedy,5,minimax,greedy,first,69,12,2,36,33,0,0.000000,16,9,6,12,7,44,14,24,12,9,0,False
minimax,greedy,5,greedy,minimax,second,30,7,1,21,9,0,0.000000,10,12,12,7,9,44,13,26,9,9,0,False
minimax,greedy,6,minimax,greedy,first,58,8,0,24,34,0,0.000000,21,9,6,8,6,35,21,38,9,8,0,False
minimax,greedy,6,greedy,minimax,second,32,9,1,27,5,0,0.000000,10,13,9,9,9,33,24,37,10,10,0,False
minimax,greedy,7,minimax,greedy,first,70,11,1,33,37,0,0.000000,19,6,8,11,6,39,22,37,12,7,0,False
minimax,greedy,7,greedy,minimax,second,33,8,0,24,9,0,0.000000,7,16,9,8,10,35,27,36,9,11,0,False
minimax,greedy,8,minimax,greedy,first,0,0,0,0,0,50,1.000000,0,0,0,0,0,0,0,0,50,0,100,True
minimax,greedy,8,greedy,minimax,second,0,0,0,0,0,50,1.000000,0,0,0,0,0,0,0,0,50,0,100,True
minimax,greedy,9,minimax,greedy,first,51,7,2,21,30,0,0.000000,20,9,10,7,4,34,18,43,8,5,0,False
minimax,greedy,9,greedy,minimax,second,47,11,1,33,14,0,0.000000,11,11,5,11,12,30,18,43,13,13,0,False
minimax,greedy,10,minimax,greedy,first,74,12,1,36,38,0,0.000000,18,11,4,12,5,28,13,40,12,11,0,False
minimax,greedy,10,greedy,minimax,second,20,6,0,18,2,0,0.000000,14,12,8,6,10,28,13,41,7,13,0,False
minimax,greedy,11,minimax,greedy,first,71,10,1,30,41,0,0.000000,17,12,5,10,6,33,20,32,10,7,0,False
minimax,greedy,11,greedy,minimax,second,29,9,0,27,2,0,0.000000,12,10,10,9,9,35,20,33,9,9,0,False
minimax,greedy,12,minimax,greedy,first,77,13,3,39,38,0,0.000000,15,7,9,13,6,34,22,32,15,8,0,False
minimax,greedy,12,greedy,minimax,second,28,7,1,21,7,0,0.000000,13,15,5,7,10,33,22,32,11,12,0,False
minimax,greedy,13,minimax,greedy,first,69,9,0,27,42,0,0.000000,19,7,6,9,9,36,11,37,11,10,0,False
minimax,greedy,13,greedy,minimax,second,32,10,0,30,2,0,0.000000,8,14,12,10,6,31,19,36,11,8,0,False
minimax,greedy,14,minimax,greedy,first,73,12,0,36,37,0,0.000000,17,10,5,12,6,34,21,37,12,15,0,False
minimax,greedy,14,greedy,minimax,second,29,8,0,24,5,0,0.000000,10,13,9,8,10,35,24,38,11,14,0,False
minimax,greedy,15,minimax,greedy,first,62,11,2,33,29,0,0.000000,16,6,10,11,7,37,19,36,14,9,0,False
minimax,greedy,15,greedy,minimax,second,34,9,1,27,7,0,0.000000,9,17,7,9,8,34,26,36,12,9,0,False
minimax,greedy,16,minimax,greedy,first,59,9,0,27,32,0,0.000000,18,13,4,9,6,33,15,44,9,6,0,False
minimax,greedy,16,greedy,minimax,second,41,9,0,27,14,0,0.000000,11,9,11,9,10,35,14,44,9,11,0,False
minimax,greedy,17,minimax,greedy,first,56,9,0,27,29,0,0.000000,23,5,7,9,6,35,14,34,12,10,0,False
minimax,greedy,17,greedy,minimax,second,45,9,0,27,18,0,0.000000,7,16,9,9,9,32,21,34,15,11,0,False
minimax,greedy,18,minimax,greedy,first,57,8,2,24,33,0,0.000000,16,10,6,8,10,32,26,34,9,11,0,False
minimax,greedy,18,greedy,minimax,second,41,11,0,33,8,0,0.000000,10,11,12,11,6,31,28,38,13,7,0,False
minimax,greedy,19,minimax,greedy,first,66,13,3,39,27,0,0.000000,16,9,4,13,8,43,17,29,16,11,0,False
minimax,greedy,19,greedy,minimax,second,23,4,0,12,11,0,0.000000,12,14,12,4,8,43,19,33,9,10,0,False
minimax,greedy,20,minimax,greedy,first,77,12,0,36,41,0,0.000000,15,8,8,12,7,37,23,35,13,8,0,False
minimax,greedy,20,greedy,minimax,second,23,6,0,18,5,0,0.000000,10,14,11,6,9,38,24,39,8,9,0,False
minimax,greedy,21,minimax,greedy,first,56,10,1,30,26,0,0.000000,12,11,9,10,8,31,27,26,12,14,0,False
minimax,greedy,21,greedy,minimax,second,43,10,1,30,13,0,0.000000,13,13,7,10,7,35,25,27,14,11,0,False
minimax,greedy,22,minimax,greedy,first,77,12,2,36,41,0,0.000000,13,13,4,12,8,23,24,45,12,12,0,False
minimax,greedy,22,greedy,minimax,second,26,8,0,24,2,0,0.000000,15,9,11,8,7,22,23,47,11,10,0,False
minimax,greedy,23,minimax,greedy,first,46,7,0,21,25,0,0.000000,19,11,7,7,6,35,22,37,8,8,0,False
minimax,greedy,23,greedy,minimax,second,56,12,1,36,20,0,0.000000,10,10,8,12,10,30,21,38,14,11,0,False
minimax,greedy,24,minimax,greedy,first,64,9,1,27,37,0,0.000000,18,12,6,9,5,34,23,35,9,9,0,False
minimax,greedy,24,greedy,minimax,second,37,10,0,30,7,0,0.000000,11,9,9,10,11,34,18,36,10,12,0,False
minimax,greedy,25,minimax,greedy,first,59,9,0,27,32,0,0.000000,16,8,6,9,11,36,22,33,10,12,0,False
minimax,greedy,25,greedy,minimax,second,38,9,0,27,11,0,0.000000,12,14,10,9,5,32,23,34,9,5,0,False
minimax,greedy,26,minimax,greedy,first,63,9,1,27,36,0,0.000000,18,9,6,9,8,33,19,40,12,11,0,False
minimax,greedy,26,greedy,minimax,second,39,11,1,33,6,0,0.000000,10,12,9,11,8,25,25,38,15,13,0,False
minimax,greedy,27,minimax,greedy,first,66,11,0,33,33,0,0.000000,18,8,7,11,6,46,22,28,14,11,0,False
minimax,greedy,27,greedy,minimax,second,32,8,0,24,8,0,0.000000,8,15,11,8,8,46,25,27,11,15,0,False
minimax,greedy,28,minimax,greedy,first,86,14,1,42,44,0,0.000000,11,8,10,14,7,26,19,37,18,13,0,False
minimax,greedy,28,greedy,minimax,second,16,5,3,15,1,0,0.000000,16,14,6,5,9,32,18,37,8,13,0,False
minimax,greedy,29,minimax,greedy,first,71,15,4,45,26,0,0.000000,18,9,3,15,5,34,25,29,16,8,0,False
minimax,greedy,29,greedy,minimax,second,26,4,0,12,14,0,0.000000,13,11,11,4,11,35,22,31,11,13,0,False
minimax,mcts,0,minimax,mcts,first,54,10,2,30,24,0,0.000000,17,8,7,10,8,43,25,26,11,15,0,False
minimax,mcts,0,mcts,minimax,second,55,10,2,30,25,0,0.000000,11,14,9,10,6,42,27,28,12,12,0,False
minimax,mcts,1,minimax,mcts,first,50,11,1,33,17,0,0.000000,17,9,7,11,6,43,26,17,18,15,0,False
minimax,mcts,1,mcts,minimax,second,58,8,0,24,34,0,0.000000,10,14,9,8,9,43,30,17,13,17,0,False
minimax,mcts,2,minimax,mcts,first,69,15,6,45,24,0,0.000000,13,10,7,15,5,33,25,19,29,14,0,False
minimax,mcts,2,mcts,minimax,second,29,4,1,12,17,1,0.020000,16,10,10,4,9,33,22,20,23,17,0,False
minimax,mcts,3,minimax,mcts,first,68,12,2,36,32,0,0.000000,15,12,4,12,7,40,26,25,15,13,0,False
minimax,mcts,3,mcts,minimax,second,40,7,0,21,19,0,0.000000,13,11,12,7,7,38,26,27,10,11,0,False
minimax,mcts,4,minimax,mcts,first,57,9,2,27,30,0,0.000000,16,11,7,9,7,38,23,25,15,14,0,False
minimax,mcts,4,mcts,minimax,second,49,9,1,27,22,0,0.000000,12,11,10,9,8,38,20,24,19,15,0,False
minimax,mcts,5,minimax,mcts,first,53,11,4,33,20,0,0.000000,17,13,3,11,6,30,23,28,15,15,0,False
minimax,mcts,5,mcts,minimax,second,55,8,1,24,31,0,0.000000,11,9,14,8,8,33,20,29,16,14,0,False
minimax,mcts,6,minimax,mcts,first,48,8,2,24,24,10,0.200000,12,9,7,8,4,26,19,25,24,10,21,True
minimax,mcts,6,mcts,minimax,second,29,5,0,15,14,12,0.240000,11,9,6,5,7,25,14,25,24,12,21,True
minimax,mcts,7,minimax,mcts,first,41,9,2,27,14,0,0.000000,18,12,5,9,6,36,24,30,12,13,0,False
minimax,mcts,7,mcts,minimax,second,67,10,1,30,37,0,0.000000,11,9,11,10,9,33,20,30,16,16,0,False
minimax,mcts,8,minimax,mcts,first,0,0,0,0,0,50,1.000000,0,0,0,0,0,0,0,0,50,0,100,True
minimax,mcts,8,mcts,minimax,second,0,0,0,0,0,50,1.000000,0,0,0,0,0,0,0,0,50,0,100,True
minimax,mcts,9,minimax,mcts,first,37,9,5,27,10,17,0.340000,7,10,1,9,6,26,16,11,29,11,34,True
minimax,mcts,9,mcts,minimax,second,17,2,0,6,11,17,0.340000,12,3,10,2,6,25,12,15,28,11,34,True
minimax,mcts,10,minimax,mcts,first,4,1,1,3,1,46,0.920000,2,1,0,1,0,2,2,0,48,4,92,True
minimax,mcts,10,mcts,minimax,second,0,0,0,0,0,46,0.920000,1,2,0,0,1,2,2,0,48,4,92,True
minimax,mcts,11,minimax,mcts,first,43,10,2,30,13,10,0.200000,12,10,3,10,5,28,20,12,25,13,21,True
minimax,mcts,11,mcts,minimax,second,33,3,0,9,24,11,0.220000,11,8,10,3,7,29,19,17,22,16,21,True
minimax,mcts,12,minimax,mcts,first,2,0,0,0,2,46,0.920000,2,1,1,0,0,2,1,1,50,0,93,True
minimax,mcts,12,mcts,minimax,second,0,0,0,0,0,47,0.940000,3,0,0,0,0,3,0,0,50,0,93,True
minimax,mcts,13,minimax,mcts,first,60,12,2,36,24,0,0.000000,14,11,6,12,7,38,22,32,17,12,0,False
minimax,mcts,13,mcts,minimax,second,43,8,0,24,19,0,0.000000,13,11,12,8,6,37,22,29,16,10,0,False
minimax,mcts,14,minimax,mcts,first,72,13,4,39,33,0,0.000000,15,8,5,13,9,37,19,31,15,18,0,False
minimax,mcts,14,mcts,minimax,second,40,7,0,21,19,0,0.000000,13,15,10,7,5,35,22,30,15,16,0,False
minimax,mcts,15,minimax,mcts,first,67,14,3,42,25,0,0.000000,17,10,3,14,6,41,26,24,19,13,0,False
minimax,mcts,15,mcts,minimax,second,40,5,0,15,25,0,0.000000,11,11,14,5,9,38,25,29,13,16,0,False
minimax,mcts,16,minimax,mcts,first,55,12,2,36,19,0,0.000000,21,9,1,12,7,38,15,28,14,17,0,False
minimax,mcts,16,mcts,minimax,second,50,7,1,21,29,0,0.000000,7,14,13,7,9,36,19,32,14,19,0,False
minimax,mcts,17,minimax,mcts,first,3,1,1,3,0,44,0.880000,2,0,3,1,0,2,0,3,50,2,89,True
minimax,mcts,17,mcts,minimax,second,8,1,0,3,5,45,0.900000,2,1,0,1,1,2,1,0,50,2,89,True
minimax,mcts,18,minimax,mcts,first,53,11,5,33,20,0,0.000000,19,10,3,11,7,40,32,24,13,18,0,False
minimax,mcts,18,mcts,minimax,second,49,7,0,21,28,0,0.000000,8,12,15,7,8,37,31,28,15,17,0,False
minimax,mcts,19,minimax,mcts,first,1,0,0,0,1,47,0.940000,2,0,1,0,0,2,0,1,50,0,94,True
minimax,mcts,19,mcts,minimax,second,0,0,0,0,0,47,0.940000,1,1,1,0,0,1,1,1,50,0,94,True
minimax,mcts,20,minimax,mcts,first,15,3,1,9,6,34,0.680000,4,6,1,3,2,7,9,11,44,4,68,True
minimax,mcts,20,mcts,minimax,second,11,1,0,3,8,34,0.680000,6,2,5,1,2,9,4,13,42,4,68,True
minimax,mcts,21,minimax,mcts,first,63,11,1,33,30,0,0.000000,14,10,8,11,7,32,25,25,22,13,0,False
minimax,mcts,21,mcts,minimax,second,42,7,1,21,21,0,0.000000,11,14,10,7,8,35,27,26,20,12,0,False
minimax,mcts,22,minimax,mcts,first,6,2,2,6,0,47,0.940000,0,1,0,2,0,0,1,3,2,48,94,True
minimax,mcts,22,mcts,minimax,second,0,0,0,0,0,47,0.940000,0,1,2,0,0,0,1,3,2,48,94,True
minimax,mcts,23,minimax,mcts,first,53,14,2,42,11,0,0.000000,17,11,5,14,3,38,20,21,18,14,0,False
minimax,mcts,23,mcts,minimax,second,51,6,0,18,33,0,0.000000,10,10,13,6,11,36,20,25,14,19,0,False
minimax,mcts,24,minimax,mcts,first,0,0,0,0,0,47,0.940000,1,0,1,0,1,1,0,1,49,2,95,True
minimax,mcts,24,mcts,minimax,second,0,0,0,0,0,48,0.960000,0,0,1,0,1,0,0,1,49,2,95,True
minimax,mcts,25,minimax,mcts,first,54,12,0,36,18,0,0.000000,16,8,8,12,6,33,23,29,16,21,0,False
minimax,mcts,25,mcts,minimax,second,52,7,2,21,31,0,0.000000,12,13,10,7,8,27,26,29,12,24,0,False
minimax,mcts,26,minimax,mcts,first,28,6,1,18,10,17,0.340000,11,6,5,6,5,28,12,17,31,10,34,True
minimax,mcts,26,mcts,minimax,second,40,6,0,18,22,17,0.340000,7,10,5,6,5,26,16,16,31,11,34,True
minimax,mcts,27,minimax,mcts,first,52,11,1,33,19,0,0.000000,17,10,5,11,7,36,21,27,17,17,0,False
minimax,mcts,27,mcts,minimax,second,55,8,0,24,31,0,0.000000,11,12,11,8,8,33,23,28,15,17,0,False
minimax,mcts,28,minimax,mcts,first,68,15,4,45,23,0,0.000000,19,9,4,15,3,43,24,24,19,14,0,False
minimax,mcts,28,mcts,minimax,second,29,4,1,12,17,0,0.000000,9,13,13,4,11,39,22,27,12,18,0,False
minimax,mcts,29,minimax,mcts,first,3,1,1,3,0,48,0.960000,0,1,0,1,0,1,1,0,50,0,96,True
minimax,mcts,29,mcts,minimax,second,0,0,0,0,0,48,0.960000,2,0,0,0,0,2,0,0,50,0,96,True
minimax,minimax,0,minimax,minimax,first,51,7,3,21,30,0,0.000000,14,11,10,7,8,26,26,46,7,14,0,False
minimax,minimax,0,minimax,minimax,second,54,13,1,39,15,0,0.000000,13,11,6,13,7,28,27,45,13,13,0,False
minimax,minimax,1,minimax,minimax,first,45,10,0,30,15,0,0.000000,12,13,9,10,6,28,20,33,14,8,0,False
minimax,minimax,1,minimax,minimax,second,62,10,0,30,32,0,0.000000,14,10,6,10,10,34,22,35,11,12,0,False
minimax,minimax,2,minimax,minimax,first,58,10,1,30,28,0,0.000000,12,9,10,10,9,29,37,29,13,10,0,False
minimax,minimax,2,minimax,minimax,second,48,10,0,30,18,0,0.000000,15,12,6,10,7,28,37,29,12,7,0,False
minimax,minimax,3,minimax,minimax,first,76,15,0,45,31,0,0.000000,16,7,5,15,7,30,19,45,16,10,0,False
minimax,minimax,3,minimax,minimax,second,25,4,0,12,13,0,0.000000,13,16,9,4,8,27,25,47,6,9,0,False
minimax,minimax,4,minimax,minimax,first,41,8,0,24,17,0,0.000000,18,10,7,8,7,34,21,39,8,10,0,False
minimax,minimax,4,minimax,minimax,second,61,10,0,30,31,0,0.000000,12,13,7,10,8,31,25,38,11,12,0,False
minimax,minimax,5,minimax,minimax,first,60,9,0,27,33,0,0.000000,19,11,3,9,8,35,19,40,9,9,0,False
minimax,minimax,5,minimax,minimax,second,39,8,1,24,15,0,0.000000,11,13,10,8,8,32,19,42,11,8,0,False
minimax,minimax,6,minimax,minimax,first,33,5,1,15,18,15,0.300000,8,10,8,5,4,18,18,27,26,6,31,True
minimax,minimax,6,minimax,minimax,second,34,7,1,21,13,16,0.320000,12,6,3,7,6,17,14,24,30,7,31,True
minimax,minimax,7,minimax,minimax,first,48,9,2,27,21,0,0.000000,14,9,11,9,7,34,18,43,11,9,0,False
minimax,minimax,7,minimax,minimax,second,59,10,1,30,29,0,0.000000,15,10,6,10,9,32,20,43,11,10,0,False
minimax,minimax,8,minimax,minimax,first,0,0,0,0,0,50,1.000000,0,0,0,0,0,0,0,0,50,0,100,True
minimax,minimax,8,minimax,minimax,second,0,0,0,0,0,50,1.000000,0,0,0,0,0,0,0,0,50,0,100,True
minimax,minimax,9,minimax,minimax,first,34,7,2,21,13,0,0.000000,15,10,8,7,10,33,28,36,9,10,0,False
minimax,minimax,9,minimax,minimax,second,70,12,1,36,34,0,0.000000,12,12,9,12,5,27,30,38,15,8,0,False
minimax,minimax,10,minimax,minimax,first,49,10,3,30,19,0,0.000000,19,8,7,10,6,33,20,33,12,12,0,False
minimax,minimax,10,minimax,minimax,second,42,8,1,24,18,0,0.000000,10,16,7,8,9,31,25,35,10,14,0,False
minimax,minimax,11,minimax,minimax,first,49,10,0,30,19,0,0.000000,15,13,6,10,6,30,21,31,12,11,0,False
minimax,minimax,11,minimax,minimax,second,54,9,1,27,27,0,0.000000,13,10,10,9,8,31,20,34,10,11,0,False
minimax,minimax,12,minimax,minimax,first,48,13,5,39,9,0,0.000000,14,11,7,13,5,32,23,34,16,9,0,False
minimax,minimax,12,minimax,minimax,second,59,7,0,21,38,0,0.000000,16,7,9,7,11,34,23,34,13,14,0,False
minimax,minimax,13,minimax,minimax,first,59,11,0,33,26,0,0.000000,19,8,4,11,8,30,19,38,17,13,0,False
minimax,minimax,13,minimax,minimax,second,48,8,1,24,24,0,0.000000,11,13,10,8,8,27,23,37,12,15,0,False
minimax,minimax,14,minimax,minimax,first,52,11,2,33,19,0,0.000000,14,13,4,11,8,25,17,47,11,11,0,False
minimax,minimax,14,minimax,minimax,second,47,9,0,27,20,0,0.000000,14,11,8,9,8,27,19,47,11,11,0,False
minimax,minimax,15,minimax,minimax,first,60,11,2,33,27,0,0.000000,15,14,2,11,8,29,22,41,13,8,0,False
minimax,minimax,15,minimax,minimax,second,48,9,0,27,21,0,0.000000,14,9,11,9,7,30,20,41,11,9,0,False
minimax,minimax,16,minimax,minimax,first,53,8,0,24,29,0,0.000000,13,13,10,8,6,38,17,36,9,9,0,False
minimax,minimax,16,minimax,minimax,second,48,9,1,27,21,0,0.000000,18,8,6,9,9,39,17,36,11,13,0,False
minimax,minimax,17,minimax,minimax,first,53,9,1,27,26,0,0.000000,16,10,7,9,8,36,23,36,10,10,0,False
minimax,minimax,17,minimax,minimax,second,41,9,1,27,14,0,0.000000,13,13,8,9,7,34,27,36,11,9,0,False
minimax,minimax,18,minimax,minimax,first,57,10,2,30,27,0,0.000000,11,16,5,10,8,30,23,49,11,12,0,False
minimax,minimax,18,minimax,minimax,second,50,9,1,27,23,0,0.000000,18,8,7,9,8,31,19,49,13,11,0,False
minimax,minimax,19,minimax,minimax,first,58,11,2,33,25,0,0.000000,11,13,6,11,9,25,28,44,16,11,0,False
minimax,minimax,19,minimax,minimax,second,43,8,2,24,19,0,0.000000,19,8,8,8,7,29,27,46,11,8,0,False
minimax,minimax,20,minimax,minimax,first,69,11,1,33,36,0,0.000000,11,11,10,11,7,34,27,41,13,7,0,False
minimax,minimax,20,minimax,minimax,second,33,7,1,21,12,0,0.000000,17,12,6,7,8,33,29,41,10,9,0,False
minimax,minimax,21,minimax,minimax,first,39,6,1,18,21,0,0.000000,15,12,9,6,8,29,22,36,10,11,0,False
minimax,minimax,21,minimax,minimax,second,67,14,1,42,25,0,0.000000,15,10,4,14,7,29,22,37,17,8,0,False
minimax,minimax,22,minimax,minimax,first,72,12,2,36,36,0,0.000000,17,8,6,12,7,28,27,35,13,12,0,False
minimax,minimax,22,minimax,minimax,second,31,8,0,24,7,0,0.000000,11,15,8,8,8,25,30,35,12,10,0,False
minimax,minimax,23,minimax,minimax,first,39,6,0,18,21,0,0.000000,18,14,4,6,8,31,23,42,9,9,0,False
minimax,minimax,23,minimax,minimax,second,70,14,1,42,28,0,0.000000,11,8,10,14,7,27,16,44,17,9,0,False
minimax,minimax,24,minimax,minimax,first,47,9,0,27,20,0,0.000000,14,11,10,9,6,32,25,43,9,8,0,False
minimax,minimax,24,minimax,minimax,second,57,10,0,30,27,0,0.000000,16,8,6,10,10,31,22,43,10,11,0,False
minimax,minimax,25,minimax,minimax,first,84,15,0,45,39,0,0.000000,11,11,3,15,10,23,21,44,16,11,0,False
minimax,minimax,25,minimax,minimax,second,21,5,0,15,6,0,0.000000,19,11,9,5,6,28,21,45,7,7,0,False
minimax,minimax,26,minimax,minimax,first,45,9,3,27,18,0,0.000000,13,10,10,9,8,30,14,46,14,10,0,False
minimax,minimax,26,minimax,minimax,second,56,11,2,33,23,0,0.000000,15,11,5,11,8,28,17,44,13,14,0,False
minimax,minimax,27,minimax,minimax,first,39,8,1,24,15,0,0.000000,13,10,9,8,10,26,23,38,13,13,0,False
minimax,minimax,27,minimax,minimax,second,66,12,1,36,30,0,0.000000,15,11,6,12,6,30,30,36,14,11,0,False
minimax,minimax,28,minimax,minimax,first,57,13,4,39,18,0,0.000000,13,14,5,13,5,25,17,45,18,9,0,False
minimax,minimax,28,minimax,minimax,second,43,6,1,18,25,0,0.000000,18,9,6,6,11,28,13,45,12,15,0,False
minimax,minimax,29,minimax,minimax,first,60,11,4,33,27,0,0.000000,11,12,7,11,9,22,21,41,12,12,0,False
minimax,minimax,29,minimax,minimax,second,35,8,0,24,11,0,0.000000,18,11,7,8,6,24,22,42,13,9,0,False
minimax,random,0,minimax,random,first,94,17,2,51,43,0,0.000000,14,10,1,17,8,32,25,30,19,14,0,False
minimax,random,0,random,minimax,second,9,2,0,6,3,0,0.000000,13,11,18,2,6,30,23,33,13,15,0,False
minimax,random,1,minimax,random,first,101,20,6,60,41,0,0.000000,13,9,1,20,7,35,19,28,23,18,0,False
minimax,random,1,random,minimax,second,4,0,0,0,4,0,0.000000,15,13,15,0,7,35,22,30,14,20,0,False
minimax,random,2,minimax,random,first,84,17,4,51,33,0,0.000000,14,7,5,17,7,29,17,27,29,17,0,False
minimax,random,2,random,minimax,second,10,2,0,6,4,0,0.000000,13,15,13,2,7,30,21,30,22,16,0,False
minimax,random,3,minimax,random,first,88,17,4,51,37,0,0.000000,16,7,2,17,8,32,23,19,23,22,0,False
minimax,random,3,random,minimax,second,4,0,0,0,4,0,0.000000,11,16,16,0,7,31,26,24,14,21,0,False
minimax,random,4,minimax,random,first,91,18,0,54,37,0,0.000000,16,8,2,18,6,35,26,14,21,21,0,False
minimax,random,4,random,minimax,second,12,2,0,6,6,0,0.000000,13,13,16,2,6,36,23,21,14,23,0,False
minimax,random,5,minimax,random,first,96,17,6,51,45,0,0.000000,14,9,3,17,7,31,27,21,25,19,0,False
minimax,random,5,random,minimax,second,5,0,0,0,5,0,0.000000,14,15,13,0,8,29,27,26,20,19,0,False
minimax,random,6,minimax,random,first,89,19,4,57,32,0,0.000000,14,11,2,19,4,32,27,22,23,27,0,False
minimax,random,6,random,minimax,second,8,0,0,0,8,0,0.000000,13,13,14,0,10,32,27,23,14,31,0,False
minimax,random,7,minimax,random,first,102,20,2,60,42,0,0.000000,15,5,3,20,7,39,26,15,26,21,0,False
minimax,random,7,random,minimax,second,5,0,0,0,5,0,0.000000,13,14,16,0,7,34,28,22,18,18,0,False
minimax,random,8,minimax,random,first,0,0,0,0,0,50,1.000000,0,0,0,0,0,0,0,0,50,0,100,True
minimax,random,8,random,minimax,second,0,0,0,0,0,50,1.000000,0,0,0,0,0,0,0,0,50,0,100,True
minimax,random,9,minimax,random,first,94,17,6,51,43,0,0.000000,16,6,3,17,8,40,14,19,21,23,0,False
minimax,random,9,random,minimax,second,1,0,0,0,1,0,0.000000,12,18,13,0,7,36,22,26,14,24,0,False
minimax,random,10,minimax,random,first,86,16,3,48,38,0,0.000000,14,7,4,16,9,28,22,27,18,26,0,False
minimax,random,10,random,minimax,second,5,1,0,3,2,0,0.000000,17,12,15,1,5,32,25,28,13,21,0,False
minimax,random,11,minimax,random,first,28,5,3,15,13,31,0.620000,6,3,2,5,3,10,6,6,39,9,63,True
minimax,random,11,random,minimax,second,2,0,0,0,2,32,0.640000,6,3,6,0,3,10,5,7,37,9,63,True
minimax,random,12,minimax,random,first,95,17,2,51,44,0,0.000000,13,7,4,17,9,31,26,23,25,16,0,False
minimax,random,12,random,minimax,second,2,0,0,0,2,0,0.000000,15,15,14,0,6,31,27,27,18,14,0,False
minimax,random,13,minimax,random,first,90,18,5,54,36,0,0.000000,16,5,3,18,8,38,25,23,21,17,0,False
minimax,random,13,random,minimax,second,5,0,0,0,5,0,0.000000,13,16,15,0,6,35,28,25,14,15,0,False
minimax,random,14,minimax,random,first,102,18,3,54,48,0,0.000000,13,6,6,18,7,33,19,22,20,25,0,False
minimax,random,14,random,minimax,second,3,1,0,3,0,0,0.000000,15,15,13,1,6,35,23,23,14,25,0,False
minimax,random,15,minimax,random,first,95,18,3,54,41,0,0.000000,15,8,3,18,6,36,27,14,23,24,0,False
minimax,random,15,random,minimax,second,6,0,0,0,6,0,0.000000,13,13,15,0,9,35,28,21,16,25,0,False
minimax,random,16,minimax,random,first,93,18,6,54,39,0,0.000000,15,9,1,18,7,31,24,29,26,21,0,False
minimax,random,16,random,minimax,second,4,0,0,0,4,0,0.000000,12,15,17,0,6,25,27,29,19,22,0,False
minimax,random,17,minimax,random,first,84,16,4,48,36,0,0.000000,16,8,3,16,7,30,28,22,19,26,0,False
minimax,random,17,random,minimax,second,10,2,0,6,4,0,0.000000,15,15,12,2,6,25,30,23,14,25,0,False
minimax,random,18,minimax,random,first,100,18,4,54,46,0,0.000000,17,8,1,18,6,32,29,20,21,22,0,False
minimax,random,18,random,minimax,second,3,0,0,0,3,0,0.000000,11,14,17,0,8,31,30,26,18,21,0,False
minimax,random,19,minimax,random,first,94,18,3,54,40,0,0.000000,12,6,6,18,8,27,24,20,24,29,0,False
minimax,random,19,random,minimax,second,2,0,0,0,2,0,0.000000,17,16,12,0,5,29,29,23,15,26,0,False
minimax,random,20,minimax,random,first,89,15,1,45,44,0,0.000000,16,10,2,15,7,27,19,27,22,21,0,False
minimax,random,20,random,minimax,second,3,0,0,0,3,0,0.000000,14,12,16,0,8,29,20,32,17,21,0,False
minimax,random,21,minimax,random,first,87,15,5,45,42,0,0.000000,18,7,2,15,8,30,29,28,19,24,0,False
minimax,random,21,random,minimax,second,4,1,0,3,1,0,0.000000,12,16,15,1,6,30,29,31,15,23,0,False
minimax,random,22,minimax,random,first,91,16,2,48,43,0,0.000000,16,9,2,16,7,29,17,22,22,28,0,False
minimax,random,22,random,minimax,second,5,0,0,0,5,0,0.000000,11,15,16,0,8,29,26,28,13,26,0,False
minimax,random,23,minimax,random,first,3,1,1,3,0,48,0.960000,0,1,0,1,0,0,1,1,49,50,97,True
minimax,random,23,random,minimax,second,0,0,0,0,0,49,0.980000,0,0,1,0,0,0,0,1,50,50,97,True
minimax,random,24,minimax,random,first,84,17,6,51,33,0,0.000000,11,11,3,17,8,26,24,21,20,35,0,False
minimax,random,24,random,minimax,second,7,0,0,0,7,0,0.000000,17,12,14,0,7,28,23,30,13,32,0,False
minimax,random,25,minimax,random,first,90,18,2,54,36,0,0.000000,14,8,2,18,8,30,27,20,20,25,0,False
minimax,random,25,random,minimax,second,2,0,0,0,2,0,0.000000,15,15,16,0,4,32,27,24,15,24,0,False
minimax,random,26,minimax,random,first,56,9,2,27,29,15,0.300000,9,9,2,9,6,24,18,16,27,20,31,True
minimax,random,26,random,minimax,second,9,1,0,3,6,16,0.320000,10,8,9,1,6,23,19,19,25,17,31,True
minimax,random,27,minimax,random,first,88,14,4,42,46,0,0.000000,15,9,4,14,8,38,23,17,20,27,0,False
minimax,random,27,random,minimax,second,11,2,0,6,5,0,0.000000,12,15,14,2,7,37,26,18,12,26,0,False
minimax,random,28,minimax,random,first,82,16,5,48,34,0,0.000000,14,11,2,16,7,27,23,27,21,25,0,False
minimax,random,28,random,minimax,second,7,0,0,0,7,0,0.000000,13,12,17,0,8,28,23,30,14,27,0,False
minimax,random,29,minimax,random,first,3,1,1,3,0,48,0.960000,0,1,0,1,0,1,1,0,50,0,96,True
minimax,random,29,random,minimax,second,0,0,0,0,0,48,0.960000,2,0,0,0,0,2,0,0,50,0,96,True
minimax,rule,0,minimax,rule,first,50,9,1,27,23,0,0.000000,19,8,6,9,8,43,15,30,10,8,0,False
minimax,rule,0,rule,minimax,second,57,11,0,33,24,0,0.000000,9,14,10,11,6,34,20,31,12,7,0,False
minimax,rule,1,minimax,rule,first,53,13,2,39,14,0,0.000000,15,9,6,13,7,25,16,43,19,12,0,False
minimax,rule,1,rule,minimax,second,58,7,1,21,37,0,0.000000,15,14,7,7,7,28,23,44,12,12,0,False
minimax,rule,2,minimax,rule,first,58,9,1,27,31,0,0.000000,19,7,6,9,9,34,28,31,12,13,0,False
minimax,rule,2,rule,minimax,second,52,11,0,33,19,0,0.000000,10,12,10,11,7,28,29,35,16,10,0,False
minimax,rule,3,minimax,rule,first,63,11,0,33,30,0,0.000000,15,10,5,11,9,33,24,41,14,17,0,False
minimax,rule,3,rule,minimax,second,45,8,1,24,21,0,0.000000,15,11,11,8,5,33,23,43,10,14,0,False
minimax,rule,4,minimax,rule,first,38,7,1,21,17,0,0.000000,15,12,8,7,8,29,16,42,8,10,0,False
minimax,rule,4,rule,minimax,second,70,11,0,33,37,0,0.000000,14,10,7,11,8,27,16,42,12,10,0,False
minimax,rule,5,minimax,rule,first,63,12,1,36,27,0,0.000000,15,10,5,12,8,37,23,31,13,13,0,False
minimax,rule,5,rule,minimax,second,47,7,1,21,26,0,0.000000,12,11,13,7,7,37,20,31,8,11,0,False
minimax,rule,6,minimax,rule,first,64,13,1,39,25,0,0.000000,12,15,5,13,5,32,27,38,15,13,0,False
minimax,rule,6,rule,minimax,second,50,7,0,21,29,0,0.000000,15,8,9,7,11,30,20,39,12,17,0,False
minimax,rule,7,minimax,rule,first,46,10,0,30,16,0,0.000000,18,11,6,10,5,36,17,35,12,9,0,False
minimax,rule,7,rule,minimax,second,63,9,0,27,36,0,0.000000,10,8,12,9,11,31,20,36,11,15,0,False
minimax,rule,8,minimax,rule,first,0,0,0,0,0,50,1.000000,0,0,0,0,0,0,0,0,50,0,100,True
minimax,rule,8,rule,minimax,second,0,0,0,0,0,50,1.000000,0,0,0,0,0,0,0,0,50,0,100,True
minimax,rule,9,minimax,rule,first,36,7,1,21,15,0,0.000000,20,8,7,7,8,32,21,43,8,10,0,False
minimax,rule,9,rule,minimax,second,71,11,0,33,38,0,0.000000,11,12,8,11,8,25,26,44,13,11,0,False
minimax,rule,10,minimax,rule,first,44,10,0,30,14,0,0.000000,16,12,7,10,5,38,24,32,11,9,0,False
minimax,rule,10,rule,minimax,second,59,7,0,21,38,0,0.000000,13,11,9,7,10,40,24,34,8,13,0,False
minimax,rule,11,minimax,rule,first,49,10,0,30,19,0,0.000000,17,11,6,10,6,35,20,39,10,9,0,False
minimax,rule,11,rule,minimax,second,60,9,0,27,33,0,0.000000,12,11,9,9,9,35,18,41,9,10,0,False
minimax,rule,12,minimax,rule,first,71,14,1,42,29,0,0.000000,12,9,7,14,8,41,26,28,16,10,0,False
minimax,rule,12,rule,minimax,second,40,6,0,18,22,0,0.000000,16,11,9,6,8,42,25,28,11,10,0,False
minimax,rule,13,minimax,rule,first,31,7,0,21,10,0,0.000000,16,11,9,7,7,33,23,31,9,15,0,False
minimax,rule,13,rule,minimax,second,78,12,1,36,42,0,0.000000,12,13,6,12,7,31,26,29,14,13,0,False
minimax,rule,14,minimax,rule,first,68,12,0,36,32,0,0.000000,18,9,3,12,8,38,17,44,12,11,0,False
minimax,rule,14,rule,minimax,second,47,8,0,24,23,0,0.000000,10,12,12,8,8,37,22,45,10,11,0,False
minimax,rule,15,minimax,rule,first,52,12,0,36,16,0,0.000000,14,11,7,12,6,36,20,35,13,8,0,False
minimax,rule,15,rule,minimax,second,61,8,2,24,37,0,0.000000,13,11,9,8,9,38,20,36,9,11,0,False
minimax,rule,16,minimax,rule,first,36,9,0,27,9,0,0.000000,20,9,6,9,6,37,19,39,10,7,0,False
minimax,rule,16,rule,minimax,second,65,8,0,24,41,0,0.000000,10,13,10,8,9,34,20,38,10,11,0,False
minimax,rule,17,minimax,rule,first,38,8,0,24,14,0,0.000000,21,8,8,8,5,36,19,32,16,12,0,False
minimax,rule,17,rule,minimax,second,68,10,3,30,38,0,0.000000,9,12,8,10,11,37,21,32,18,15,0,False
minimax,rule,18,minimax,rule,first,57,8,1,24,33,0,0.000000,17,13,2,8,10,38,28,34,9,16,0,False
minimax,rule,18,rule,minimax,second,50,11,0,33,17,0,0.000000,10,9,14,11,6,40,27,34,13,10,0,False
minimax,rule,19,minimax,rule,first,54,12,1,36,18,0,0.000000,14,10,5,12,9,30,18,32,16,16,0,False
minimax,rule,19,rule,minimax,second,54,7,2,21,33,0,0.000000,15,12,9,7,7,32,23,33,10,10,0,False
minimax,rule,20,minimax,rule,first,44,11,1,33,11,0,0.000000,20,5,7,11,7,33,24,38,13,10,0,False
minimax,rule,20,rule,minimax,second,60,7,1,21,39,0,0.000000,10,16,9,7,8,33,27,38,8,11,0,False
minimax,rule,21,minimax,rule,first,44,5,0,15,29,0,0.000000,21,11,4,5,9,30,27,35,10,11,0,False
minimax,rule,21,rule,minimax,second,65,15,0,45,20,0,0.000000,9,10,11,15,5,29,23,39,17,5,0,False
minimax,rule,22,minimax,rule,first,56,12,1,36,20,0,0.000000,10,15,5,12,8,30,28,41,12,10,0,False
minimax,rule,22,rule,minimax,second,51,7,0,21,30,0,0.000000,17,8,11,7,7,32,24,43,9,9,0,False
minimax,rule,23,minimax,rule,first,19,4,1,12,7,22,0.440000,12,5,4,4,3,20,11,14,30,6,45,True
minimax,rule,23,rule,minimax,second,33,6,0,18,15,23,0.460000,3,7,6,6,5,16,9,14,35,8,45,True
minimax,rule,24,minimax,rule,first,39,8,1,24,15,0,0.000000,18,10,8,8,6,37,22,39,9,8,0,False
minimax,rule,24,rule,minimax,second,62,10,0,30,32,0,0.000000,11,13,7,10,9,38,21,39,11,11,0,False
minimax,rule,25,minimax,rule,first,58,9,0,27,31,0,0.000000,14,13,4,9,10,34,21,32,10,11,0,False
minimax,rule,25,rule,minimax,second,47,9,0,27,20,0,0.000000,15,9,11,9,6,35,19,34,10,7,0,False
minimax,rule,26,minimax,rule,first,50,10,1,30,20,0,0.000000,18,11,5,10,6,37,27,31,11,8,0,False
minimax,rule,26,rule,minimax,second,60,9,0,27,33,0,0.000000,11,11,9,9,10,36,27,30,10,13,0,False
minimax,rule,27,minimax,rule,first,53,8,0,24,29,0,0.000000,19,10,5,8,8,43,25,24,13,12,0,False
minimax,rule,27,rule,minimax,second,61,12,0,36,25,0,0.000000,9,11,12,12,6,43,27,25,15,10,0,False
minimax,rule,28,minimax,rule,first,72,15,0,45,27,0,0.000000,10,11,6,15,8,27,31,38,16,11,0,False
minimax,rule,28,rule,minimax,second,37,4,0,12,25,0,0.000000,18,10,10,4,8,34,25,39,7,12,0,False
minimax,rule,29,minimax,rule,first,70,14,5,42,28,0,0.000000,11,10,7,14,8,37,26,31,16,11,0,False
minimax,rule,29,rule,minimax,second,37,5,0,15,22,0,0.000000,16,11,11,5,7,38,23,35,11,10,0,False
random,expectimax,0,random,expectimax,first,7,0,0,0,7,0,0.000000,12,14,16,0,8,28,32,26,18,20,1,False
random,expectimax,0,expectimax,random,second,74,16,7,48,26,1,0.020000,17,8,2,16,6,35,22,21,22,19,1,False
random,expectimax,1,random,expectimax,first,2,0,0,0,2,0,0.000000,13,13,16,0,8,37,21,22,14,29,0,False
random,expectimax,1,expectimax,random,second,100,19,2,57,43,0,0.000000,15,9,3,19,4,34,22,20,22,27,0,False
random,expectimax,2,random,expectimax,first,6,0,0,0,6,0,0.000000,16,10,16,0,8,37,19,22,19,26,0,False
random,expectimax,2,expectimax,random,second,91,18,2,54,37,0,0.000000,13,10,2,18,7,35,22,15,26,26,0,False
random,expectimax,3,random,expectimax,first,0,0,0,0,0,49,0.980000,1,0,0,0,0,1,0,0,50,50,99,True
random,expectimax,3,expectimax,random,second,0,0,0,0,0,50,1.000000,0,0,0,0,0,0,0,0,50,50,99,True
random,expectimax,4,random,expectimax,first,7,1,0,3,4,0,0.000000,10,17,16,1,6,35,30,25,18,16,0,False
random,expectimax,4,expectimax,random,second,99,18,1,54,45,0,0.000000,16,4,2,18,10,37,26,19,23,20,0,False
random,expectimax,5,random,expectimax,first,2,0,0,0,2,0,0.000000,13,17,14,0,6,29,26,26,12,19,0,False
random,expectimax,5,expectimax,random,second,88,15,1,45,43,0,0.000000,19,7,1,15,8,33,21,24,16,20,0,False
random,expectimax,6,random,expectimax,first,2,0,0,0,2,43,0.860000,4,2,1,0,0,4,3,1,50,2,87,True
random,expectimax,6,expectimax,random,second,10,2,0,6,4,44,0.880000,0,1,2,2,1,2,1,2,50,3,87,True
random,expectimax,7,random,expectimax,first,7,0,0,0,7,0,0.000000,11,18,15,0,6,31,27,33,13,19,0,False
random,expectimax,7,expectimax,random,second,96,19,6,57,39,0,0.000000,18,2,2,19,9,37,21,25,22,21,0,False
random,expectimax,8,random,expectimax,first,0,0,0,0,0,50,1.000000,0,0,0,0,0,0,0,0,50,0,100,True
random,expectimax,8,expectimax,random,second,0,0,0,0,0,50,1.000000,0,0,0,0,0,0,0,0,50,0,100,True
random,expectimax,9,random,expectimax,first,12,1,0,3,9,0,0.000000,14,13,13,1,9,37,23,25,19,22,0,False
random,expectimax,9,expectimax,random,second,89,18,6,54,35,0,0.000000,17,9,2,18,4,37,22,21,29,20,0,False
random,expectimax,10,random,expectimax,first,5,1,0,3,2,0,0.000000,15,16,14,1,4,30,25,22,18,21,0,False
random,expectimax,10,expectimax,random,second,93,17,2,51,42,0,0.000000,16,6,3,17,8,30,22,20,24,21,0,False
random,expectimax,11,random,expectimax,first,5,1,0,3,2,3,0.060000,11,15,13,1,7,30,24,15,20,26,7,False
random,expectimax,11,expectimax,random,second,81,15,3,45,36,4,0.080000,17,6,2,15,6,31,18,10,23,25,7,False
random,expectimax,12,random,expectimax,first,8,2,0,6,2,0,0.000000,13,18,12,2,5,28,32,20,20,20,0,False
random,expectimax,12,expectimax,random,second,94,18,5,54,40,0,0.000000,18,5,2,18,7,33,26,15,29,18,0,False
random,expectimax,13,random,expectimax,first,8,1,0,3,5,0,0.000000,19,13,12,1,5,34,25,18,19,20,0,False
random,expectimax,13,expectimax,random,second,90,18,3,54,36,0,0.000000,10,9,3,18,10,30,25,14,25,24,0,False
random,expectimax,14,random,expectimax,first,8,0,0,0,8,0,0.000000,7,17,14,0,12,34,35,17,11,26,0,False
random,expectimax,14,expectimax,random,second,90,18,2,54,36,0,0.000000,19,6,3,18,4,38,36,13,19,20,0,False
random,expectimax,15,random,expectimax,first,1,0,0,0,1,0,0.000000,14,17,17,0,2,28,24,25,22,24,0,False
random,expectimax,15,expectimax,random,second,99,18,6,54,45,0,0.000000,14,5,2,18,11,27,23,18,26,27,0,False
random,expectimax,16,random,expectimax,first,1,0,0,0,1,0,0.000000,16,12,19,0,3,33,21,27,16,18,0,False
random,expectimax,16,expectimax,random,second,106,19,4,57,49,0,0.000000,12,9,0,19,10,34,21,21,24,22,0,False
random,expectimax,17,random,expectimax,first,0,0,0,0,0,46,0.920000,1,0,3,0,0,1,0,3,50,2,93,True
random,expectimax,17,expectimax,random,second,1,0,0,0,1,47,0.940000,1,1,0,0,1,1,1,0,50,2,93,True
random,expectimax,18,random,expectimax,first,7,0,0,0,7,0,0.000000,14,14,13,0,9,29,24,24,26,30,0,False
random,expectimax,18,expectimax,random,second,95,19,0,57,38,0,0.000000,13,7,4,19,7,33,18,21,30,27,0,False
random,expectimax,19,random,expectimax,first,15,1,1,3,12,0,0.000000,13,14,16,1,6,34,25,22,19,22,0,False
random,expectimax,19,expectimax,random,second,86,17,2,51,35,0,0.000000,15,7,3,17,8,33,23,19,23,22,0,False
random,expectimax,20,random,expectimax,first,9,1,0,3,6,0,0.000000,15,10,16,1,8,31,22,31,20,22,0,False
random,expectimax,20,expectimax,random,second,71,15,4,45,26,0,0.000000,14,10,3,15,8,34,19,25,22,24,0,False
random,expectimax,21,random,expectimax,first,5,0,0,0,5,0,0.000000,12,15,16,0,7,26,29,34,14,20,0,False
random,expectimax,21,expectimax,random,second,94,19,2,57,37,0,0.000000,16,6,3,19,6,30,24,30,26,18,0,False
random,expectimax,22,random,expectimax,first,5,1,0,3,2,0,0.000000,13,13,15,1,8,26,28,23,23,27,0,False
random,expectimax,22,expectimax,random,second,101,19,0,57,44,0,0.000000,12,8,4,19,7,29,25,16,27,25,0,False
random,expectimax,23,random,expectimax,first,6,1,1,3,3,45,0.900000,1,1,2,1,0,2,2,2,49,1,91,True
random,expectimax,23,expectimax,random,second,3,1,0,3,0,46,0.920000,1,0,1,1,1,1,1,1,50,1,91,True
random,expectimax,24,random,expectimax,first,0,0,0,0,0,49,0.980000,0,0,1,0,0,0,0,1,49,50,98,True
random,expectimax,24,expectimax,random,second,0,0,0,0,0,49,0.980000,0,0,1,0,0,0,0,1,49,50,98,True
random,expectimax,25,random,expectimax,first,0,0,0,0,0,48,0.960000,1,1,0,0,0,2,1,0,0,50,96,True
random,expectimax,25,expectimax,random,second,0,0,0,0,0,48,0.960000,2,0,0,0,0,2,0,0,0,50,96,True
random,expectimax,26,random,expectimax,first,4,0,0,0,4,10,0.200000,10,10,14,0,6,31,20,18,23,14,21,True
random,expectimax,26,expectimax,random,second,69,13,0,39,30,11,0.220000,12,8,1,13,5,28,22,14,29,14,21,True
random,expectimax,27,random,expectimax,first,5,0,0,0,5,22,0.440000,11,5,8,0,4,23,7,12,38,12,45,True
random,expectimax,27,expectimax,random,second,43,8,1,24,19,23,0.460000,6,7,1,8,5,20,11,9,41,12,45,True
random,expectimax,28,random,expectimax,first,0,0,0,0,0,49,0.980000,0,1,0,0,0,0,1,0,50,50,99,True
random,expectimax,28,expectimax,random,second,0,0,0,0,0,50,1.000000,0,0,0,0,0,0,0,0,50,50,99,True
random,expectimax,29,random,expectimax,first,6,1,0,3,3,1,0.020000,12,15,13,1,8,32,18,21,19,30,0,False
random,expectimax,29,expectimax,random,second,88,16,2,48,40,0,0.000000,18,7,3,16,6,33,12,22,22,30,0,False
random,greedy,0,random,greedy,first,15,1,0,3,12,0,0.000000,12,17,15,1,5,31,23,26,16,16,0,False
random,greedy,0,greedy,random,second,77,17,2,51,26,0,0.000000,14,6,5,17,8,32,17,26,23,18,0,False
random,greedy,1,random,greedy,first,11,2,0,6,5,0,0.000000,13,14,15,2,6,38,25,18,18,17,0,False
random,greedy,1,greedy,random,second,85,16,4,48,37,0,0.000000,13,10,3,16,8,37,25,17,22,17,0,False
random,greedy,2,random,greedy,first,6,0,0,0,6,0,0.000000,14,17,14,0,5,34,28,28,15,15,0,False
random,greedy,2,greedy,random,second,90,20,1,60,30,0,0.000000,15,4,3,20,8,33,21,26,23,18,0,False
random,greedy,3,random,greedy,first,0,0,0,0,0,49,0.980000,1,0,0,0,0,1,0,0,50,50,99,True
random,greedy,3,greedy,random,second,0,0,0,0,0,50,1.000000,0,0,0,0,0,0,0,0,50,50,99,True
random,greedy,4,random,greedy,first,16,1,0,3,13,0,0.000000,18,9,15,1,7,33,24,22,18,20,0,False
random,greedy,4,greedy,random,second,81,17,2,51,30,0,0.000000,9,14,4,17,6,32,25,17,23,21,0,False
random,greedy,5,random,greedy,first,0,0,0,0,0,47,0.940000,1,2,0,0,0,3,2,0,0,50,95,True
random,greedy,5,greedy,random,second,0,0,0,0,0,48,0.960000,1,1,0,0,0,2,1,0,0,50,95,True
random,greedy,6,random,greedy,first,14,2,0,6,8,0,0.000000,15,17,10,2,6,37,23,25,17,19,0,False
random,greedy,6,greedy,random,second,80,18,3,54,26,0,0.000000,13,4,6,18,9,37,16,25,21,24,0,False
random,greedy,7,random,greedy,first,13,1,0,3,10,0,0.000000,17,8,16,1,8,43,15,29,9,23,0,False
random,greedy,7,greedy,random,second,71,17,3,51,20,0,0.000000,12,12,2,17,7,41,19,22,18,22,0,False
random,greedy,8,random,greedy,first,0,0,0,0,0,50,1.000000,0,0,0,0,0,0,0,0,50,0,100,True
random,greedy,8,greedy,random,second,0,0,0,0,0,50,1.000000,0,0,0,0,0,0,0,0,50,0,100,True
random,greedy,9,random,greedy,first,9,0,0,0,9,0,0.000000,18,13,11,0,8,40,23,20,17,21,0,False
random,greedy,9,greedy,random,second,87,20,6,60,27,0,0.000000,7,10,6,20,7,38,23,17,25,23,0,False
random,greedy,10,random,greedy,first,3,0,0,0,3,0,0.000000,15,13,16,0,6,33,21,24,19,20,0,False
random,greedy,10,greedy,random,second,92,19,2,57,35,0,0.000000,12,11,3,19,5,36,20,23,25,17,0,False
random,greedy,11,random,greedy,first,10,1,0,3,7,0,0.000000,19,13,9,1,8,37,23,17,20,21,0,False
random,greedy,11,greedy,random,second,83,19,4,57,26,0,0.000000,8,8,7,19,8,37,22,19,24,21,0,False
random,greedy,12,random,greedy,first,6,0,0,0,6,0,0.000000,11,16,14,0,9,28,27,28,17,23,0,False
random,greedy,12,greedy,random,second,79,19,3,57,22,0,0.000000,16,7,2,19,6,37,20,25,22,18,0,False
random,greedy,13,random,greedy,first,13,2,0,6,7,0,0.000000,15,11,18,2,4,38,16,32,17,16,0,False
random,greedy,13,greedy,random,second,73,14,2,42,31,0,0.000000,13,10,2,14,11,38,16,24,19,22,0,False
random,greedy,14,random,greedy,first,14,0,0,0,14,0,0.000000,15,15,13,0,7,34,23,24,14,29,0,False
random,greedy,14,greedy,random,second,73,18,3,54,19,0,0.000000,11,8,4,18,9,38,22,20,21,25,0,False
random,greedy,15,random,greedy,first,3,0,0,0,3,0,0.000000,14,13,13,0,10,29,20,31,15,19,0,False
random,greedy,15,greedy,random,second,86,19,4,57,29,0,0.000000,12,8,6,19,5,32,19,29,22,17,0,False
random,greedy,16,random,greedy,first,10,1,1,3,7,0,0.000000,18,10,13,1,8,36,16,33,14,23,0,False
random,greedy,16,greedy,random,second,89,19,7,57,32,0,0.000000,10,11,3,19,7,33,18,29,23,25,0,False
random,greedy,17,random,greedy,first,4,1,0,3,1,44,0.880000,2,0,3,1,0,2,0,3,50,4,89,True
random,greedy,17,greedy,random,second,4,1,1,3,1,45,0.900000,2,1,0,1,1,2,1,0,50,4,89,True
random,greedy,18,random,greedy,first,8,0,0,0,8,0,0.000000,13,14,15,0,8,32,24,24,16,25,0,False
random,greedy,18,greedy,random,second,77,17,1,51,26,0,0.000000,14,9,2,17,8,32,22,19,24,27,0,False
random,greedy,19,random,greedy,first,17,2,1,6,11,0,0.000000,16,10,16,2,6,37,18,24,22,18,0,False
random,greedy,19,greedy,random,second,73,17,4,51,22,0,0.000000,10,11,4,17,8,37,22,19,23,20,0,False
random,greedy,20,random,greedy,first,6,0,0,0,6,0,0.000000,15,15,14,0,6,36,20,26,24,19,0,False
random,greedy,20,greedy,random,second,86,19,0,57,29,0,0.000000,13,5,5,19,8,36,16,23,26,20,0,False
random,greedy,21,random,greedy,first,3,0,0,0,3,0,0.000000,12,14,15,0,9,35,21,31,15,22,0,False
random,greedy,21,greedy,random,second,90,20,4,60,30,0,0.000000,14,7,3,20,6,42,20,23,25,21,0,False
random,greedy,22,random,greedy,first,16,3,1,9,7,0,0.000000,17,13,12,3,5,31,27,26,18,26,0,False
random,greedy,22,greedy,random,second,60,17,5,51,9,0,0.000000,10,9,3,17,11,34,24,23,22,29,0,False
random,greedy,23,random,greedy,first,16,1,0,3,13,0,0.000000,18,14,10,1,7,33,25,30,16,17,0,False
random,greedy,23,greedy,random,second,67,16,3,48,19,0,0.000000,10,10,6,16,8,26,23,30,21,21,0,False
random,greedy,24,random,greedy,first,15,1,0,3,12,0,0.000000,19,10,14,1,6,38,21,22,13,24,0,False
random,greedy,24,greedy,random,second,70,17,1,51,19,0,0.000000,8,13,4,17,8,37,26,20,19,22,0,False
random,greedy,25,random,greedy,first,0,0,0,0,0,48,0.960000,1,1,0,0,0,2,1,0,0,50,96,True
random,greedy,25,greedy,random,second,0,0,0,0,0,48,0.960000,2,0,0,0,0,2,0,0,0,50,96,True
random,greedy,26,random,greedy,first,9,0,0,0,9,0,0.000000,16,12,14,0,8,41,24,26,11,16,0,False
random,greedy,26,greedy,random,second,80,19,1,57,23,0,0.000000,12,8,5,19,6,37,26,25,22,13,0,False
random,greedy,27,random,greedy,first,11,2,0,6,5,0,0.000000,15,13,14,2,6,40,22,24,15,15,0,False
random,greedy,27,greedy,random,second,73,17,1,51,22,0,0.000000,11,10,3,17,9,41,22,20,18,16,0,False
random,greedy,28,random,greedy,first,0,0,0,0,0,49,0.980000,0,1,0,0,0,0,1,0,50,50,99,True
random,greedy,28,greedy,random,second,0,0,0,0,0,50,1.000000,0,0,0,0,0,0,0,0,50,50,99,True
random,greedy,29,random,greedy,first,8,0,0,0,8,1,0.020000,18,12,13,0,6,37,20,20,16,15,0,False
random,greedy,29,greedy,random,second,81,18,3,54,27,0,0.000000,9,11,4,18,8,39,18,21,23,16,0,False
random,mcts,0,random,mcts,first,1,0,0,0,1,44,0.880000,3,0,3,0,0,5,1,3,47,0,88,True
random,mcts,0,mcts,random,second,7,1,0,3,4,44,0.880000,3,1,0,1,1,4,1,2,48,1,88,True
random,mcts,1,random,mcts,first,0,0,0,0,0,47,0.940000,1,1,0,0,1,1,1,0,50,2,94,True
random,mcts,1,mcts,random,second,0,0,0,0,0,47,0.940000,1,1,0,0,1,1,1,0,50,2,94,True
random,mcts,2,random,mcts,first,0,0,0,0,0,45,0.900000,2,0,2,0,1,5,0,3,50,1,91,True
random,mcts,2,mcts,random,second,1,0,0,0,1,46,0.920000,2,0,2,0,0,3,0,2,50,1,91,True
random,mcts,3,random,mcts,first,0,0,0,0,0,49,0.980000,1,0,0,0,0,1,0,0,50,50,99,True
random,mcts,3,mcts,random,second,0,0,0,0,0,50,1.000000,0,0,0,0,0,0,0,0,50,50,99,True
random,mcts,4,random,mcts,first,13,3,1,9,4,1,0.020000,16,11,8,3,11,36,17,17,26,21,0,False
random,mcts,4,mcts,random,second,79,14,2,42,37,0,0.000000,10,12,9,14,5,32,18,20,30,17,0,False
random,mcts,5,random,mcts,first,1,0,0,0,1,0,0.000000,16,15,10,0,9,41,24,17,20,22,0,False
random,mcts,5,mcts,random,second,91,16,2,48,43,0,0.000000,13,8,9,16,4,41,19,19,22,22,0,False
random,mcts,6,random,mcts,first,6,1,0,3,3,0,0.000000,18,15,12,1,4,35,20,22,18,27,0,False
random,mcts,6,mcts,random,second,99,19,5,57,42,0,0.000000,10,8,6,19,7,33,16,18,25,27,0,False
random,mcts,7,random,mcts,first,11,2,1,6,5,3,0.060000,15,10,11,2,9,31,16,17,36,24,7,False
random,mcts,7,mcts,random,second,60,12,0,36,24,4,0.080000,14,9,6,12,5,27,16,13,38,21,7,False
random,mcts,8,random,mcts,first,0,0,0,0,0,50,1.000000,0,0,0,0,0,0,0,0,50,0,100,True
random,mcts,8,mcts,random,second,0,0,0,0,0,50,1.000000,0,0,0,0,0,0,0,0,50,0,100,True
random,mcts,9,random,mcts,first,7,2,1,6,1,44,0.880000,2,1,1,2,0,5,1,1,50,45,88,True
random,mcts,9,mcts,random,second,1,0,0,0,1,44,0.880000,2,2,2,0,0,5,2,3,50,45,88,True
random,mcts,10,random,mcts,first,0,0,0,0,0,46,0.920000,2,2,0,0,0,2,2,0,48,4,92,True
random,mcts,10,mcts,random,second,4,1,1,3,1,46,0.920000,1,1,0,1,1,2,1,0,49,4,92,True
random,mcts,11,random,mcts,first,9,2,0,6,3,23,0.460000,8,8,5,2,4,15,10,6,41,12,47,True
random,mcts,11,mcts,random,second,25,6,2,18,7,24,0.480000,8,5,4,6,3,16,6,7,41,11,47,True
random,mcts,12,random,mcts,first,5,1,0,3,2,0,0.000000,12,15,12,1,10,31,20,20,26,20,0,False
random,mcts,12,mcts,random,second,80,18,0,54,26,0,0.000000,15,8,5,18,4,35,14,16,32,14,0,False
random,mcts,13,random,mcts,first,0,0,0,0,0,40,0.800000,4,2,3,0,1,7,2,5,45,4,80,True
random,mcts,13,mcts,random,second,8,1,1,3,5,40,0.800000,3,2,2,1,2,6,3,3,46,5,80,True
random,mcts,14,random,mcts,first,10,2,0,6,4,0,0.000000,19,6,14,2,9,32,17,21,21,29,0,False
random,mcts,14,mcts,random,second,77,15,1,45,32,0,0.000000,9,15,5,15,6,32,24,17,27,27,0,False
random,mcts,15,random,mcts,first,11,2,0,6,5,0,0.000000,16,10,13,2,9,31,15,25,26,26,0,False
random,mcts,15,mcts,random,second,87,16,0,48,39,0,0.000000,11,12,5,16,6,30,16,22,32,25,0,False
random,mcts,16,random,mcts,first,9,1,0,3,6,0,0.000000,17,13,11,1,8,33,21,21,25,26,0,False
random,mcts,16,mcts,random,second,85,16,5,48,37,0,0.000000,13,10,5,16,6,30,18,18,28,26,0,False
random,mcts,17,random,mcts,first,5,1,0,3,2,46,0.920000,1,0,2,1,0,1,0,3,50,2,92,True
random,mcts,17,mcts,random,second,0,0,0,0,0,46,0.920000,1,1,1,0,1,1,1,1,50,2,92,True
random,mcts,18,random,mcts,first,6,1,0,3,3,0,0.000000,15,15,11,1,8,33,22,18,30,18,0,False
random,mcts,18,mcts,random,second,82,14,2,42,40,0,0.000000,13,9,7,14,7,33,19,14,33,18,0,False
random,mcts,19,random,mcts,first,0,0,0,0,0,47,0.940000,2,0,1,0,0,2,0,1,50,0,94,True
random,mcts,19,mcts,random,second,0,0,0,0,0,47,0.940000,1,1,1,0,0,1,1,1,50,0,94,True
random,mcts,20,random,mcts,first,4,1,0,3,1,8,0.160000,14,11,7,1,9,27,18,14,28,21,17,True
random,mcts,20,mcts,random,second,56,11,1,33,23,9,0.180000,10,7,9,11,4,26,15,16,29,21,17,True
random,mcts,21,random,mcts,first,7,0,0,0,7,0,0.000000,16,15,10,0,9,34,18,17,29,23,0,False
random,mcts,21,mcts,random,second,74,17,4,51,23,0,0.000000,13,6,8,17,6,37,17,17,33,18,0,False
random,mcts,22,random,mcts,first,5,0,0,0,5,0,0.000000,16,15,10,0,9,35,21,20,29,15,0,False
random,mcts,22,mcts,random,second,81,17,1,51,30,0,0.000000,12,6,9,17,6,35,17,19,32,15,0,False
random,mcts,23,random,mcts,first,14,2,0,6,8,0,0.000000,17,12,9,2,10,41,26,16,24,18,0,False
random,mcts,23,mcts,random,second,77,16,4,48,29,0,0.000000,9,11,9,16,5,35,22,15,30,16,0,False
random,mcts,24,random,mcts,first,4,0,0,0,4,0,0.000000,14,16,12,0,8,36,22,20,22,22,0,False
random,mcts,24,mcts,random,second,96,18,2,54,42,0,0.000000,14,7,6,18,5,35,15,21,27,20,0,False
random,mcts,25,random,mcts,first,0,0,0,0,0,48,0.960000,1,1,0,0,0,2,1,0,0,50,96,True
random,mcts,25,mcts,random,second,0,0,0,0,0,48,0.960000,2,0,0,0,0,2,0,0,0,50,96,True
random,mcts,26,random,mcts,first,4,1,0,3,1,0,0.000000,18,11,13,1,7,37,18,24,22,21,0,False
random,mcts,26,mcts,random,second,77,13,0,39,38,0,0.000000,11,12,6,13,8,34,24,20,28,23,0,False
random,mcts,27,random,mcts,first,5,1,0,3,2,0,0.000000,18,13,14,1,4,30,22,30,26,17,0,False
random,mcts,27,mcts,random,second,84,15,0,45,39,0,0.000000,10,8,5,15,12,29,17,26,31,22,0,False
random,mcts,28,random,mcts,first,0,0,0,0,0,49,0.980000,0,1,0,0,0,0,1,0,50,50,99,True
random,mcts,28,mcts,random,second,0,0,0,0,0,50,1.000000,0,0,0,0,0,0,0,0,50,50,99,True
random,mcts,29,random,mcts,first,4,1,0,3,1,1,0.020000,17,15,10,1,6,37,21,11,27,19,0,False
random,mcts,29,mcts,random,second,90,17,3,51,39,0,0.000000,10,7,9,17,7,34,14,16,31,20,0,False
random,minimax,0,random,minimax,first,5,1,0,3,2,19,0.380000,7,9,11,1,3,21,15,15,32,9,38,True
random,minimax,0,minimax,random,second,55,11,3,33,22,19,0.380000,10,4,1,11,5,23,12,10,36,11,38,True
random,minimax,1,random,minimax,first,8,1,0,3,5,0,0.000000,13,14,15,1,7,35,24,24,20,19,0,False
random,minimax,1,minimax,random,second,93,18,3,54,39,0,0.000000,16,8,3,18,5,39,23,17,27,20,0,False
random,minimax,2,random,minimax,first,10,1,0,3,7,0,0.000000,17,13,12,1,7,40,26,18,20,21,0,False
random,minimax,2,minimax,random,second,83,17,0,51,32,0,0.000000,13,8,6,17,6,34,24,16,27,19,0,False
random,minimax,3,random,minimax,first,0,0,0,0,0,49,0.980000,1,0,0,0,0,1,0,0,50,50,99,True
random,minimax,3,minimax,random,second,0,0,0,0,0,50,1.000000,0,0,0,0,0,0,0,0,50,50,99,True
random,minimax,4,random,minimax,first,6,1,0,3,3,0,0.000000,13,13,16,1,7,36,27,29,14,18,0,False
random,minimax,4,minimax,random,second,102,19,2,57,45,0,0.000000,13,9,1,19,8,37,28,24,20,20,0,False
random,minimax,5,random,minimax,first,3,0,0,0,3,0,0.000000,10,16,15,0,9,36,24,22,13,20,0,False
random,minimax,5,minimax,random,second,90,15,1,45,45,0,0.000000,19,7,2,15,7,42,18,17,17,19,0,False
random,minimax,6,random,minimax,first,7,1,0,3,4,0,0.000000,17,11,14,1,7,33,26,23,19,23,0,False
random,minimax,6,minimax,random,second,87,18,3,54,33,0,0.000000,12,11,3,18,6,28,25,18,25,23,0,False
random,minimax,7,random,minimax,first,7,1,0,3,4,6,0.120000,12,14,12,1,5,31,20,25,17,15,12,True
random,minimax,7,minimax,random,second,75,14,7,42,33,6,0.120000,14,5,3,14,8,34,16,20,24,17,12,True
random,minimax,8,random,minimax,first,0,0,0,0,0,50,1.000000,0,0,0,0,0,0,0,0,50,0,100,True
random,minimax,8,minimax,random,second,0,0,0,0,0,50,1.000000,0,0,0,0,0,0,0,0,50,0,100,True
random,minimax,9,random,minimax,first,9,1,0,3,6,0,0.000000,14,15,14,1,6,37,27,21,21,14,0,False
random,minimax,9,minimax,random,second,95,19,3,57,38,0,0.000000,13,8,2,19,8,33,29,15,28,14,0,False
random,minimax,10,random,minimax,first,5,1,0,3,2,0,0.000000,15,13,16,1,5,31,25,23,20,26,0,False
random,minimax,10,minimax,random,second,95,17,2,51,44,0,0.000000,13,9,2,17,9,31,25,21,24,28,0,False
random,minimax,11,random,minimax,first,10,1,0,3,7,0,0.000000,11,14,14,1,10,36,22,16,16,27,0,False
random,minimax,11,minimax,random,second,89,19,3,57,32,0,0.000000,18,8,2,19,3,37,19,15,21,23,0,False
random,minimax,12,random,minimax,first,9,1,1,3,6,19,0.380000,8,8,8,1,6,19,15,12,34,14,38,True
random,minimax,12,minimax,random,second,48,11,2,33,15,19,0.380000,10,5,2,11,3,24,10,8,35,11,38,True
random,minimax,13,random,minimax,first,7,1,0,3,4,18,0.360000,12,6,10,1,3,21,13,12,31,19,36,True
random,minimax,13,minimax,random,second,47,9,2,27,20,18,0.360000,8,6,2,9,7,20,12,10,32,20,36,True
random,minimax,14,random,minimax,first,1,0,0,0,1,0,0.000000,9,15,18,0,8,26,27,27,12,21,0,False
random,minimax,14,minimax,random,second,99,17,3,51,48,0,0.000000,18,8,0,17,7,34,28,22,20,22,0,False
random,minimax,15,random,minimax,first,9,2,0,6,3,0,0.000000,14,13,13,2,8,28,22,26,25,23,0,False
random,minimax,15,minimax,random,second,93,16,7,48,45,0,0.000000,14,8,5,16,7,32,19,20,26,23,0,False
random,minimax,16,random,minimax,first,2,0,0,0,2,0,0.000000,18,11,18,0,3,37,22,23,18,19,0,False
random,minimax,16,minimax,random,second,102,20,5,60,42,0,0.000000,12,7,1,20,10,28,22,12,27,25,0,False
random,minimax,17,random,minimax,first,8,1,0,3,5,0,0.000000,13,14,16,1,6,30,28,21,20,27,0,False
random,minimax,17,minimax,random,second,82,15,5,45,37,0,0.000000,16,8,3,15,8,30,29,14,25,26,0,False
random,minimax,18,random,minimax,first,3,0,0,0,3,0,0.000000,16,12,15,0,7,35,20,28,15,20,0,False
random,minimax,18,minimax,random,second,99,19,2,57,42,0,0.000000,11,8,4,19,8,35,19,23,23,20,0,False
random,minimax,19,random,minimax,first,7,1,1,3,4,0,0.000000,12,18,15,1,4,35,22,30,13,23,0,False
random,minimax,19,minimax,random,second,95,17,6,51,44,0,0.000000,18,3,2,17,10,35,17,29,19,24,0,False
random,minimax,20,random,minimax,first,14,3,0,9,5,0,0.000000,14,13,14,3,6,30,20,28,25,18,0,False
random,minimax,20,minimax,random,second,82,15,3,45,37,0,0.000000,13,9,5,15,8,34,19,21,27,22,0,False
random,minimax,21,random,minimax,first,7,1,0,3,4,0,0.000000,11,12,15,1,11,27,26,29,13,24,0,False
random,minimax,21,minimax,random,second,94,19,5,57,37,0,0.000000,15,7,5,19,4,33,23,27,24,21,0,False
random,minimax,22,random,minimax,first,3,0,0,0,3,0,0.000000,19,12,14,0,5,31,19,23,21,22,0,False
random,minimax,22,minimax,random,second,100,19,2,57,43,0,0.000000,10,10,2,19,9,32,20,21,23,26,0,False
random,minimax,23,random,minimax,first,0,0,0,0,0,46,0.920000,2,1,1,0,0,2,2,1,49,1,93,True
random,minimax,23,minimax,random,second,3,1,0,3,0,47,0.940000,0,0,1,1,1,0,1,1,50,1,93,True
random,minimax,24,random,minimax,first,0,0,0,0,0,49,0.980000,0,0,1,0,0,0,0,1,49,50,98,True
random,minimax,24,minimax,random,second,0,0,0,0,0,49,0.980000,0,0,1,0,0,0,0,1,49,50,98,True
random,minimax,25,random,minimax,first,1,0,0,0,1,40,0.800000,2,3,3,0,2,5,3,4,45,4,80,True
random,minimax,25,minimax,random,second,14,2,0,6,8,40,0.800000,4,1,2,2,1,6,1,5,46,3,80,True
random,minimax,26,random,minimax,first,4,1,0,3,1,0,0.000000,14,14,15,1,6,34,30,23,14,18,0,False
random,minimax,26,minimax,random,second,91,16,1,48,43,0,0.000000,15,9,1,16,9,29,29,18,21,23,0,False
random,minimax,27,random,minimax,first,10,2,0,6,4,0,0.000000,14,14,15,2,5,32,25,24,13,22,0,False
random,minimax,27,minimax,random,second,92,17,2,51,41,0,0.000000,15,7,2,17,9,37,27,17,18,25,0,False
random,minimax,28,random,minimax,first,0,0,0,0,0,49,0.980000,0,1,0,0,0,0,1,0,50,50,99,True
random,minimax,28,minimax,random,second,0,0,0,0,0,50,1.000000,0,0,0,0,0,0,0,0,50,50,99,True
random,minimax,29,random,minimax,first,3,0,0,0,3,1,0.020000,12,16,12,0,9,30,23,22,17,21,0,False
random,minimax,29,minimax,random,second,91,17,2,51,40,0,0.000000,16,6,7,17,4,30,18,22,24,20,0,False
random,random,0,random,random,first,0,0,0,0,0,46,0.920000,1,1,2,0,0,4,2,3,47,0,92,True
random,random,0,random,random,second,0,0,0,0,0,46,0.920000,3,0,1,0,0,3,1,3,48,0,92,True
random,random,1,random,random,first,0,0,0,0,0,49,0.980000,0,1,0,0,0,0,1,0,50,50,98,True
random,random,1,random,random,second,0,0,0,0,0,49,0.980000,0,1,0,0,0,0,1,0,50,50,98,True
random,random,2,random,random,first,19,6,0,18,1,12,0.240000,14,7,6,6,5,21,8,7,49,11,24,True
random,random,2,random,random,second,18,3,1,9,9,12,0.240000,10,11,9,3,5,13,11,10,49,11,24,True
random,random,3,random,random,first,0,0,0,0,0,49,0.980000,1,0,0,0,0,1,0,0,50,50,99,True
random,random,3,random,random,second,0,0,0,0,0,50,1.000000,0,0,0,0,0,0,0,0,50,50,99,True
random,random,4,random,random,first,3,1,0,3,0,39,0.780000,4,1,4,1,1,7,2,4,47,6,78,True
random,random,4,random,random,second,4,1,0,3,1,39,0.780000,2,4,1,1,3,6,4,1,47,6,78,True
random,random,5,random,random,first,1,0,0,0,1,33,0.660000,7,5,2,0,3,8,6,3,44,8,66,True
random,random,5,random,random,second,10,3,0,9,1,33,0.660000,4,2,4,3,4,7,2,4,44,9,66,True
random,random,6,random,random,first,5,1,0,3,2,44,0.880000,2,2,1,1,0,2,3,1,50,3,88,True
random,random,6,random,random,second,0,0,0,0,0,44,0.880000,2,1,2,0,1,2,1,2,50,4,88,True
random,random,7,random,random,first,26,7,0,21,5,0,0.000000,19,10,7,7,7,28,13,12,44,17,0,False
random,random,7,random,random,second,30,7,1,21,9,0,0.000000,12,11,12,7,8,29,17,14,46,18,0,False
random,random,8,random,random,first,0,0,0,0,0,50,1.000000,0,0,0,0,0,0,0,0,50,0,100,True
random,random,8,random,random,second,0,0,0,0,0,50,1.000000,0,0,0,0,0,0,0,0,50,0,100,True
random,random,9,random,random,first,19,4,0,12,7,0,0.000000,22,9,9,4,6,29,13,12,50,16,0,False
random,random,9,random,random,second,30,9,0,27,3,0,0.000000,8,14,11,9,8,16,17,14,49,15,0,False
random,random,10,random,random,first,4,1,0,3,1,43,0.860000,2,2,1,1,1,3,3,1,49,2,87,True
random,random,10,random,random,second,3,1,0,3,0,44,0.880000,2,2,1,1,0,2,3,1,50,1,87,True
random,random,11,random,random,first,8,1,0,3,5,18,0.360000,11,9,7,1,4,12,11,7,45,10,37,True
random,random,11,random,random,second,25,7,0,21,4,19,0.380000,8,8,4,7,4,13,11,5,46,10,37,True
random,random,12,random,random,first,6,2,1,6,0,34,0.680000,6,2,3,2,3,7,3,3,50,4,69,True
random,random,12,random,random,second,4,1,0,3,1,36,0.720000,3,6,2,1,2,5,6,3,50,5,69,True
random,random,13,random,random,first,9,3,0,9,0,35,0.700000,4,4,3,3,1,7,4,6,50,5,71,True
random,random,13,random,random,second,0,0,0,0,0,36,0.720000,5,3,3,0,3,6,3,4,50,5,71,True
random,random,14,random,random,first,8,2,1,6,2,27,0.540000,9,5,4,2,3,13,6,4,44,8,55,True
random,random,14,random,random,second,7,2,0,6,1,29,0.580000,7,5,4,2,3,13,6,4,44,6,55,True
random,random,15,random,random,first,0,0,0,0,0,44,0.880000,1,3,2,0,0,2,3,3,50,0,88,True
random,random,15,random,random,second,0,0,0,0,0,44,0.880000,0,2,2,0,2,1,3,2,50,2,88,True
random,random,16,random,random,first,5,1,0,3,2,42,0.840000,4,1,1,1,1,6,1,4,47,5,85,True
random,random,16,random,random,second,0,0,0,0,0,43,0.860000,2,1,2,0,2,3,1,3,47,6,85,True
random,random,17,random,random,first,23,6,1,18,5,0,0.000000,15,13,11,6,5,27,16,15,39,17,1,False
random,random,17,random,random,second,37,8,0,24,13,2,0.040000,15,8,9,8,8,27,12,10,40,19,1,False
random,random,18,random,random,first,3,1,0,3,0,41,0.820000,1,3,2,1,2,4,3,2,50,6,83,True
random,random,18,random,random,second,0,0,0,0,0,42,0.840000,3,2,1,0,2,5,2,1,50,6,83,True
random,random,19,random,random,first,0,0,0,0,0,47,0.940000,2,0,1,0,0,2,0,1,50,0,94,True
random,random,19,random,random,second,0,0,0,0,0,47,0.940000,1,1,1,0,0,1,1,1,50,0,94,True
random,random,20,random,random,first,33,9,2,27,6,0,0.000000,16,11,9,9,5,23,15,15,38,19,0,False
random,random,20,random,random,second,30,6,1,18,12,0,0.000000,14,13,9,6,8,26,18,15,37,20,0,False
random,random,21,random,random,first,22,6,0,18,4,9,0.180000,11,10,8,6,6,17,13,8,48,23,18,True
random,random,21,random,random,second,22,5,0,15,7,9,0.180000,15,9,6,5,6,19,14,7,48,18,18,True
random,random,22,random,random,first,0,0,0,0,0,41,0.820000,1,3,2,0,3,1,4,3,49,3,82,True
random,random,22,random,random,second,4,1,0,3,1,41,0.820000,2,3,2,1,1,2,4,3,50,3,82,True
random,random,23,random,random,first,0,0,0,0,0,48,0.960000,0,0,1,0,1,0,1,1,49,2,97,True
random,random,23,random,random,second,0,0,0,0,0,49,0.980000,0,1,0,0,0,0,1,0,50,1,97,True
random,random,24,random,random,first,0,0,0,0,0,47,0.940000,1,0,1,0,1,1,0,1,49,2,95,True
random,random,24,random,random,second,0,0,0,0,0,48,0.960000,0,0,1,0,1,0,0,1,49,2,95,True
random,random,25,random,random,first,3,1,0,3,0,40,0.800000,3,2,2,1,2,4,3,2,47,4,80,True
random,random,25,random,random,second,3,1,0,3,0,40,0.800000,3,2,3,1,1,4,2,3,47,4,80,True
random,random,26,random,random,first,22,5,0,15,7,0,0.000000,17,9,12,5,7,23,10,15,47,20,0,False
random,random,26,random,random,second,19,6,0,18,1,0,0.000000,15,13,7,6,9,20,15,7,48,22,0,False
random,random,27,random,random,first,2,0,0,0,2,37,0.740000,5,2,4,0,2,5,3,4,50,7,74,True
random,random,27,random,random,second,9,3,0,9,0,37,0.740000,3,4,1,3,2,3,4,2,50,7,74,True
random,random,28,random,random,first,0,0,0,0,0,49,0.980000,0,1,0,0,0,0,1,0,50,50,99,True
random,random,28,random,random,second,0,0,0,0,0,50,1.000000,0,0,0,0,0,0,0,0,50,50,99,True
random,random,29,random,random,first,0,0,0,0,0,49,0.980000,1,0,0,0,0,1,1,0,50,0,98,True
random,random,29,random,random,second,0,0,0,0,0,49,0.980000,0,1,0,0,0,0,1,0,50,0,98,True
random,rule,0,random,rule,first,5,1,1,3,2,42,0.840000,3,1,3,1,0,5,2,3,47,0,85,True
random,rule,0,rule,random,second,7,1,0,3,4,43,0.860000,4,1,0,1,1,5,1,2,48,1,85,True
random,rule,1,random,rule,first,8,1,0,3,5,0,0.000000,11,18,12,1,8,33,24,22,17,23,0,False
random,rule,1,rule,random,second,99,18,3,54,45,0,0.000000,16,5,6,18,5,38,21,19,24,23,0,False
random,rule,2,random,rule,first,9,2,0,6,3,0,0.000000,17,10,13,2,8,34,22,27,26,25,0,False
random,rule,2,rule,random,second,94,16,0,48,46,0,0.000000,11,13,4,16,6,27,25,23,32,25,0,False
random,rule,3,random,rule,first,0,0,0,0,0,49,0.980000,1,0,0,0,0,1,0,0,50,50,99,True
random,rule,3,rule,random,second,0,0,0,0,0,50,1.000000,0,0,0,0,0,0,0,0,50,50,99,True
random,rule,4,random,rule,first,2,0,0,0,2,0,0.000000,14,13,14,0,9,34,27,22,14,18,0,False
random,rule,4,rule,random,second,109,20,1,60,49,0,0.000000,13,8,3,20,6,36,27,20,21,18,0,False
random,rule,5,random,rule,first,10,2,0,6,4,0,0.000000,12,15,16,2,5,35,23,28,21,16,0,False
random,rule,5,rule,random,second,90,15,1,45,45,0,0.000000,17,8,2,15,8,35,15,23,25,20,0,False
random,rule,6,random,rule,first,8,1,0,3,5,0,0.000000,15,12,12,1,10,36,19,25,14,21,0,False
random,rule,6,rule,random,second,98,18,3,54,44,0,0.000000,14,9,6,18,3,36,17,23,20,18,0,False
random,rule,7,random,rule,first,4,1,0,3,1,0,0.000000,12,17,16,1,4,40,23,27,18,19,0,False
random,rule,7,rule,random,second,104,18,4,54,50,0,0.000000,13,7,2,18,10,40,17,16,24,24,0,False
random,rule,8,random,rule,first,0,0,0,0,0,50,1.000000,0,0,0,0,0,0,0,0,50,0,100,True
random,rule,8,rule,random,second,0,0,0,0,0,50,1.000000,0,0,0,0,0,0,0,0,50,0,100,True
random,rule,9,random,rule,first,10,1,0,3,7,0,0.000000,14,12,14,1,9,40,22,21,11,31,0,False
random,rule,9,rule,random,second,99,19,1,57,42,0,0.000000,15,6,3,19,7,36,22,16,23,29,0,False
random,rule,10,random,rule,first,1,0,0,0,1,0,0.000000,21,12,13,0,4,36,24,22,18,18,0,False
random,rule,10,rule,random,second,106,19,1,57,49,0,0.000000,7,10,5,19,9,34,22,17,24,21,0,False
random,rule,11,random,rule,first,10,1,0,3,7,0,0.000000,11,17,13,1,8,28,22,23,22,16,0,False
random,rule,11,rule,random,second,102,19,2,57,45,0,0.000000,17,4,5,19,5,30,19,25,26,14,0,False
random,rule,12,random,rule,first,0,0,0,0,0,46,0.920000,2,1,1,0,0,2,1,1,50,0,93,True
random,rule,12,rule,random,second,2,0,0,0,2,47,0.940000,3,0,0,0,0,3,0,0,50,0,93,True
random,rule,13,random,rule,first,15,2,0,6,9,0,0.000000,18,8,15,2,7,36,17,21,23,24,0,False
random,rule,13,rule,random,second,86,15,1,45,41,0,0.000000,12,13,4,15,6,33,18,16,24,23,0,False
random,rule,14,random,rule,first,4,1,0,3,1,0,0.000000,20,11,12,1,6,34,23,24,14,26,0,False
random,rule,14,rule,random,second,104,18,1,54,50,0,0.000000,8,11,5,18,8,33,28,18,21,26,0,False
random,rule,15,random,rule,first,4,0,0,0,4,0,0.000000,14,14,15,0,7,34,22,31,21,16,0,False
random,rule,15,rule,random,second,101,18,3,54,47,0,0.000000,13,8,2,18,9,36,21,27,27,19,0,False
random,rule,16,random,rule,first,5,1,0,3,2,0,0.000000,15,14,14,1,6,37,22,23,13,21,0,False
random,rule,16,rule,random,second,105,19,3,57,48,0,0.000000,15,5,2,19,9,34,18,21,21,24,0,False
random,rule,17,random,rule,first,0,0,0,0,0,46,0.920000,1,0,3,0,0,1,0,3,50,2,92,True
random,rule,17,rule,random,second,4,1,0,3,1,46,0.920000,1,1,0,1,1,1,1,0,50,2,92,True
random,rule,18,random,rule,first,7,0,0,0,7,0,0.000000,16,14,10,0,10,30,26,20,21,24,0,False
random,rule,18,rule,random,second,99,19,1,57,42,0,0.000000,12,8,6,19,5,31,24,19,28,23,0,False
random,rule,19,random,rule,first,5,1,0,3,2,0,0.000000,14,12,16,1,7,35,23,22,17,22,0,False
random,rule,19,rule,random,second,102,19,3,57,45,0,0.000000,12,9,3,19,7,36,22,19,22,21,0,False
random,rule,20,random,rule,first,8,0,0,0,8,0,0.000000,14,13,12,0,11,38,29,20,19,21,0,False
random,rule,20,rule,random,second,89,16,1,48,41,0,0.000000,14,9,7,16,4,37,27,20,21,19,0,False
random,rule,21,random,rule,first,5,0,0,0,5,0,0.000000,15,15,12,0,8,34,24,14,22,26,0,False
random,rule,21,rule,random,second,100,19,2,57,43,0,0.000000,14,7,3,19,7,35,27,12,29,22,0,False
random,rule,22,random,rule,first,10,1,0,3,7,0,0.000000,13,14,13,1,9,35,24,27,15,20,0,False
random,rule,22,rule,random,second,96,19,4,57,39,0,0.000000,14,8,5,19,4,38,22,25,22,19,0,False
random,rule,23,random,rule,first,1,0,0,0,1,48,0.960000,0,0,1,0,1,0,1,1,49,2,97,True
random,rule,23,rule,random,second,1,0,0,0,1,49,0.980000,0,1,0,0,0,0,1,0,50,1,97,True
random,rule,24,random,rule,first,12,2,0,6,6,0,0.000000,16,10,14,2,8,33,21,26,13,22,0,False
random,rule,24,rule,random,second,90,16,0,48,42,0,0.000000,10,13,4,16,7,34,22,23,18,21,0,False
random,rule,25,random,rule,first,1,0,0,0,1,42,0.840000,2,3,2,0,1,4,3,2,47,4,84,True
random,rule,25,rule,random,second,10,1,0,3,7,42,0.840000,3,0,2,1,2,5,0,3,47,4,84,True
random,rule,26,random,rule,first,8,0,0,0,8,0,0.000000,16,14,12,0,8,33,18,28,20,25,0,False
random,rule,26,rule,random,second,94,17,0,51,43,0,0.000000,14,8,5,17,6,33,19,21,24,24,0,False
random,rule,27,random,rule,first,9,1,0,3,6,0,0.000000,18,11,13,1,7,33,20,24,15,29,0,False
random,rule,27,rule,random,second,100,19,2,57,43,0,0.000000,8,10,5,19,8,33,20,24,23,28,0,False
random,rule,28,random,rule,first,0,0,0,0,0,49,0.980000,0,1,0,0,0,0,1,0,50,50,99,True
random,rule,28,rule,random,second,0,0,0,0,0,50,1.000000,0,0,0,0,0,0,0,0,50,50,99,True
random,rule,29,random,rule,first,0,0,0,0,0,49,0.980000,1,0,0,0,0,1,1,0,50,0,98,True
random,rule,29,rule,random,second,1,0,0,0,1,49,0.980000,0,1,0,0,0,0,1,0,50,0,98,True
rule,expectimax,0,rule,expectimax,first,53,5,0,15,38,0,0.000000,14,13,10,5,8,30,28,33,9,14,0,False
rule,expectimax,0,expectimax,rule,second,56,14,1,42,14,0,0.000000,13,10,7,14,6,32,23,32,15,14,0,False
rule,expectimax,1,rule,expectimax,first,58,10,0,30,28,0,0.000000,13,9,10,10,8,28,19,41,13,9,0,False
rule,expectimax,1,expectimax,rule,second,50,8,1,24,26,0,0.000000,15,13,7,8,7,33,21,40,9,10,0,False
rule,expectimax,2,rule,expectimax,first,65,8,0,24,41,0,0.000000,16,9,6,8,11,39,19,40,12,11,0,False
rule,expectimax,2,expectimax,rule,second,46,12,0,36,10,0,0.000000,13,13,7,12,5,38,19,40,17,5,0,False
rule,expectimax,3,rule,expectimax,first,59,13,0,39,20,0,0.000000,13,10,9,13,5,26,31,31,14,8,0,False
rule,expectimax,3,expectimax,rule,second,46,6,0,18,28,0,0.000000,18,12,5,6,9,31,31,31,7,10,0,False
rule,expectimax,4,rule,expectimax,first,46,8,0,24,22,0,0.000000,14,12,8,8,8,30,24,43,8,8,0,False
rule,expectimax,4,expectimax,rule,second,67,11,0,33,34,0,0.000000,16,11,5,11,7,30,24,42,11,8,0,False
rule,expectimax,5,rule,expectimax,first,66,10,0,30,36,0,0.000000,13,13,6,10,8,34,18,38,10,11,0,False
rule,expectimax,5,expectimax,rule,second,45,9,1,27,18,0,0.000000,17,9,7,9,8,36,17,38,10,12,0,False
rule,expectimax,6,rule,expectimax,first,53,8,0,24,29,0,0.000000,9,15,11,8,7,35,23,32,9,8,0,False
rule,expectimax,6,expectimax,rule,second,52,10,0,30,22,0,0.000000,20,8,3,10,9,37,19,29,12,10,0,False
rule,expectimax,7,rule,expectimax,first,63,12,0,36,27,0,0.000000,11,5,13,12,9,36,28,29,14,12,0,False
rule,expectimax,7,expectimax,rule,second,49,8,0,24,25,0,0.000000,16,16,3,8,7,35,33,23,11,12,0,False
rule,expectimax,8,rule,expectimax,first,0,0,0,0,0,50,1.000000,0,0,0,0,0,0,0,0,50,0,100,True
rule,expectimax,8,expectimax,rule,second,0,0,0,0,0,50,1.000000,0,0,0,0,0,0,0,0,50,0,100,True
rule,expectimax,9,rule,expectimax,first,47,7,0,21,26,0,0.000000,13,10,13,7,7,36,30,34,8,8,0,False
rule,expectimax,9,expectimax,rule,second,63,11,1,33,30,0,0.000000,14,13,4,11,8,36,32,32,13,10,0,False
rule,expectimax,10,rule,expectimax,first,61,9,2,27,34,0,0.000000,13,14,8,9,6,34,28,33,11,10,0,False
rule,expectimax,10,expectimax,rule,second,50,10,1,30,20,0,0.000000,17,8,6,10,9,35,28,33,12,11,0,False
rule,expectimax,11,rule,expectimax,first,54,9,0,27,27,0,0.000000,17,10,7,9,7,33,21,38,12,9,0,False
rule,expectimax,11,expectimax,rule,second,59,10,0,30,29,0,0.000000,13,14,5,10,8,31,23,39,10,10,0,False
rule,expectimax,12,rule,expectimax,first,52,6,2,18,34,0,0.000000,11,15,9,6,9,28,28,37,11,10,0,False
rule,expectimax,12,expectimax,rule,second,61,14,1,42,19,0,0.000000,19,8,3,14,6,33,22,35,17,9,0,False
rule,expectimax,13,rule,expectimax,first,71,12,2,36,35,0,0.000000,9,11,10,12,8,33,24,37,14,13,0,False
rule,expectimax,13,expectimax,rule,second,34,7,2,21,13,0,0.000000,21,11,5,7,6,37,24,37,9,9,0,False
rule,expectimax,14,rule,expectimax,first,59,8,1,24,35,0,0.000000,13,15,7,8,7,36,26,39,9,17,0,False
rule,expectimax,14,expectimax,rule,second,47,11,2,33,14,0,0.000000,15,6,9,11,9,37,23,36,11,17,0,False
rule,expectimax,15,rule,expectimax,first,68,11,2,33,35,0,0.000000,10,11,10,11,8,28,23,36,16,15,0,False
rule,expectimax,15,expectimax,rule,second,41,7,1,21,20,0,0.000000,16,11,8,7,8,28,22,34,12,14,0,False
rule,expectimax,16,rule,expectimax,first,54,10,0,30,24,0,0.000000,12,13,10,10,5,39,18,35,10,6,0,False
rule,expectimax,16,expectimax,rule,second,53,8,0,24,29,0,0.000000,17,7,7,8,11,38,18,34,11,12,0,False
rule,expectimax,17,rule,expectimax,first,43,7,0,21,22,0,0.000000,11,12,12,7,8,35,32,22,8,14,0,False
rule,expectimax,17,expectimax,rule,second,60,11,1,33,27,0,0.000000,15,10,6,11,8,37,34,19,12,12,0,False
rule,expectimax,18,rule,expectimax,first,46,7,0,21,25,0,0.000000,14,15,5,7,9,34,21,40,9,14,0,False
rule,expectimax,18,expectimax,rule,second,66,12,2,36,30,0,0.000000,16,7,8,12,7,34,15,41,14,11,0,False
rule,expectimax,19,rule,expectimax,first,64,10,0,30,34,0,0.000000,9,13,11,10,7,37,23,36,15,7,0,False
rule,expectimax,19,expectimax,rule,second,44,9,1,27,17,0,0.000000,18,8,6,9,9,40,17,35,11,9,0,False
rule,expectimax,20,rule,expectimax,first,57,10,0,30,27,0,0.000000,8,13,9,10,10,27,32,36,12,11,0,False
rule,expectimax,20,expectimax,rule,second,50,9,0,27,23,0,0.000000,19,8,8,9,6,33,30,33,11,10,0,False
rule,expectimax,21,rule,expectimax,first,53,5,0,15,38,0,0.000000,12,16,7,5,10,30,29,33,8,16,0,False
rule,expectimax,21,expectimax,rule,second,53,13,0,39,14,0,0.000000,16,7,9,13,5,32,24,34,15,8,0,False
rule,expectimax,22,rule,expectimax,first,70,10,1,30,40,0,0.000000,9,10,11,10,10,34,22,27,12,13,0,False
rule,expectimax,22,expectimax,rule,second,43,10,0,30,13,0,0.000000,15,12,7,10,6,36,26,25,14,8,0,False
rule,expectimax,23,rule,expectimax,first,48,7,0,21,27,0,0.000000,15,8,12,7,8,35,21,43,10,14,0,False
rule,expectimax,23,expectimax,rule,second,61,12,0,36,25,0,0.000000,14,13,3,12,8,31,22,40,15,12,0,False
rule,expectimax,24,rule,expectimax,first,52,9,0,27,25,0,0.000000,14,10,10,9,7,38,26,33,9,15,0,False
rule,expectimax,24,expectimax,rule,second,53,10,1,30,23,0,0.000000,16,9,7,10,8,34,26,31,10,14,0,False
rule,expectimax,25,rule,expectimax,first,80,13,2,39,41,0,0.000000,8,12,10,13,7,31,19,33,13,16,0,False
rule,expectimax,25,expectimax,rule,second,30,7,0,21,9,0,0.000000,22,8,6,7,7,34,21,35,9,13,0,False
rule,expectimax,26,rule,expectimax,first,58,9,0,27,31,0,0.000000,11,9,14,9,7,37,25,37,13,8,0,False
rule,expectimax,26,expectimax,rule,second,54,10,0,30,24,0,0.000000,16,13,3,10,8,35,27,31,13,10,0,False
rule,expectimax,27,rule,expectimax,first,57,10,2,30,27,0,0.000000,14,13,6,10,7,25,26,43,16,12,0,False
rule,expectimax,27,expectimax,rule,second,54,9,0,27,27,0,0.000000,15,9,8,9,9,26,27,42,15,12,0,False
rule,expectimax,28,rule,expectimax,first,68,13,0,39,29,0,0.000000,8,15,6,13,8,31,25,33,14,12,0,False
rule,expectimax,28,expectimax,rule,second,46,7,0,21,25,0,0.000000,19,6,11,7,7,35,23,35,8,12,0,False
rule,expectimax,29,rule,expectimax,first,1,0,0,0,1,49,0.980000,0,1,0,0,0,1,1,0,50,0,98,True
rule,expectimax,29,expectimax,rule,second,0,0,0,0,0,49,0.980000,1,0,0,0,0,1,0,0,50,0,98,True
rule,greedy,0,rule,greedy,first,61,5,1,15,46,0,0.000000,12,13,10,5,10,46,18,24,8,15,0,False
rule,greedy,0,greedy,rule,second,45,15,3,45,0,0,0.000000,13,8,9,15,5,47,18,22,15,11,0,False
rule,greedy,1,rule,greedy,first,81,13,0,39,42,0,0.000000,10,12,9,13,6,28,15,40,15,11,0,False
rule,greedy,1,greedy,rule,second,29,7,0,21,8,0,0.000000,18,11,5,7,9,32,14,42,11,15,0,False
rule,greedy,2,rule,greedy,first,76,9,0,27,49,0,0.000000,14,13,5,9,9,35,23,33,12,10,0,False
rule,greedy,2,greedy,rule,second,30,10,0,30,0,0,0.000000,13,9,11,10,7,33,18,35,14,9,0,False
rule,greedy,3,rule,greedy,first,84,13,0,39,45,0,0.000000,11,10,8,13,8,40,18,29,15,13,0,False
rule,greedy,3,greedy,rule,second,20,6,0,18,2,0,0.000000,13,14,11,6,6,40,21,30,7,9,0,False
rule,greedy,4,rule,greedy,first,77,9,0,27,50,0,0.000000,15,11,6,9,9,39,18,29,9,10,0,False
rule,greedy,4,greedy,rule,second,30,10,0,30,0,0,0.000000,10,13,10,10,7,39,19,28,11,11,0,False
rule,greedy,5,rule,greedy,first,79,10,1,30,49,0,0.000000,13,13,4,10,10,39,19,28,12,12,0,False
rule,greedy,5,greedy,rule,second,28,9,0,27,1,0,0.000000,14,9,12,9,6,37,16,32,10,8,0,False
rule,greedy,6,rule,greedy,first,72,8,0,24,48,0,0.000000,11,15,9,8,7,39,24,36,10,7,0,False
rule,greedy,6,greedy,rule,second,33,11,1,33,0,0,0.000000,15,9,6,11,9,34,20,36,16,9,0,False
rule,greedy,7,rule,greedy,first,81,11,0,33,48,0,0.000000,13,7,10,11,9,42,13,32,12,12,0,False
rule,greedy,7,greedy,rule,second,24,8,0,24,0,0,0.000000,15,14,6,8,7,42,17,27,9,13,0,False
rule,greedy,8,rule,greedy,first,0,0,0,0,0,50,1.000000,0,0,0,0,0,0,0,0,50,0,100,True
rule,greedy,8,greedy,rule,second,0,0,0,0,0,50,1.000000,0,0,0,0,0,0,0,0,50,0,100,True
rule,greedy,9,rule,greedy,first,77,9,0,27,50,0,0.000000,16,11,8,9,6,47,13,22,11,7,0,False
rule,greedy,9,greedy,rule,second,30,10,0,30,0,0,0.000000,12,11,8,10,9,45,15,25,13,11,0,False
rule,greedy,10,rule,greedy,first,88,13,0,39,49,0,0.000000,14,10,5,13,8,33,17,27,15,23,0,False
rule,greedy,10,greedy,rule,second,21,7,0,21,0,0,0.000000,14,12,10,7,7,38,20,29,11,22,0,False
rule,greedy,11,rule,greedy,first,74,11,0,33,41,0,0.000000,16,10,6,11,7,42,14,26,12,10,0,False
rule,greedy,11,greedy,rule,second,30,7,0,21,9,0,0.000000,12,12,10,7,9,42,20,28,7,11,0,False
rule,greedy,12,rule,greedy,first,70,10,1,30,40,0,0.000000,15,12,6,10,7,33,21,41,13,9,0,False
rule,greedy,12,greedy,rule,second,39,10,1,30,9,0,0.000000,13,10,8,10,9,30,15,40,12,12,0,False
rule,greedy,13,rule,greedy,first,87,13,0,39,48,0,0.000000,11,9,7,13,10,36,15,34,16,16,0,False
rule,greedy,13,greedy,rule,second,18,6,0,18,0,0,0.000000,17,12,9,6,6,36,16,33,8,12,0,False
rule,greedy,14,rule,greedy,first,71,9,1,27,44,0,0.000000,18,12,5,9,6,37,14,28,12,16,0,False
rule,greedy,14,greedy,rule,second,33,10,2,30,3,0,0.000000,8,11,12,10,9,38,15,31,13,17,0,False
rule,greedy,15,rule,greedy,first,77,10,0,30,47,0,0.000000,14,10,8,10,8,36,14,39,12,8,0,False
rule,greedy,15,greedy,rule,second,31,9,0,27,4,0,0.000000,12,13,8,9,8,39,15,40,11,10,0,False
rule,greedy,16,rule,greedy,first,79,10,0,30,49,0,0.000000,18,8,5,10,9,38,14,31,10,13,0,False
rule,greedy,16,greedy,rule,second,27,9,0,27,0,0,0.000000,9,16,12,9,4,38,18,31,11,11,0,False
rule,greedy,17,rule,greedy,first,8,2,0,6,2,44,0.880000,2,0,2,2,0,2,0,3,50,50,88,True
rule,greedy,17,greedy,rule,second,7,2,0,6,1,44,0.880000,2,1,1,2,0,2,1,1,50,50,88,True
rule,greedy,18,rule,greedy,first,73,8,1,24,49,0,0.000000,11,10,10,8,11,37,15,37,10,13,0,False
rule,greedy,18,greedy,rule,second,33,11,0,33,0,0,0.000000,15,12,7,11,5,38,15,35,14,6,0,False
rule,greedy,19,rule,greedy,first,82,13,0,39,43,0,0.000000,14,10,6,13,7,41,23,32,15,8,0,False
rule,greedy,19,greedy,rule,second,19,4,0,12,7,0,0.000000,13,13,11,4,9,42,24,35,8,10,0,False
rule,greedy,20,rule,greedy,first,83,12,0,36,47,0,0.000000,13,9,8,12,8,37,19,40,14,11,0,False
rule,greedy,20,greedy,rule,second,15,5,1,15,0,0,0.000000,14,13,10,5,8,39,20,38,8,11,0,False
rule,greedy,21,rule,greedy,first,66,7,1,21,45,0,0.000000,15,9,9,7,10,33,22,28,10,13,0,False
rule,greedy,21,greedy,rule,second,39,12,0,36,3,0,0.000000,11,12,9,12,6,36,23,28,14,8,0,False
rule,greedy,22,rule,greedy,first,85,12,0,36,49,0,0.000000,14,8,9,12,7,32,17,37,13,11,0,False
rule,greedy,22,greedy,rule,second,26,8,0,24,2,0,0.000000,11,13,9,8,9,34,22,36,12,10,0,False
rule,greedy,23,rule,greedy,first,76,11,1,33,43,0,0.000000,13,12,7,11,7,38,17,34,13,11,0,False
rule,greedy,23,greedy,rule,second,34,9,2,27,7,0,0.000000,16,9,7,9,9,39,13,34,14,12,0,False
rule,greedy,24,rule,greedy,first,69,9,0,27,42,0,0.000000,16,11,7,9,7,39,24,24,10,13,0,False
rule,greedy,24,greedy,rule,second,35,10,1,30,5,0,0.000000,10,9,12,10,9,38,19,28,11,16,0,False
rule,greedy,25,rule,greedy,first,89,13,0,39,50,0,0.000000,15,9,3,13,10,39,11,41,13,18,0,False
rule,greedy,25,greedy,rule,second,19,6,0,18,1,0,0.000000,11,14,13,6,6,40,16,42,7,13,0,False
rule,greedy,26,rule,greedy,first,74,10,0,30,44,0,0.000000,13,11,7,10,9,41,19,28,11,12,0,False
rule,greedy,26,greedy,rule,second,35,9,0,27,8,0,0.000000,15,10,9,9,7,42,18,29,10,12,0,False
rule,greedy,27,rule,greedy,first,69,10,0,30,39,0,0.000000,16,10,10,10,4,41,22,32,14,8,0,False
rule,greedy,27,greedy,rule,second,40,10,2,30,10,0,0.000000,12,11,6,10,11,41,22,30,11,14,0,False
rule,greedy,28,rule,greedy,first,80,13,0,39,41,0,0.000000,16,8,6,13,7,29,18,42,14,9,0,False
rule,greedy,28,greedy,rule,second,29,7,1,21,8,0,0.000000,12,13,9,7,9,28,17,43,8,12,0,False
rule,greedy,29,rule,greedy,first,1,0,0,0,1,49,0.980000,0,1,0,0,0,1,1,0,50,0,98,True
rule,greedy,29,greedy,rule,second,0,0,0,0,0,49,0.980000,1,0,0,0,0,1,0,0,50,0,98,True
rule,mcts,0,rule,mcts,first,4,0,0,0,4,46,0.920000,1,1,2,0,0,4,1,3,47,0,92,True
rule,mcts,0,mcts,rule,second,0,0,0,0,0,46,0.920000,3,0,1,0,0,3,0,3,48,0,92,True
rule,mcts,1,rule,mcts,first,55,10,0,30,25,0,0.000000,18,9,8,10,5,39,27,29,14,11,0,False
rule,mcts,1,mcts,rule,second,50,7,1,21,29,0,0.000000,12,12,8,7,11,38,29,30,11,14,0,False
rule,mcts,2,rule,mcts,first,67,12,0,36,31,0,0.000000,11,13,9,12,5,40,17,24,24,13,0,False
rule,mcts,2,mcts,rule,second,43,7,1,21,22,0,0.000000,14,9,10,7,10,38,17,24,19,12,0,False
rule,mcts,3,rule,mcts,first,81,16,1,48,33,0,0.000000,11,9,8,16,6,30,28,32,18,17,0,False
rule,mcts,3,mcts,rule,second,27,2,0,6,21,0,0.000000,14,14,11,2,9,31,28,34,8,13,0,False
rule,mcts,4,rule,mcts,first,72,10,2,30,42,0,0.000000,17,10,6,10,7,33,27,24,14,16,0,False
rule,mcts,4,mcts,rule,second,35,8,0,24,11,0,0.000000,11,13,11,8,7,32,24,25,15,15,0,False
rule,mcts,5,rule,mcts,first,73,11,4,33,40,0,0.000000,13,8,9,11,9,41,19,23,13,19,0,False
rule,mcts,5,mcts,rule,second,28,4,1,12,16,0,0.000000,14,16,9,4,7,40,22,23,12,12,0,False
rule,mcts,6,rule,mcts,first,52,11,0,33,19,0,0.000000,16,9,9,11,5,37,23,30,17,10,0,False
rule,mcts,6,mcts,rule,second,58,8,0,24,34,0,0.000000,10,12,9,8,11,37,23,27,17,16,0,False
rule,mcts,7,rule,mcts,first,62,13,0,39,23,0,0.000000,12,10,11,13,4,42,22,20,18,7,0,False
rule,mcts,7,mcts,rule,second,46,6,2,18,28,0,0.000000,15,11,7,6,11,43,23,15,12,12,0,False
rule,mcts,8,rule,mcts,first,0,0,0,0,0,50,1.000000,0,0,0,0,0,0,0,0,50,0,100,True
rule,mcts,8,mcts,rule,second,0,0,0,0,0,50,1.000000,0,0,0,0,0,0,0,0,50,0,100,True
rule,mcts,9,rule,mcts,first,66,10,2,30,36,0,0.000000,19,7,6,10,8,40,24,23,20,16,0,False
rule,mcts,9,mcts,rule,second,43,8,1,24,19,0,0.000000,10,13,11,8,8,33,28,27,19,11,0,False
rule,mcts,10,rule,mcts,first,56,10,0,30,26,0,0.000000,14,11,5,10,10,40,29,19,12,14,0,False
rule,mcts,10,mcts,rule,second,53,8,1,24,29,0,0.000000,11,11,14,8,6,40,28,22,11,11,0,False
rule,mcts,11,rule,mcts,first,61,12,2,36,25,0,0.000000,15,8,7,12,8,35,25,24,14,13,0,False
rule,mcts,11,mcts,rule,second,51,7,1,21,30,0,0.000000,14,14,9,7,6,38,23,24,10,12,0,False
rule,mcts,12,rule,mcts,first,45,8,2,24,21,0,0.000000,19,7,9,8,7,35,27,26,18,12,0,False
rule,mcts,12,mcts,rule,second,64,11,0,33,31,0,0.000000,10,13,8,11,8,35,31,21,16,15,0,False
rule,mcts,13,rule,mcts,first,70,15,1,45,25,0,0.000000,11,10,9,15,5,40,18,32,24,15,0,False
rule,mcts,13,mcts,rule,second,40,5,1,15,25,0,0.000000,16,12,7,5,10,39,17,29,18,16,0,False
rule,mcts,14,rule,mcts,first,14,2,0,6,8,38,0.760000,4,2,3,2,1,9,4,5,42,5,76,True
rule,mcts,14,mcts,rule,second,4,0,0,0,4,38,0.760000,3,4,2,0,3,10,7,3,42,4,76,True
rule,mcts,15,rule,mcts,first,66,13,2,39,27,0,0.000000,13,9,8,13,7,33,34,24,20,9,0,False
rule,mcts,15,mcts,rule,second,46,6,0,18,28,0,0.000000,14,11,10,6,9,34,35,24,14,15,0,False
rule,mcts,16,rule,mcts,first,73,13,1,39,34,0,0.000000,14,8,8,13,7,39,21,37,14,10,0,False
rule,mcts,16,mcts,rule,second,38,6,0,18,20,0,0.000000,15,12,8,6,9,40,24,37,9,12,0,False
rule,mcts,17,rule,mcts,first,45,9,1,27,18,0,0.000000,13,11,11,9,6,40,17,20,14,17,0,False
rule,mcts,17,mcts,rule,second,64,10,2,30,34,0,0.000000,15,11,6,10,8,41,17,17,18,17,0,False
rule,mcts,18,rule,mcts,first,71,12,3,36,35,0,0.000000,16,9,6,12,7,39,17,33,18,14,0,False
rule,mcts,18,mcts,rule,second,38,6,0,18,20,0,0.000000,11,14,12,6,7,38,21,34,16,11,0,False
rule,mcts,19,rule,mcts,first,2,0,0,0,2,47,0.940000,2,0,1,0,0,2,0,1,50,0,94,True
rule,mcts,19,mcts,rule,second,0,0,0,0,0,47,0.940000,1,1,1,0,0,1,1,1,50,0,94,True
rule,mcts,20,rule,mcts,first,59,9,1,27,32,0,0.000000,16,10,8,9,7,41,25,25,11,10,0,False
rule,mcts,20,mcts,rule,second,44,7,0,21,23,0,0.000000,13,9,12,7,9,38,26,30,11,13,0,False
rule,mcts,21,rule,mcts,first,51,7,1,21,30,0,0.000000,17,10,8,7,8,40,20,29,10,10,0,False
rule,mcts,21,mcts,rule,second,60,12,2,36,24,0,0.000000,12,12,8,12,6,42,20,29,17,8,0,False
rule,mcts,22,rule,mcts,first,13,1,0,3,10,39,0.780000,2,3,3,1,2,3,3,4,49,2,78,True
rule,mcts,22,mcts,rule,second,4,1,0,3,1,39,0.780000,3,3,2,1,2,4,3,4,50,2,78,True
rule,mcts,23,rule,mcts,first,57,11,1,33,24,0,0.000000,14,8,9,11,8,40,31,28,13,13,0,False
rule,mcts,23,mcts,rule,second,55,8,2,24,31,0,0.000000,14,13,8,8,7,42,30,26,13,13,0,False
rule,mcts,24,rule,mcts,first,57,12,1,36,21,0,0.000000,13,8,10,12,7,40,20,21,13,16,0,False
rule,mcts,24,mcts,rule,second,50,7,3,21,29,0,0.000000,15,12,9,7,7,40,24,20,12,14,0,False
rule,mcts,25,rule,mcts,first,69,13,0,39,30,0,0.000000,17,5,6,13,9,40,18,28,17,16,0,False
rule,mcts,25,mcts,rule,second,37,4,0,12,25,0,0.000000,12,15,12,4,7,39,25,29,15,15,0,False
rule,mcts,26,rule,mcts,first,68,13,1,39,29,0,0.000000,16,8,4,13,9,44,17,31,16,12,0,False
rule,mcts,26,mcts,rule,second,46,7,0,21,25,0,0.000000,10,14,13,7,6,42,26,32,13,10,0,False
rule,mcts,27,rule,mcts,first,61,13,1,39,22,0,0.000000,16,9,6,13,6,43,19,27,17,13,0,False
rule,mcts,27,mcts,rule,second,52,7,0,21,31,0,0.000000,12,11,12,7,8,44,25,28,11,16,0,False
rule,mcts,28,rule,mcts,first,16,3,0,9,7,35,0.700000,4,3,4,3,1,12,6,4,41,3,71,True
rule,mcts,28,mcts,rule,second,15,2,1,6,9,36,0.720000,4,4,1,2,3,13,4,2,40,4,71,True
rule,mcts,29,rule,mcts,first,1,0,0,0,1,49,0.980000,0,1,0,0,0,1,1,0,50,0,98,True
rule,mcts,29,mcts,rule,second,0,0,0,0,0,49,0.980000,1,0,0,0,0,1,0,0,50,0,98,True
rule,minimax,0,rule,minimax,first,36,4,0,12,24,0,0.000000,11,15,14,4,6,46,25,21,7,9,0,False
rule,minimax,0,minimax,rule,second,73,15,2,45,28,0,0.000000,16,5,5,15,9,45,16,16,15,14,0,False
rule,minimax,1,rule,minimax,first,50,8,0,24,26,0,0.000000,14,10,11,8,7,33,18,41,11,11,0,False
rule,minimax,1,minimax,rule,second,59,10,2,30,29,0,0.000000,16,13,3,10,8,31,21,43,14,16,0,False
rule,minimax,2,rule,minimax,first,59,6,0,18,41,0,0.000000,15,11,6,6,12,32,22,36,9,12,0,False
rule,minimax,2,minimax,rule,second,52,14,0,42,10,0,0.000000,13,10,9,14,4,32,19,36,17,5,0,False
rule,minimax,3,rule,minimax,first,60,13,2,39,21,0,0.000000,13,9,10,13,5,31,21,42,18,11,0,False
rule,minimax,3,minimax,rule,second,49,6,1,18,31,0,0.000000,17,14,3,6,10,34,21,42,13,12,0,False
rule,minimax,4,rule,minimax,first,51,8,0,24,27,0,0.000000,14,11,9,8,8,36,19,47,8,8,0,False
rule,minimax,4,minimax,rule,second,61,11,1,33,28,0,0.000000,15,12,5,11,7,35,19,46,11,8,0,False
rule,minimax,5,rule,minimax,first,84,14,1,42,42,0,0.000000,12,9,7,14,8,32,27,28,20,11,0,False
rule,minimax,5,minimax,rule,second,28,5,0,15,13,0,0.000000,18,11,9,5,7,35,26,29,15,9,0,False
rule,minimax,6,rule,minimax,first,45,8,0,24,21,0,0.000000,9,12,14,8,7,40,34,26,9,8,0,False
rule,minimax,6,minimax,rule,second,61,10,1,30,31,0,0.000000,19,10,3,10,8,40,31,21,12,11,0,False
rule,minimax,7,rule,minimax,first,61,11,0,33,28,0,0.000000,13,10,8,11,8,34,27,35,12,8,0,False
rule,minimax,7,minimax,rule,second,51,8,0,24,27,0,0.000000,12,12,10,8,8,36,27,35,9,9,0,False
rule,minimax,8,rule,minimax,first,0,0,0,0,0,50,1.000000,0,0,0,0,0,0,0,0,50,0,100,True
rule,minimax,8,minimax,rule,second,0,0,0,0,0,50,1.000000,0,0,0,0,0,0,0,0,50,0,100,True
rule,minimax,9,rule,minimax,first,53,7,0,21,32,0,0.000000,13,14,10,7,6,32,31,36,8,8,0,False
rule,minimax,9,minimax,rule,second,54,11,1,33,21,0,0.000000,14,10,5,11,10,30,26,36,13,13,0,False
rule,minimax,10,rule,minimax,first,59,11,0,33,26,0,0.000000,15,13,7,11,4,29,24,40,13,7,0,False
rule,minimax,10,minimax,rule,second,50,7,1,21,29,0,0.000000,16,10,6,7,11,30,21,39,9,14,0,False
rule,minimax,11,rule,minimax,first,70,11,1,33,37,0,0.000000,11,12,9,11,7,35,23,33,12,10,0,False
rule,minimax,11,minimax,rule,second,36,7,0,21,15,0,0.000000,18,12,6,7,7,37,25,35,7,9,0,False
rule,minimax,12,rule,minimax,first,56,8,1,24,32,0,0.000000,12,13,10,8,7,45,31,21,10,11,0,False
rule,minimax,12,minimax,rule,second,55,12,0,36,19,0,0.000000,14,11,5,12,8,46,26,22,13,11,0,False
rule,minimax,13,rule,minimax,first,66,9,1,27,39,0,0.000000,10,11,10,9,10,26,18,39,12,15,0,False
rule,minimax,13,minimax,rule,second,42,10,0,30,12,0,0.000000,16,10,8,10,6,25,18,36,12,12,0,False
rule,minimax,14,rule,minimax,first,60,7,0,21,39,0,0.000000,9,15,9,7,10,34,19,43,10,15,0,False
rule,minimax,14,minimax,rule,second,48,12,2,36,12,0,0.000000,18,9,6,12,5,36,20,42,13,10,0,False
rule,minimax,15,rule,minimax,first,67,10,1,30,37,0,0.000000,6,16,11,10,7,35,19,35,12,12,0,False
rule,minimax,15,minimax,rule,second,44,9,1,27,17,0,0.000000,22,6,5,9,8,42,17,33,10,12,0,False
rule,minimax,16,rule,minimax,first,62,9,0,27,35,0,0.000000,14,13,7,9,7,32,18,37,10,10,0,False
rule,minimax,16,minimax,rule,second,46,10,0,30,16,0,0.000000,15,9,8,10,8,29,17,37,10,13,0,False
rule,minimax,17,rule,minimax,first,39,6,3,18,21,0,0.000000,14,13,9,6,8,32,24,41,9,14,0,False
rule,minimax,17,minimax,rule,second,72,13,0,39,33,0,0.000000,14,9,7,13,7,31,23,38,15,10,0,False
rule,minimax,18,rule,minimax,first,58,5,0,15,43,0,0.000000,13,8,13,5,11,41,19,32,9,14,0,False
rule,minimax,18,minimax,rule,second,51,14,0,42,9,0,0.000000,14,14,4,14,4,41,24,27,17,6,0,False
rule,minimax,19,rule,minimax,first,63,10,1,30,33,0,0.000000,14,10,8,10,8,33,20,34,19,12,0,False
rule,minimax,19,minimax,rule,second,42,8,1,24,18,0,0.000000,12,13,9,8,8,30,23,34,14,10,0,False
rule,minimax,20,rule,minimax,first,49,10,0,30,19,0,0.000000,15,13,5,10,7,21,29,42,12,8,0,False
rule,minimax,20,minimax,rule,second,56,8,0,24,32,0,0.000000,14,11,8,8,9,22,23,42,10,10,0,False
rule,minimax,21,rule,minimax,first,66,7,0,21,45,0,0.000000,12,12,7,7,12,33,23,36,10,14,0,False
rule,minimax,21,minimax,rule,second,43,13,1,39,4,0,0.000000,15,9,10,13,3,33,20,38,15,5,0,False
rule,minimax,22,rule,minimax,first,59,9,1,27,32,0,0.000000,13,10,10,9,8,27,28,35,13,8,0,False
rule,minimax,22,minimax,rule,second,51,9,1,27,24,0,0.000000,16,12,5,9,8,29,32,34,14,8,0,False
rule,minimax,23,rule,minimax,first,53,8,0,24,29,0,0.000000,11,13,11,8,7,34,22,32,13,16,0,False
rule,minimax,23,minimax,rule,second,53,11,1,33,20,0,0.000000,17,8,5,11,9,35,15,29,16,17,0,False
rule,minimax,24,rule,minimax,first,54,9,0,27,27,0,0.000000,14,11,10,9,6,32,27,33,9,14,0,False
rule,minimax,24,minimax,rule,second,49,9,1,27,22,0,0.000000,15,11,6,9,9,30,27,31,10,16,0,False
rule,minimax,25,rule,minimax,first,73,10,1,30,43,0,0.000000,13,11,7,10,9,38,23,38,10,11,0,False
rule,minimax,25,minimax,rule,second,38,9,0,27,11,0,0.000000,17,9,8,9,7,34,23,39,10,8,0,False
rule,minimax,26,rule,minimax,first,63,10,1,30,33,0,0.000000,11,10,13,10,6,25,27,41,14,9,0,False
rule,minimax,26,minimax,rule,second,52,10,0,30,22,0,0.000000,16,11,5,10,8,26,29,37,14,11,0,False
rule,minimax,27,rule,minimax,first,66,13,1,39,27,0,0.000000,12,7,10,13,8,24,21,44,15,9,0,False
rule,minimax,27,minimax,rule,second,47,7,0,21,26,0,0.000000,16,15,4,7,8,29,25,44,8,10,0,False
rule,minimax,28,rule,minimax,first,72,13,0,39,33,0,0.000000,12,11,7,13,7,34,23,37,14,10,0,False
rule,minimax,28,minimax,rule,second,41,7,0,21,20,0,0.000000,17,10,7,7,9,37,22,36,8,11,0,False
rule,minimax,29,rule,minimax,first,1,0,0,0,1,49,0.980000,0,1,0,0,0,1,1,0,50,0,98,True
rule,minimax,29,minimax,rule,second,0,0,0,0,0,49,0.980000,1,0,0,0,0,1,0,0,50,0,98,True
rule,random,0,rule,random,first,99,17,6,51,48,0,0.000000,11,9,5,17,8,40,21,21,25,15,0,False
rule,random,0,random,rule,second,11,3,0,9,2,0,0.000000,17,11,14,3,5,36,22,23,18,17,0,False
rule,random,1,rule,random,first,96,18,1,54,42,0,0.000000,14,7,6,18,5,36,20,21,22,22,0,False
rule,random,1,random,rule,second,11,1,0,3,8,0,0.000000,14,14,12,1,9,35,27,21,13,25,0,False
rule,random,2,rule,random,first,26,4,0,12,14,35,0.700000,4,2,3,4,2,10,8,7,42,6,70,True
rule,random,2,random,rule,second,3,1,0,3,0,35,0.700000,4,5,3,1,2,7,7,6,40,7,70,True
rule,random,3,rule,random,first,95,17,1,51,44,0,0.000000,15,11,1,17,6,34,24,29,20,24,0,False
rule,random,3,random,rule,second,6,1,0,3,3,0,0.000000,12,12,16,1,9,35,24,34,9,24,0,False
rule,random,4,rule,random,first,104,19,2,57,47,0,0.000000,10,9,4,19,8,24,29,22,20,26,0,False
rule,random,4,random,rule,second,7,1,0,3,4,0,0.000000,16,13,15,1,5,29,30,22,14,26,0,False
rule,random,5,rule,random,first,96,16,1,48,48,0,0.000000,16,9,4,16,5,37,19,22,18,22,0,False
rule,random,5,random,rule,second,5,1,0,3,2,0,0.000000,11,12,16,1,10,31,21,27,14,22,0,False
rule,random,6,rule,random,first,11,2,0,6,5,43,0.860000,2,2,1,2,0,4,3,1,50,3,87,True
rule,random,6,random,rule,second,1,0,0,0,1,44,0.880000,2,1,2,0,1,2,1,2,50,4,87,True
rule,random,7,rule,random,first,103,20,2,60,43,0,0.000000,12,8,5,20,5,38,21,18,23,21,0,False
rule,random,7,random,rule,second,6,0,0,0,6,0,0.000000,14,14,14,0,8,40,26,22,13,24,0,False
rule,random,8,rule,random,first,0,0,0,0,0,50,1.000000,0,0,0,0,0,0,0,0,50,0,100,True
rule,random,8,random,rule,second,0,0,0,0,0,50,1.000000,0,0,0,0,0,0,0,0,50,0,100,True
rule,random,9,rule,random,first,103,18,5,54,49,0,0.000000,12,10,4,18,6,40,17,22,25,20,0,False
rule,random,9,random,rule,second,2,0,0,0,2,0,0.000000,19,12,14,0,5,36,19,27,18,20,0,False
rule,random,10,rule,random,first,98,18,2,54,44,0,0.000000,12,8,4,18,8,31,20,25,23,24,0,False
rule,random,10,random,rule,second,10,1,0,3,7,0,0.000000,16,14,12,1,7,31,21,27,19,25,0,False
rule,random,11,rule,random,first,95,16,3,48,47,0,0.000000,12,12,4,16,6,33,21,21,22,19,0,False
rule,random,11,random,rule,second,9,2,0,6,3,0,0.000000,16,11,14,2,7,36,22,24,18,19,0,False
rule,random,12,rule,random,first,94,15,4,45,49,0,0.000000,13,9,3,15,10,30,23,17,21,29,0,False
rule,random,12,random,rule,second,0,0,0,0,0,0,0.000000,18,13,15,0,4,36,20,23,15,28,0,False
rule,random,13,rule,random,first,22,4,0,12,10,36,0.720000,3,5,1,4,1,7,9,4,45,5,72,True
rule,random,13,random,rule,second,2,0,0,0,2,36,0.720000,6,1,4,0,3,7,8,5,45,6,72,True
rule,random,14,rule,random,first,93,17,0,51,42,0,0.000000,13,6,6,17,8,36,26,24,17,20,0,False
rule,random,14,random,rule,second,8,1,0,3,5,0,0.000000,15,16,11,1,7,37,27,24,13,17,0,False
rule,random,15,rule,random,first,103,18,6,54,49,0,0.000000,11,10,2,18,9,36,26,14,25,18,0,False
rule,random,15,random,rule,second,1,0,0,0,1,0,0.000000,16,11,17,0,6,39,27,23,17,17,0,False
rule,random,16,rule,random,first,102,18,3,54,48,0,0.000000,12,12,2,18,6,34,20,18,23,25,0,False
rule,random,16,random,rule,second,2,0,0,0,2,0,0.000000,16,8,17,0,9,33,18,25,15,25,0,False
rule,random,17,rule,random,first,93,17,0,51,42,0,0.000000,11,12,4,17,6,32,22,15,29,23,0,False
rule,random,17,random,rule,second,8,1,0,3,5,0,0.000000,16,11,13,1,9,34,20,19,26,20,0,False
rule,random,18,rule,random,first,97,16,3,48,49,0,0.000000,15,10,3,16,6,35,24,26,20,15,0,False
rule,random,18,random,rule,second,7,2,0,6,1,0,0.000000,12,12,16,2,8,37,23,30,17,15,0,False
rule,random,19,rule,random,first,94,16,1,48,46,0,0.000000,15,8,3,16,8,31,25,19,25,24,0,False
rule,random,19,random,rule,second,7,1,0,3,4,0,0.000000,14,16,15,1,4,26,26,24,19,23,0,False
rule,random,20,rule,random,first,93,18,3,54,39,0,0.000000,16,10,5,18,1,39,14,17,25,20,0,False
rule,random,20,random,rule,second,8,0,0,0,8,0,0.000000,14,12,12,0,12,40,18,19,18,24,0,False
rule,random,21,rule,random,first,100,17,4,51,49,0,0.000000,14,9,2,17,8,34,21,23,24,26,0,False
rule,random,21,random,rule,second,4,1,0,3,1,0,0.000000,13,13,17,1,6,31,19,28,16,26,0,False
rule,random,22,rule,random,first,93,17,1,51,42,0,0.000000,17,7,5,17,4,32,26,24,22,20,0,False
rule,random,22,random,rule,second,8,0,0,0,8,0,0.000000,8,16,14,0,12,28,30,27,13,20,0,False
rule,random,23,rule,random,first,1,0,0,0,1,48,0.960000,0,1,0,0,1,0,1,1,49,2,97,True
rule,random,23,random,rule,second,0,0,0,0,0,49,0.980000,0,0,1,0,0,0,0,1,50,1,97,True
rule,random,24,rule,random,first,89,17,1,51,38,0,0.000000,13,9,5,17,6,37,26,21,19,24,0,False
rule,random,24,random,rule,second,12,1,0,3,9,0,0.000000,13,14,15,1,7,39,26,26,11,26,0,False
rule,random,25,rule,random,first,96,16,0,48,48,0,0.000000,15,7,4,16,8,38,16,23,24,23,0,False
rule,random,25,random,rule,second,13,3,0,9,4,0,0.000000,12,15,14,3,6,39,20,25,21,21,0,False
rule,random,26,rule,random,first,103,19,2,57,46,0,0.000000,15,6,4,19,6,33,15,24,24,29,0,False
rule,random,26,random,rule,second,5,0,0,0,5,0,0.000000,11,14,16,0,9,30,23,27,14,30,0,False
rule,random,27,rule,random,first,96,16,0,48,48,0,0.000000,13,6,7,16,8,32,18,17,23,29,0,False
rule,random,27,random,rule,second,5,1,0,3,2,0,0.000000,13,17,12,1,7,31,25,20,16,30,0,False
rule,random,28,rule,random,first,95,16,1,48,47,0,0.000000,15,10,1,16,8,31,27,23,19,28,0,False
rule,random,28,random,rule,second,5,0,0,0,5,0,0.000000,13,13,18,0,6,29,26,25,13,26,0,False
rule,random,29,rule,random,first,1,0,0,0,1,49,0.980000,0,1,0,0,0,1,1,0,50,0,98,True
rule,random,29,random,rule,second,0,0,0,0,0,49,0.980000,1,0,0,0,0,1,0,0,50,0,98,True
rule,rule,0,rule,rule,first,51,7,0,21,30,0,0.000000,11,15,9,7,8,42,24,32,7,12,0,False
rule,rule,0,rule,rule,second,65,13,2,39,26,0,0.000000,16,7,7,13,7,41,15,31,13,10,0,False
rule,rule,1,rule,rule,first,72,14,0,42,30,0,0.000000,10,11,7,14,8,43,24,15,15,11,0,False
rule,rule,1,rule,rule,second,44,6,0,18,26,0,0.000000,17,9,11,6,7,46,26,18,8,11,0,False
rule,rule,2,rule,rule,first,59,10,0,30,29,0,0.000000,11,12,8,10,9,39,25,38,12,10,0,False
rule,rule,2,rule,rule,second,56,10,0,30,26,0,0.000000,15,10,8,10,7,40,23,37,11,9,0,False
rule,rule,3,rule,rule,first,64,12,2,36,28,0,0.000000,9,15,6,12,8,40,24,26,15,12,0,False
rule,rule,3,rule,rule,second,47,7,0,21,26,0,0.000000,16,8,11,7,8,39,22,32,8,11,0,False
rule,rule,4,rule,rule,first,55,8,0,24,31,0,0.000000,16,13,7,8,6,46,19,16,8,8,0,False
rule,rule,4,rule,rule,second,58,11,0,33,25,0,0.000000,9,10,11,11,9,46,16,16,11,10,0,False
rule,rule,5,rule,rule,first,69,11,0,33,36,0,0.000000,16,12,4,11,7,42,21,29,11,12,0,False
rule,rule,5,rule,rule,second,45,8,0,24,21,0,0.000000,12,11,11,8,8,42,21,32,9,9,0,False
rule,rule,6,rule,rule,first,40,9,0,27,13,0,0.000000,18,7,10,9,6,42,27,36,10,7,0,False
rule,rule,6,rule,rule,second,69,9,1,27,42,0,0.000000,10,16,6,9,9,42,30,31,12,11,0,False
rule,rule,7,rule,rule,first,67,12,0,36,31,0,0.000000,16,9,6,12,7,50,14,23,13,8,0,False
rule,rule,7,rule,rule,second,47,7,0,21,26,0,0.000000,11,12,11,7,9,50,16,27,10,11,0,False
rule,rule,8,rule,rule,first,0,0,0,0,0,50,1.000000,0,0,0,0,0,0,0,0,50,0,100,True
rule,rule,8,rule,rule,second,0,0,0,0,0,50,1.000000,0,0,0,0,0,0,0,0,50,0,100,True
rule,rule,9,rule,rule,first,35,7,0,21,14,0,0.000000,14,15,10,7,4,28,18,40,8,5,0,False
rule,rule,9,rule,rule,second,74,11,0,33,41,0,0.000000,15,9,3,11,12,27,14,41,13,12,0,False
rule,rule,10,rule,rule,first,51,12,0,36,15,0,0.000000,9,15,7,12,7,44,21,27,12,8,0,False
rule,rule,10,rule,rule,second,61,7,0,21,40,0,0.000000,16,9,9,7,9,44,18,30,9,10,0,False
rule,rule,11,rule,rule,first,55,10,0,30,25,0,0.000000,11,14,7,10,8,40,20,37,10,10,0,False
rule,rule,11,rule,rule,second,57,9,0,27,30,0,0.000000,16,8,10,9,7,41,16,38,9,10,0,False
rule,rule,12,rule,rule,first,49,9,1,27,22,0,0.000000,16,11,6,9,8,34,33,34,11,11,0,False
rule,rule,12,rule,rule,second,66,11,0,33,33,0,0.000000,11,12,9,11,7,34,31,30,13,12,0,False
rule,rule,13,rule,rule,first,64,10,0,30,34,0,0.000000,15,10,7,10,8,32,23,39,12,13,0,False
rule,rule,13,rule,rule,second,48,9,1,27,21,0,0.000000,13,12,9,9,7,35,23,42,13,10,0,False
rule,rule,14,rule,rule,first,64,10,1,30,34,0,0.000000,15,10,7,10,8,39,27,25,10,12,0,False
rule,rule,14,rule,rule,second,50,9,1,27,23,0,0.000000,13,11,9,9,8,39,29,25,9,11,0,False
rule,rule,15,rule,rule,first,64,12,0,36,28,0,0.000000,10,9,10,12,9,34,19,29,13,12,0,False
rule,rule,15,rule,rule,second,50,8,0,24,26,0,0.000000,17,12,7,8,6,37,22,30,9,10,0,False
rule,rule,16,rule,rule,first,55,9,0,27,28,0,0.000000,17,8,10,9,6,44,21,28,9,8,0,False
rule,rule,16,rule,rule,second,54,9,0,27,27,0,0.000000,9,13,9,9,10,39,24,29,9,13,0,False
rule,rule,17,rule,rule,first,54,10,0,30,24,0,0.000000,11,11,10,10,8,37,23,23,14,15,0,False
rule,rule,17,rule,rule,second,56,9,0,27,29,0,0.000000,15,11,7,9,8,36,25,22,13,15,0,False
rule,rule,18,rule,rule,first,51,8,0,24,27,0,0.000000,19,10,7,8,6,40,20,37,9,10,0,False
rule,rule,18,rule,rule,second,62,11,0,33,29,0,0.000000,8,13,9,11,9,37,22,36,13,10,0,False
rule,rule,19,rule,rule,first,67,12,1,36,31,0,0.000000,11,8,9,12,10,49,12,12,16,11,0,False
rule,rule,19,rule,rule,second,42,6,0,18,24,0,0.000000,12,15,11,6,6,49,17,14,10,7,0,False
rule,rule,20,rule,rule,first,62,11,0,33,29,0,0.000000,13,10,9,11,7,41,23,23,12,7,0,False
rule,rule,20,rule,rule,second,49,8,0,24,25,0,0.000000,13,11,9,8,9,41,23,21,9,9,0,False
rule,rule,21,rule,rule,first,48,7,0,21,27,0,0.000000,15,14,6,7,8,34,28,33,9,11,0,False
rule,rule,21,rule,rule,second,65,12,0,36,29,0,0.000000,11,9,10,12,8,34,27,37,14,8,0,False
rule,rule,22,rule,rule,first,59,8,0,24,35,0,0.000000,15,10,8,8,9,43,24,35,8,10,0,False
rule,rule,22,rule,rule,second,57,12,1,36,21,0,0.000000,10,14,7,12,7,43,25,32,14,7,0,False
rule,rule,23,rule,rule,first,54,8,1,24,30,0,0.000000,15,10,9,8,8,40,24,36,10,10,0,False
rule,rule,23,rule,rule,second,56,10,1,30,26,0,0.000000,13,11,8,10,8,39,21,35,13,11,0,False
rule,rule,24,rule,rule,first,64,12,0,36,28,0,0.000000,11,11,8,12,8,39,30,34,12,13,0,False
rule,rule,24,rule,rule,second,43,6,0,18,25,0,0.000000,15,11,10,6,8,36,30,35,8,13,0,False
rule,rule,25,rule,rule,first,72,10,0,30,42,0,0.000000,17,10,4,10,9,46,18,41,10,11,0,False
rule,rule,25,rule,rule,second,38,8,1,24,14,0,0.000000,11,12,12,8,7,46,18,42,8,7,0,False
rule,rule,26,rule,rule,first,54,9,0,27,27,0,0.000000,18,6,10,9,7,37,11,46,11,7,0,False
rule,rule,26,rule,rule,second,61,11,0,33,28,0,0.000000,11,16,3,11,9,33,19,45,12,10,0,False
rule,rule,27,rule,rule,first,62,12,0,36,26,0,0.000000,12,9,12,12,5,39,23,27,15,12,0,False
rule,rule,27,rule,rule,second,52,8,0,24,28,0,0.000000,15,12,5,8,10,38,28,24,9,16,0,False
rule,rule,28,rule,rule,first,57,13,0,39,18,0,0.000000,12,10,8,13,7,44,22,25,14,10,0,False
rule,rule,28,rule,rule,second,60,7,0,21,39,0,0.000000,13,12,9,7,9,45,24,25,8,12,0,False
rule,rule,29,rule,rule,first,58,10,0,30,28,0,0.000000,15,9,9,10,7,27,14,36,11,10,0,False
rule,rule,29,rule,rule,second,54,9,1,27,27,0,0.000000,14,13,5,9,9,30,17,33,12,11,0,False
